0 verbose cli /usr/local/bin/node /usr/local/bin/npm
1 info using npm@10.9.2
2 info using node@v22.16.0
3 silly config load:file:/usr/local/lib/node_modules/npm/npmrc
4 silly config load:file:/Users/davecarr/Desktop/Floral pos system/floravision/.npmrc
5 silly config load:file:/Users/davecarr/.npmrc
6 silly config load:file:/usr/local/etc/npmrc
7 verbose title npm install prisma @prisma/client
8 verbose argv "install" "prisma" "@prisma/client" "--cache" ".npm-cache"
9 verbose logfile logs-max:10 dir:/Users/davecarr/Desktop/Floral pos system/floravision/.npm-cache/_logs/2026-03-11T20_50_54_926Z-
10 verbose logfile /Users/davecarr/Desktop/Floral pos system/floravision/.npm-cache/_logs/2026-03-11T20_50_54_926Z-debug-0.log
11 silly logfile done cleaning log files
12 silly packumentCache heap:2197815296 maxSize:549453824 maxEntrySize:274726912
13 silly idealTree buildDeps
14 silly fetch manifest prisma@*
15 silly packumentCache full:https://registry.npmjs.org/prisma cache-miss
16 http fetch GET 200 https://registry.npmjs.org/prisma 972ms (cache miss)
17 silly packumentCache full:https://registry.npmjs.org/prisma set size:undefined disposed:false
18 silly fetch manifest better-sqlite3@>=9.0.0
19 silly packumentCache full:https://registry.npmjs.org/better-sqlite3 cache-miss
20 http fetch GET 200 https://registry.npmjs.org/better-sqlite3 90ms (cache miss)
21 silly packumentCache full:https://registry.npmjs.org/better-sqlite3 set size:undefined disposed:false
22 silly fetch manifest typescript@^5
23 silly packumentCache full:https://registry.npmjs.org/typescript cache-miss
24 http cache https://registry.npmjs.org/typescript 25ms (cache hit)
25 silly packumentCache full:https://registry.npmjs.org/typescript set size:15343725 disposed:false
26 silly fetch manifest @prisma/client@*
27 silly packumentCache full:https://registry.npmjs.org/@prisma%2fclient cache-miss
28 http fetch GET 200 https://registry.npmjs.org/@prisma%2fclient 871ms (cache miss)
29 silly packumentCache full:https://registry.npmjs.org/@prisma%2fclient set size:undefined disposed:false
30 silly placeDep ROOT @prisma/client@7.5.0 OK for: floravision@0.1.0 want: *
31 silly placeDep ROOT prisma@7.5.0 OK for: floravision@0.1.0 want: *
32 silly fetch manifest @prisma/client-runtime-utils@7.5.0
33 silly packumentCache full:https://registry.npmjs.org/@prisma%2fclient-runtime-utils cache-miss
34 silly fetch manifest @prisma/dev@0.20.0
35 silly packumentCache full:https://registry.npmjs.org/@prisma%2fdev cache-miss
36 silly fetch manifest @prisma/studio-core@0.21.1
37 silly packumentCache full:https://registry.npmjs.org/@prisma%2fstudio-core cache-miss
38 silly fetch manifest mysql2@3.15.3
39 silly packumentCache full:https://registry.npmjs.org/mysql2 cache-miss
40 silly fetch manifest postgres@3.4.7
41 silly packumentCache full:https://registry.npmjs.org/postgres cache-miss
42 silly fetch manifest @prisma/config@7.5.0
43 silly packumentCache full:https://registry.npmjs.org/@prisma%2fconfig cache-miss
44 silly fetch manifest @prisma/engines@7.5.0
45 silly packumentCache full:https://registry.npmjs.org/@prisma%2fengines cache-miss
46 http fetch GET 200 https://registry.npmjs.org/@prisma%2fclient-runtime-utils 84ms (cache miss)
47 silly packumentCache full:https://registry.npmjs.org/@prisma%2fclient-runtime-utils set size:undefined disposed:false
48 http fetch GET 200 https://registry.npmjs.org/postgres 165ms (cache miss)
49 silly packumentCache full:https://registry.npmjs.org/postgres set size:undefined disposed:false
50 http fetch GET 200 https://registry.npmjs.org/mysql2 176ms (cache miss)
51 silly packumentCache full:https://registry.npmjs.org/mysql2 set size:undefined disposed:false
52 http fetch GET 200 https://registry.npmjs.org/@prisma%2fdev 256ms (cache miss)
53 silly packumentCache full:https://registry.npmjs.org/@prisma%2fdev set size:undefined disposed:false
54 http fetch GET 200 https://registry.npmjs.org/@prisma%2fstudio-core 269ms (cache miss)
55 silly packumentCache full:https://registry.npmjs.org/@prisma%2fstudio-core set size:undefined disposed:false
56 http fetch GET 200 https://registry.npmjs.org/@prisma%2fconfig 293ms (cache miss)
57 silly packumentCache full:https://registry.npmjs.org/@prisma%2fconfig set size:undefined disposed:false
58 http fetch GET 200 https://registry.npmjs.org/@prisma%2fengines 717ms (cache miss)
59 silly packumentCache full:https://registry.npmjs.org/@prisma%2fengines set size:undefined disposed:false
60 silly placeDep ROOT @prisma/client-runtime-utils@7.5.0 OK for: @prisma/client@7.5.0 want: 7.5.0
61 silly fetch manifest @types/react@^18.0.0 || ^19.0.0
62 silly packumentCache full:https://registry.npmjs.org/@types%2freact cache-miss
63 http cache https://registry.npmjs.org/@types%2freact 5ms (cache hit)
64 silly packumentCache full:https://registry.npmjs.org/@types%2freact set size:2588986 disposed:false
65 silly fetch manifest react@^18.0.0 || ^19.0.0
66 silly packumentCache full:https://registry.npmjs.org/react cache-miss
67 http cache https://registry.npmjs.org/react 10ms (cache hit)
68 silly packumentCache full:https://registry.npmjs.org/react set size:6535664 disposed:false
69 silly fetch manifest react-dom@^18.0.0 || ^19.0.0
70 silly packumentCache full:https://registry.npmjs.org/react-dom cache-miss
71 http cache https://registry.npmjs.org/react-dom 14ms (cache hit)
72 silly packumentCache full:https://registry.npmjs.org/react-dom set size:8671691 disposed:false
73 silly placeDep ROOT @prisma/config@7.5.0 OK for: prisma@7.5.0 want: 7.5.0
74 silly placeDep ROOT @prisma/dev@0.20.0 OK for: prisma@7.5.0 want: 0.20.0
75 silly placeDep ROOT @prisma/engines@7.5.0 OK for: prisma@7.5.0 want: 7.5.0
76 silly placeDep ROOT @prisma/studio-core@0.21.1 OK for: prisma@7.5.0 want: 0.21.1
77 silly placeDep ROOT mysql2@3.15.3 OK for: prisma@7.5.0 want: 3.15.3
78 silly placeDep ROOT postgres@3.4.7 OK for: prisma@7.5.0 want: 3.4.7
79 silly fetch manifest c12@3.1.0
80 silly packumentCache full:https://registry.npmjs.org/c12 cache-miss
81 silly fetch manifest deepmerge-ts@7.1.5
82 silly packumentCache full:https://registry.npmjs.org/deepmerge-ts cache-miss
83 silly fetch manifest effect@3.18.4
84 silly packumentCache full:https://registry.npmjs.org/effect cache-miss
85 silly fetch manifest empathic@2.0.0
86 silly packumentCache full:https://registry.npmjs.org/empathic cache-miss
87 silly fetch manifest hono@4.11.4
88 silly packumentCache full:https://registry.npmjs.org/hono cache-miss
89 silly fetch manifest pathe@2.0.3
90 silly packumentCache full:https://registry.npmjs.org/pathe cache-miss
91 silly fetch manifest remeda@2.33.4
92 silly packumentCache full:https://registry.npmjs.org/remeda cache-miss
93 http fetch GET 200 https://registry.npmjs.org/empathic 61ms (cache miss)
94 silly packumentCache full:https://registry.npmjs.org/empathic set size:undefined disposed:false
95 silly fetch manifest std-env@3.10.0
96 silly packumentCache full:https://registry.npmjs.org/std-env cache-miss
97 http fetch GET 200 https://registry.npmjs.org/deepmerge-ts 64ms (cache miss)
98 silly packumentCache full:https://registry.npmjs.org/deepmerge-ts set size:undefined disposed:false
99 silly fetch manifest valibot@1.2.0
100 silly packumentCache full:https://registry.npmjs.org/valibot cache-miss
101 http fetch GET 200 https://registry.npmjs.org/remeda 71ms (cache miss)
102 silly packumentCache full:https://registry.npmjs.org/remeda set size:undefined disposed:false
103 silly fetch manifest zeptomatch@2.1.0
104 silly packumentCache full:https://registry.npmjs.org/zeptomatch cache-miss
105 http fetch GET 200 https://registry.npmjs.org/c12 77ms (cache miss)
106 silly packumentCache full:https://registry.npmjs.org/c12 set size:undefined disposed:false
107 silly fetch manifest get-port-please@3.2.0
108 silly packumentCache full:https://registry.npmjs.org/get-port-please cache-miss
109 http fetch GET 200 https://registry.npmjs.org/pathe 79ms (cache miss)
110 silly packumentCache full:https://registry.npmjs.org/pathe set size:undefined disposed:false
111 silly fetch manifest proper-lockfile@4.1.2
112 silly packumentCache full:https://registry.npmjs.org/proper-lockfile cache-miss
113 http fetch GET 200 https://registry.npmjs.org/hono 107ms (cache miss)
114 silly packumentCache full:https://registry.npmjs.org/hono set size:undefined disposed:false
115 silly fetch manifest foreground-child@3.3.1
116 silly packumentCache full:https://registry.npmjs.org/foreground-child cache-miss
117 http fetch GET 200 https://registry.npmjs.org/zeptomatch 58ms (cache miss)
118 silly packumentCache full:https://registry.npmjs.org/zeptomatch set size:undefined disposed:false
119 silly fetch manifest @hono/node-server@1.19.9
120 silly packumentCache full:https://registry.npmjs.org/@hono%2fnode-server cache-miss
121 http fetch GET 200 https://registry.npmjs.org/std-env 72ms (cache miss)
122 silly packumentCache full:https://registry.npmjs.org/std-env set size:undefined disposed:false
123 silly fetch manifest http-status-codes@2.3.0
124 silly packumentCache full:https://registry.npmjs.org/http-status-codes cache-miss
125 http fetch GET 200 https://registry.npmjs.org/proper-lockfile 55ms (cache miss)
126 silly packumentCache full:https://registry.npmjs.org/proper-lockfile set size:undefined disposed:false
127 silly fetch manifest @mrleebo/prisma-ast@0.13.1
128 silly packumentCache full:https://registry.npmjs.org/@mrleebo%2fprisma-ast cache-miss
129 http fetch GET 200 https://registry.npmjs.org/valibot 69ms (cache miss)
130 silly packumentCache full:https://registry.npmjs.org/valibot set size:undefined disposed:false
131 silly fetch manifest @electric-sql/pglite@0.3.15
132 silly packumentCache full:https://registry.npmjs.org/@electric-sql%2fpglite cache-miss
133 http fetch GET 200 https://registry.npmjs.org/get-port-please 63ms (cache miss)
134 silly packumentCache full:https://registry.npmjs.org/get-port-please set size:undefined disposed:false
135 silly fetch manifest @prisma/get-platform@7.2.0
136 silly packumentCache full:https://registry.npmjs.org/@prisma%2fget-platform cache-miss
137 http fetch GET 200 https://registry.npmjs.org/effect 162ms (cache miss)
138 silly packumentCache full:https://registry.npmjs.org/effect set size:undefined disposed:false
139 silly fetch manifest @electric-sql/pglite-tools@0.2.20
140 silly packumentCache full:https://registry.npmjs.org/@electric-sql%2fpglite-tools cache-miss
141 http fetch GET 200 https://registry.npmjs.org/foreground-child 73ms (cache miss)
142 silly packumentCache full:https://registry.npmjs.org/foreground-child set size:undefined disposed:false
143 silly fetch manifest @electric-sql/pglite-socket@0.0.20
144 silly packumentCache full:https://registry.npmjs.org/@electric-sql%2fpglite-socket cache-miss
145 http fetch GET 200 https://registry.npmjs.org/http-status-codes 69ms (cache miss)
146 silly packumentCache full:https://registry.npmjs.org/http-status-codes set size:undefined disposed:false
147 silly fetch manifest @prisma/query-plan-executor@7.2.0
148 silly packumentCache full:https://registry.npmjs.org/@prisma%2fquery-plan-executor cache-miss
149 http fetch GET 200 https://registry.npmjs.org/@electric-sql%2fpglite 71ms (cache miss)
150 silly packumentCache full:https://registry.npmjs.org/@electric-sql%2fpglite set size:undefined disposed:false
151 silly fetch manifest @prisma/engines-version@7.5.0-15.280c870be64f457428992c43c1f6d557fab6e29e
152 silly packumentCache full:https://registry.npmjs.org/@prisma%2fengines-version cache-miss
153 http fetch GET 200 https://registry.npmjs.org/@mrleebo%2fprisma-ast 81ms (cache miss)
154 silly packumentCache full:https://registry.npmjs.org/@mrleebo%2fprisma-ast set size:undefined disposed:false
155 silly fetch manifest @prisma/debug@7.5.0
156 silly packumentCache full:https://registry.npmjs.org/@prisma%2fdebug cache-miss
157 http fetch GET 200 https://registry.npmjs.org/@hono%2fnode-server 85ms (cache miss)
158 silly packumentCache full:https://registry.npmjs.org/@hono%2fnode-server set size:undefined disposed:false
159 silly fetch manifest @prisma/fetch-engine@7.5.0
160 silly packumentCache full:https://registry.npmjs.org/@prisma%2ffetch-engine cache-miss
161 http fetch GET 200 https://registry.npmjs.org/@electric-sql%2fpglite-tools 76ms (cache miss)
162 silly packumentCache full:https://registry.npmjs.org/@electric-sql%2fpglite-tools set size:undefined disposed:false
163 silly fetch manifest @prisma/get-platform@7.5.0
164 silly packumentCache full:https://registry.npmjs.org/@prisma%2fget-platform cache-miss
165 http fetch GET 200 https://registry.npmjs.org/@electric-sql%2fpglite-socket 76ms (cache miss)
166 silly packumentCache full:https://registry.npmjs.org/@electric-sql%2fpglite-socket set size:undefined disposed:false
167 silly fetch manifest long@^5.2.1
168 silly packumentCache full:https://registry.npmjs.org/long cache-miss
169 http fetch GET 200 https://registry.npmjs.org/@prisma%2fquery-plan-executor 105ms (cache miss)
170 silly packumentCache full:https://registry.npmjs.org/@prisma%2fquery-plan-executor set size:undefined disposed:false
171 silly fetch manifest denque@^2.1.0
172 silly packumentCache full:https://registry.npmjs.org/denque cache-miss
173 http fetch GET 200 https://registry.npmjs.org/long 69ms (cache miss)
174 silly packumentCache full:https://registry.npmjs.org/long set size:undefined disposed:false
175 silly fetch manifest lru.min@^1.0.0
176 silly packumentCache full:https://registry.npmjs.org/lru.min cache-miss
177 http fetch GET 200 https://registry.npmjs.org/denque 65ms (cache miss)
178 silly packumentCache full:https://registry.npmjs.org/denque set size:undefined disposed:false
179 silly fetch manifest seq-queue@^0.0.5
180 silly packumentCache full:https://registry.npmjs.org/seq-queue cache-miss
181 http fetch GET 200 https://registry.npmjs.org/lru.min 60ms (cache miss)
182 silly packumentCache full:https://registry.npmjs.org/lru.min set size:undefined disposed:false
183 silly fetch manifest sqlstring@^2.3.2
184 silly packumentCache full:https://registry.npmjs.org/sqlstring cache-miss
185 http fetch GET 200 https://registry.npmjs.org/seq-queue 67ms (cache miss)
186 silly packumentCache full:https://registry.npmjs.org/seq-queue set size:undefined disposed:false
187 silly fetch manifest iconv-lite@^0.7.0
188 silly packumentCache full:https://registry.npmjs.org/iconv-lite cache-miss
189 http fetch GET 200 https://registry.npmjs.org/sqlstring 70ms (cache miss)
190 silly packumentCache full:https://registry.npmjs.org/sqlstring set size:undefined disposed:false
191 silly fetch manifest aws-ssl-profiles@^1.1.1
192 silly packumentCache full:https://registry.npmjs.org/aws-ssl-profiles cache-miss
193 http fetch GET 200 https://registry.npmjs.org/@prisma%2fengines-version 303ms (cache miss)
194 silly packumentCache full:https://registry.npmjs.org/@prisma%2fengines-version set size:undefined disposed:false
195 silly fetch manifest generate-function@^2.3.1
196 silly packumentCache full:https://registry.npmjs.org/generate-function cache-miss
197 http fetch GET 200 https://registry.npmjs.org/iconv-lite 101ms (cache miss)
198 silly packumentCache full:https://registry.npmjs.org/iconv-lite set size:undefined disposed:false
199 silly fetch manifest named-placeholders@^1.1.3
200 silly packumentCache full:https://registry.npmjs.org/named-placeholders cache-miss
201 http fetch GET 200 https://registry.npmjs.org/aws-ssl-profiles 92ms (cache miss)
202 silly packumentCache full:https://registry.npmjs.org/aws-ssl-profiles set size:undefined disposed:false
203 http fetch GET 200 https://registry.npmjs.org/generate-function 88ms (cache miss)
204 silly packumentCache full:https://registry.npmjs.org/generate-function set size:undefined disposed:false
205 http fetch GET 200 https://registry.npmjs.org/named-placeholders 79ms (cache miss)
206 silly packumentCache full:https://registry.npmjs.org/named-placeholders set size:undefined disposed:false
207 http fetch GET 200 https://registry.npmjs.org/@prisma%2fget-platform 672ms (cache miss)
208 silly packumentCache full:https://registry.npmjs.org/@prisma%2fget-platform set size:undefined disposed:false
209 http fetch GET 200 https://registry.npmjs.org/@prisma%2fdebug 721ms (cache miss)
210 silly packumentCache full:https://registry.npmjs.org/@prisma%2fdebug set size:undefined disposed:false
211 http fetch GET 200 https://registry.npmjs.org/@prisma%2fget-platform 798ms (cache miss)
212 silly packumentCache full:https://registry.npmjs.org/@prisma%2fget-platform set size:undefined disposed:false
213 http fetch GET 200 https://registry.npmjs.org/@prisma%2ffetch-engine 1013ms (cache miss)
214 silly packumentCache full:https://registry.npmjs.org/@prisma%2ffetch-engine set size:undefined disposed:false
215 silly fetch manifest magicast@^0.3.5
216 silly packumentCache full:https://registry.npmjs.org/magicast cache-miss
217 http fetch GET 200 https://registry.npmjs.org/magicast 69ms (cache miss)
218 silly packumentCache full:https://registry.npmjs.org/magicast set size:undefined disposed:false
219 silly placeDep ROOT c12@3.1.0 OK for: @prisma/config@7.5.0 want: 3.1.0
220 silly placeDep ROOT deepmerge-ts@7.1.5 OK for: @prisma/config@7.5.0 want: 7.1.5
221 silly placeDep ROOT effect@3.18.4 OK for: @prisma/config@7.5.0 want: 3.18.4
222 silly placeDep ROOT empathic@2.0.0 OK for: @prisma/config@7.5.0 want: 2.0.0
223 silly fetch manifest rc9@^2.1.2
224 silly packumentCache full:https://registry.npmjs.org/rc9 cache-miss
225 silly fetch manifest defu@^6.1.4
226 silly packumentCache full:https://registry.npmjs.org/defu cache-miss
227 silly fetch manifest giget@^2.0.0
228 silly packumentCache full:https://registry.npmjs.org/giget cache-miss
229 silly fetch manifest ohash@^2.0.11
230 silly packumentCache full:https://registry.npmjs.org/ohash cache-miss
231 silly fetch manifest pathe@^2.0.3
232 silly packumentCache full:https://registry.npmjs.org/pathe cache-miss
233 silly fetch manifest dotenv@^16.6.1
234 silly packumentCache full:https://registry.npmjs.org/dotenv cache-miss
235 silly fetch manifest confbox@^0.2.2
236 silly packumentCache full:https://registry.npmjs.org/confbox cache-miss
237 http cache https://registry.npmjs.org/pathe 6ms (cache hit)
238 silly packumentCache full:https://registry.npmjs.org/pathe set size:68788 disposed:false
239 silly fetch manifest exsolve@^1.0.7
240 silly packumentCache full:https://registry.npmjs.org/exsolve cache-miss
241 http fetch GET 200 https://registry.npmjs.org/confbox 84ms (cache miss)
242 silly packumentCache full:https://registry.npmjs.org/confbox set size:undefined disposed:false
243 silly fetch manifest chokidar@^4.0.3
244 silly packumentCache full:https://registry.npmjs.org/chokidar cache-miss
245 http fetch GET 200 https://registry.npmjs.org/ohash 86ms (cache miss)
246 silly packumentCache full:https://registry.npmjs.org/ohash set size:undefined disposed:false
247 silly fetch manifest pkg-types@^2.2.0
248 silly packumentCache full:https://registry.npmjs.org/pkg-types cache-miss
249 http fetch GET 200 https://registry.npmjs.org/rc9 87ms (cache miss)
250 silly packumentCache full:https://registry.npmjs.org/rc9 set size:undefined disposed:false
251 silly fetch manifest perfect-debounce@^1.0.0
252 silly packumentCache full:https://registry.npmjs.org/perfect-debounce cache-miss
253 http fetch GET 200 https://registry.npmjs.org/exsolve 82ms (cache miss)
254 silly packumentCache full:https://registry.npmjs.org/exsolve set size:undefined disposed:false
255 silly fetch manifest fast-check@^3.23.1
256 silly packumentCache full:https://registry.npmjs.org/fast-check cache-miss
257 http fetch GET 200 https://registry.npmjs.org/defu 88ms (cache miss)
258 silly packumentCache full:https://registry.npmjs.org/defu set size:undefined disposed:false
259 silly fetch manifest @standard-schema/spec@^1.0.0
260 silly packumentCache full:https://registry.npmjs.org/@standard-schema%2fspec cache-miss
261 http fetch GET 200 https://registry.npmjs.org/giget 90ms (cache miss)
262 silly packumentCache full:https://registry.npmjs.org/giget set size:undefined disposed:false
263 http fetch GET 200 https://registry.npmjs.org/dotenv 92ms (cache miss)
264 silly packumentCache full:https://registry.npmjs.org/dotenv set size:undefined disposed:false
265 http fetch GET 200 https://registry.npmjs.org/pkg-types 59ms (cache miss)
266 silly packumentCache full:https://registry.npmjs.org/pkg-types set size:undefined disposed:false
267 http fetch GET 200 https://registry.npmjs.org/chokidar 77ms (cache miss)
268 silly packumentCache full:https://registry.npmjs.org/chokidar set size:undefined disposed:false
269 http fetch GET 200 https://registry.npmjs.org/perfect-debounce 79ms (cache miss)
270 silly packumentCache full:https://registry.npmjs.org/perfect-debounce set size:undefined disposed:false
271 http fetch GET 200 https://registry.npmjs.org/@standard-schema%2fspec 78ms (cache miss)
272 silly packumentCache full:https://registry.npmjs.org/@standard-schema%2fspec set size:undefined disposed:false
273 http fetch GET 200 https://registry.npmjs.org/fast-check 81ms (cache miss)
274 silly packumentCache full:https://registry.npmjs.org/fast-check set size:undefined disposed:false
275 silly fetch manifest typescript@>=5
276 silly packumentCache full:https://registry.npmjs.org/typescript cache-miss
277 http cache https://registry.npmjs.org/typescript 19ms (cache hit)
278 silly packumentCache full:https://registry.npmjs.org/typescript set size:15343725 disposed:false
279 silly placeDep ROOT @electric-sql/pglite@0.3.15 OK for: @prisma/dev@0.20.0 want: 0.3.15
280 silly placeDep ROOT @electric-sql/pglite-socket@0.0.20 OK for: @prisma/dev@0.20.0 want: 0.0.20
281 silly placeDep ROOT @electric-sql/pglite-tools@0.2.20 OK for: @prisma/dev@0.20.0 want: 0.2.20
282 silly placeDep ROOT @hono/node-server@1.19.9 OK for: @prisma/dev@0.20.0 want: 1.19.9
283 silly placeDep ROOT hono@4.11.4 OK for: @hono/node-server@1.19.9 want: ^4
284 silly placeDep ROOT @mrleebo/prisma-ast@0.13.1 OK for: @prisma/dev@0.20.0 want: 0.13.1
285 silly placeDep ROOT @prisma/get-platform@7.2.0 OK for: @prisma/dev@0.20.0 want: 7.2.0
286 silly placeDep ROOT @prisma/query-plan-executor@7.2.0 OK for: @prisma/dev@0.20.0 want: 7.2.0
287 silly placeDep ROOT foreground-child@3.3.1 OK for: @prisma/dev@0.20.0 want: 3.3.1
288 silly placeDep ROOT get-port-please@3.2.0 OK for: @prisma/dev@0.20.0 want: 3.2.0
289 silly placeDep ROOT http-status-codes@2.3.0 OK for: @prisma/dev@0.20.0 want: 2.3.0
290 silly placeDep ROOT pathe@2.0.3 OK for: @prisma/dev@0.20.0 want: 2.0.3
291 silly placeDep ROOT proper-lockfile@4.1.2 OK for: @prisma/dev@0.20.0 want: 4.1.2
292 silly placeDep ROOT remeda@2.33.4 OK for: @prisma/dev@0.20.0 want: 2.33.4
293 silly placeDep ROOT std-env@3.10.0 OK for: @prisma/dev@0.20.0 want: 3.10.0
294 silly placeDep ROOT valibot@1.2.0 OK for: @prisma/dev@0.20.0 want: 1.2.0
295 silly placeDep ROOT zeptomatch@2.1.0 OK for: @prisma/dev@0.20.0 want: 2.1.0
296 silly fetch manifest lilconfig@^2.1.0
297 silly packumentCache full:https://registry.npmjs.org/lilconfig cache-miss
298 silly fetch manifest chevrotain@^10.5.0
299 silly packumentCache full:https://registry.npmjs.org/chevrotain cache-miss
300 silly fetch manifest @prisma/debug@7.2.0
301 silly packumentCache full:https://registry.npmjs.org/@prisma%2fdebug cache-miss
302 silly fetch manifest signal-exit@^4.0.1
303 silly packumentCache full:https://registry.npmjs.org/signal-exit cache-miss
304 silly fetch manifest retry@^0.12.0
305 silly packumentCache full:https://registry.npmjs.org/retry cache-miss
306 silly fetch manifest signal-exit@^3.0.2
307 silly packumentCache full:https://registry.npmjs.org/signal-exit cache-miss
308 silly fetch manifest grammex@^3.1.11
309 silly packumentCache full:https://registry.npmjs.org/grammex cache-miss
310 http cache https://registry.npmjs.org/@prisma%2fdebug 34ms (cache hit)
311 silly packumentCache full:https://registry.npmjs.org/@prisma%2fdebug set size:28523221 disposed:false
312 silly fetch manifest graphmatch@^1.1.0
313 silly packumentCache full:https://registry.npmjs.org/graphmatch cache-miss
314 http fetch GET 200 https://registry.npmjs.org/lilconfig 131ms (cache miss)
315 silly packumentCache full:https://registry.npmjs.org/lilconfig set size:undefined disposed:false
316 http fetch GET 200 https://registry.npmjs.org/retry 131ms (cache miss)
317 silly packumentCache full:https://registry.npmjs.org/retry set size:undefined disposed:false
318 http fetch GET 200 https://registry.npmjs.org/grammex 131ms (cache miss)
319 silly packumentCache full:https://registry.npmjs.org/grammex set size:undefined disposed:false
320 http fetch GET 200 https://registry.npmjs.org/signal-exit 132ms (cache miss)
321 silly packumentCache full:https://registry.npmjs.org/signal-exit set size:undefined disposed:false
322 http fetch GET 200 https://registry.npmjs.org/signal-exit 132ms (cache miss)
323 silly packumentCache full:https://registry.npmjs.org/signal-exit set size:undefined disposed:false
324 http fetch GET 200 https://registry.npmjs.org/chevrotain 134ms (cache miss)
325 silly packumentCache full:https://registry.npmjs.org/chevrotain set size:undefined disposed:false
326 http fetch GET 200 https://registry.npmjs.org/graphmatch 56ms (cache miss)
327 silly packumentCache full:https://registry.npmjs.org/graphmatch set size:undefined disposed:false
328 silly placeDep ROOT chevrotain@10.5.0 OK for: @mrleebo/prisma-ast@0.13.1 want: ^10.5.0
329 silly placeDep ROOT lilconfig@2.1.0 OK for: @mrleebo/prisma-ast@0.13.1 want: ^2.1.0
330 silly fetch manifest lodash@4.17.21
331 silly packumentCache full:https://registry.npmjs.org/lodash cache-miss
332 silly fetch manifest regexp-to-ast@0.5.0
333 silly packumentCache full:https://registry.npmjs.org/regexp-to-ast cache-miss
334 silly fetch manifest @chevrotain/gast@10.5.0
335 silly packumentCache full:https://registry.npmjs.org/@chevrotain%2fgast cache-miss
336 silly fetch manifest @chevrotain/types@10.5.0
337 silly packumentCache full:https://registry.npmjs.org/@chevrotain%2ftypes cache-miss
338 silly fetch manifest @chevrotain/utils@10.5.0
339 silly packumentCache full:https://registry.npmjs.org/@chevrotain%2futils cache-miss
340 silly fetch manifest @chevrotain/cst-dts-gen@10.5.0
341 silly packumentCache full:https://registry.npmjs.org/@chevrotain%2fcst-dts-gen cache-miss
342 http fetch GET 200 https://registry.npmjs.org/lodash 55ms (cache miss)
343 silly packumentCache full:https://registry.npmjs.org/lodash set size:undefined disposed:false
344 http fetch GET 200 https://registry.npmjs.org/regexp-to-ast 58ms (cache miss)
345 silly packumentCache full:https://registry.npmjs.org/regexp-to-ast set size:undefined disposed:false
346 http fetch GET 200 https://registry.npmjs.org/@chevrotain%2fgast 75ms (cache miss)
347 silly packumentCache full:https://registry.npmjs.org/@chevrotain%2fgast set size:undefined disposed:false
348 http fetch GET 200 https://registry.npmjs.org/@chevrotain%2futils 75ms (cache miss)
349 silly packumentCache full:https://registry.npmjs.org/@chevrotain%2futils set size:undefined disposed:false
350 http fetch GET 200 https://registry.npmjs.org/@chevrotain%2ftypes 102ms (cache miss)
351 silly packumentCache full:https://registry.npmjs.org/@chevrotain%2ftypes set size:undefined disposed:false
352 http fetch GET 200 https://registry.npmjs.org/@chevrotain%2fcst-dts-gen 130ms (cache miss)
353 silly packumentCache full:https://registry.npmjs.org/@chevrotain%2fcst-dts-gen set size:undefined disposed:false
354 silly placeDep ROOT @prisma/debug@7.5.0 OK for: @prisma/engines@7.5.0 want: 7.5.0
355 silly placeDep ROOT @prisma/engines-version@7.5.0-15.280c870be64f457428992c43c1f6d557fab6e29e OK for: @prisma/engines@7.5.0 want: 7.5.0-15.280c870be64f457428992c43c1f6d557fab6e29e
356 silly placeDep ROOT @prisma/fetch-engine@7.5.0 OK for: @prisma/engines@7.5.0 want: 7.5.0
357 silly placeDep node_modules/@prisma/engines @prisma/get-platform@7.5.0 OK for: @prisma/engines@7.5.0 want: 7.5.0
358 silly placeDep node_modules/@prisma/fetch-engine @prisma/get-platform@7.5.0 OK for: @prisma/fetch-engine@7.5.0 want: 7.5.0
359 silly placeDep node_modules/@prisma/get-platform @prisma/debug@7.2.0 OK for: @prisma/get-platform@7.2.0 want: 7.2.0
360 silly placeDep ROOT chokidar@4.0.3 OK for: c12@3.1.0 want: ^4.0.3
361 silly placeDep ROOT confbox@0.2.4 OK for: c12@3.1.0 want: ^0.2.2
362 silly placeDep ROOT defu@6.1.4 OK for: c12@3.1.0 want: ^6.1.4
363 silly placeDep ROOT dotenv@16.6.1 OK for: c12@3.1.0 want: ^16.6.1
364 silly placeDep ROOT exsolve@1.0.8 OK for: c12@3.1.0 want: ^1.0.7
365 silly placeDep ROOT giget@2.0.0 OK for: c12@3.1.0 want: ^2.0.0
366 silly placeDep ROOT ohash@2.0.11 OK for: c12@3.1.0 want: ^2.0.11
367 silly placeDep ROOT perfect-debounce@1.0.0 OK for: c12@3.1.0 want: ^1.0.0
368 silly placeDep ROOT pkg-types@2.3.0 OK for: c12@3.1.0 want: ^2.2.0
369 silly placeDep ROOT rc9@2.1.2 OK for: c12@3.1.0 want: ^2.1.2
370 silly fetch manifest readdirp@^4.0.1
371 silly packumentCache full:https://registry.npmjs.org/readdirp cache-miss
372 silly fetch manifest nypm@^0.6.0
373 silly packumentCache full:https://registry.npmjs.org/nypm cache-miss
374 silly fetch manifest citty@^0.1.6
375 silly packumentCache full:https://registry.npmjs.org/citty cache-miss
376 silly fetch manifest consola@^3.4.0
377 silly packumentCache full:https://registry.npmjs.org/consola cache-miss
378 silly fetch manifest node-fetch-native@^1.6.6
379 silly packumentCache full:https://registry.npmjs.org/node-fetch-native cache-miss
380 silly fetch manifest destr@^2.0.3
381 silly packumentCache full:https://registry.npmjs.org/destr cache-miss
382 http fetch GET 200 https://registry.npmjs.org/destr 57ms (cache miss)
383 silly packumentCache full:https://registry.npmjs.org/destr set size:undefined disposed:false
384 http fetch GET 200 https://registry.npmjs.org/citty 59ms (cache miss)
385 silly packumentCache full:https://registry.npmjs.org/citty set size:undefined disposed:false
386 http fetch GET 200 https://registry.npmjs.org/nypm 60ms (cache miss)
387 silly packumentCache full:https://registry.npmjs.org/nypm set size:undefined disposed:false
388 http fetch GET 200 https://registry.npmjs.org/readdirp 61ms (cache miss)
389 silly packumentCache full:https://registry.npmjs.org/readdirp set size:undefined disposed:false
390 http fetch GET 200 https://registry.npmjs.org/node-fetch-native 62ms (cache miss)
391 silly packumentCache full:https://registry.npmjs.org/node-fetch-native set size:undefined disposed:false
392 http fetch GET 200 https://registry.npmjs.org/consola 63ms (cache miss)
393 silly packumentCache full:https://registry.npmjs.org/consola set size:undefined disposed:false
394 silly placeDep ROOT @chevrotain/cst-dts-gen@10.5.0 OK for: chevrotain@10.5.0 want: 10.5.0
395 silly placeDep ROOT @chevrotain/gast@10.5.0 OK for: chevrotain@10.5.0 want: 10.5.0
396 silly placeDep ROOT @chevrotain/types@10.5.0 OK for: chevrotain@10.5.0 want: 10.5.0
397 silly placeDep ROOT @chevrotain/utils@10.5.0 OK for: chevrotain@10.5.0 want: 10.5.0
398 silly placeDep ROOT lodash@4.17.21 OK for: chevrotain@10.5.0 want: 4.17.21
399 silly placeDep ROOT regexp-to-ast@0.5.0 OK for: chevrotain@10.5.0 want: 0.5.0
400 silly placeDep ROOT readdirp@4.1.2 OK for: chokidar@4.0.3 want: ^4.0.1
401 silly placeDep ROOT @standard-schema/spec@1.1.0 OK for: effect@3.18.4 want: ^1.0.0
402 silly placeDep ROOT fast-check@3.23.2 OK for: effect@3.18.4 want: ^3.23.1
403 silly fetch manifest pure-rand@^6.1.0
404 silly packumentCache full:https://registry.npmjs.org/pure-rand cache-miss
405 http fetch GET 200 https://registry.npmjs.org/pure-rand 65ms (cache miss)
406 silly packumentCache full:https://registry.npmjs.org/pure-rand set size:undefined disposed:false
407 silly placeDep ROOT pure-rand@6.1.0 OK for: fast-check@3.23.2 want: ^6.1.0
408 silly placeDep ROOT signal-exit@4.1.0 OK for: foreground-child@3.3.1 want: ^4.0.1
409 silly placeDep ROOT citty@0.1.6 OK for: giget@2.0.0 want: ^0.1.6
410 silly placeDep ROOT consola@3.4.2 OK for: giget@2.0.0 want: ^3.4.0
411 silly placeDep ROOT node-fetch-native@1.6.7 OK for: giget@2.0.0 want: ^1.6.6
412 silly placeDep ROOT nypm@0.6.5 OK for: giget@2.0.0 want: ^0.6.0
413 silly fetch manifest consola@^3.2.3
414 silly packumentCache full:https://registry.npmjs.org/consola cache-miss
415 silly fetch manifest citty@^0.2.0
416 silly packumentCache full:https://registry.npmjs.org/citty cache-miss
417 silly fetch manifest tinyexec@^1.0.2
418 silly packumentCache full:https://registry.npmjs.org/tinyexec cache-miss
419 http cache https://registry.npmjs.org/citty 3ms (cache hit)
420 silly packumentCache full:https://registry.npmjs.org/citty set size:31399 disposed:false
421 http cache https://registry.npmjs.org/consola 4ms (cache hit)
422 silly packumentCache full:https://registry.npmjs.org/consola set size:324648 disposed:false
423 http fetch GET 200 https://registry.npmjs.org/tinyexec 55ms (cache miss)
424 silly packumentCache full:https://registry.npmjs.org/tinyexec set size:undefined disposed:false
425 silly placeDep ROOT aws-ssl-profiles@1.1.2 OK for: mysql2@3.15.3 want: ^1.1.1
426 silly placeDep ROOT denque@2.1.0 OK for: mysql2@3.15.3 want: ^2.1.0
427 silly placeDep ROOT generate-function@2.3.1 OK for: mysql2@3.15.3 want: ^2.3.1
428 silly placeDep ROOT iconv-lite@0.7.2 OK for: mysql2@3.15.3 want: ^0.7.0
429 silly placeDep ROOT long@5.3.2 OK for: mysql2@3.15.3 want: ^5.2.1
430 silly placeDep ROOT lru.min@1.1.4 OK for: mysql2@3.15.3 want: ^1.0.0
431 silly placeDep ROOT named-placeholders@1.1.6 OK for: mysql2@3.15.3 want: ^1.1.3
432 silly placeDep ROOT seq-queue@0.0.5 OK for: mysql2@3.15.3 want: ^0.0.5
433 silly placeDep ROOT sqlstring@2.3.3 OK for: mysql2@3.15.3 want: ^2.3.2
434 silly fetch manifest is-property@^1.0.2
435 silly packumentCache full:https://registry.npmjs.org/is-property cache-miss
436 silly fetch manifest safer-buffer@>= 2.1.2 < 3.0.0
437 silly packumentCache full:https://registry.npmjs.org/safer-buffer cache-miss
438 http fetch GET 200 https://registry.npmjs.org/is-property 62ms (cache miss)
439 silly packumentCache full:https://registry.npmjs.org/is-property set size:undefined disposed:false
440 http fetch GET 200 https://registry.npmjs.org/safer-buffer 78ms (cache miss)
441 silly packumentCache full:https://registry.npmjs.org/safer-buffer set size:undefined disposed:false
442 silly placeDep ROOT is-property@1.0.2 OK for: generate-function@2.3.1 want: ^1.0.2
443 silly placeDep ROOT safer-buffer@2.1.2 OK for: iconv-lite@0.7.2 want: >= 2.1.2 < 3.0.0
444 silly placeDep node_modules/nypm citty@0.2.1 OK for: nypm@0.6.5 want: ^0.2.0
445 silly placeDep ROOT tinyexec@1.0.2 OK for: nypm@0.6.5 want: ^1.0.2
446 silly placeDep ROOT retry@0.12.0 OK for: proper-lockfile@4.1.2 want: ^0.12.0
447 silly placeDep node_modules/proper-lockfile signal-exit@3.0.7 OK for: proper-lockfile@4.1.2 want: ^3.0.2
448 silly placeDep ROOT destr@2.0.5 OK for: rc9@2.1.2 want: ^2.0.3
449 silly placeDep ROOT grammex@3.1.12 OK for: zeptomatch@2.1.0 want: ^3.1.11
450 silly placeDep ROOT graphmatch@1.1.1 OK for: zeptomatch@2.1.0 want: ^1.1.0
451 silly reify moves {}
452 verbose reify failed optional dependency /Users/davecarr/Desktop/Floral pos system/floravision/node_modules/@tailwindcss/oxide-wasm32-wasi
453 silly reify mark deleted [
453 silly reify   '/Users/davecarr/Desktop/Floral pos system/floravision/node_modules/@tailwindcss/oxide-wasm32-wasi'
453 silly reify ]
454 silly audit bulk request {
454 silly audit   '@alloc/quick-lru': [ '5.2.0' ],
454 silly audit   '@babel/code-frame': [ '7.29.0' ],
454 silly audit   '@babel/compat-data': [ '7.29.0' ],
454 silly audit   '@babel/core': [ '7.29.0' ],
454 silly audit   '@babel/generator': [ '7.29.1' ],
454 silly audit   '@babel/helper-compilation-targets': [ '7.28.6' ],
454 silly audit   '@babel/helper-globals': [ '7.28.0' ],
454 silly audit   '@babel/helper-module-imports': [ '7.28.6' ],
454 silly audit   '@babel/helper-module-transforms': [ '7.28.6' ],
454 silly audit   '@babel/helper-string-parser': [ '7.27.1' ],
454 silly audit   '@babel/helper-validator-identifier': [ '7.28.5' ],
454 silly audit   '@babel/helper-validator-option': [ '7.27.1' ],
454 silly audit   '@babel/helpers': [ '7.28.6' ],
454 silly audit   '@babel/parser': [ '7.29.0' ],
454 silly audit   '@babel/template': [ '7.28.6' ],
454 silly audit   '@babel/traverse': [ '7.29.0' ],
454 silly audit   '@babel/types': [ '7.29.0' ],
454 silly audit   '@emnapi/core': [ '1.8.1' ],
454 silly audit   '@emnapi/runtime': [ '1.8.1' ],
454 silly audit   '@emnapi/wasi-threads': [ '1.1.0' ],
454 silly audit   '@eslint-community/eslint-utils': [ '4.9.1' ],
454 silly audit   'eslint-visitor-keys': [ '3.4.3', '5.0.1', '4.2.1' ],
454 silly audit   '@eslint-community/regexpp': [ '4.12.2' ],
454 silly audit   '@eslint/config-array': [ '0.21.2' ],
454 silly audit   '@eslint/config-helpers': [ '0.4.2' ],
454 silly audit   '@eslint/core': [ '0.17.0' ],
454 silly audit   '@eslint/eslintrc': [ '3.3.5' ],
454 silly audit   '@eslint/js': [ '9.39.4' ],
454 silly audit   '@eslint/object-schema': [ '2.1.7' ],
454 silly audit   '@eslint/plugin-kit': [ '0.4.1' ],
454 silly audit   '@humanfs/core': [ '0.19.1' ],
454 silly audit   '@humanfs/node': [ '0.16.7' ],
454 silly audit   '@humanwhocodes/module-importer': [ '1.0.1' ],
454 silly audit   '@humanwhocodes/retry': [ '0.4.3' ],
454 silly audit   '@img/colour': [ '1.1.0' ],
454 silly audit   '@img/sharp-darwin-arm64': [ '0.34.5' ],
454 silly audit   '@img/sharp-darwin-x64': [ '0.34.5' ],
454 silly audit   '@img/sharp-libvips-darwin-arm64': [ '1.2.4' ],
454 silly audit   '@img/sharp-libvips-darwin-x64': [ '1.2.4' ],
454 silly audit   '@img/sharp-libvips-linux-arm': [ '1.2.4' ],
454 silly audit   '@img/sharp-libvips-linux-arm64': [ '1.2.4' ],
454 silly audit   '@img/sharp-libvips-linux-ppc64': [ '1.2.4' ],
454 silly audit   '@img/sharp-libvips-linux-riscv64': [ '1.2.4' ],
454 silly audit   '@img/sharp-libvips-linux-s390x': [ '1.2.4' ],
454 silly audit   '@img/sharp-libvips-linux-x64': [ '1.2.4' ],
454 silly audit   '@img/sharp-libvips-linuxmusl-arm64': [ '1.2.4' ],
454 silly audit   '@img/sharp-libvips-linuxmusl-x64': [ '1.2.4' ],
454 silly audit   '@img/sharp-linux-arm': [ '0.34.5' ],
454 silly audit   '@img/sharp-linux-arm64': [ '0.34.5' ],
454 silly audit   '@img/sharp-linux-ppc64': [ '0.34.5' ],
454 silly audit   '@img/sharp-linux-riscv64': [ '0.34.5' ],
454 silly audit   '@img/sharp-linux-s390x': [ '0.34.5' ],
454 silly audit   '@img/sharp-linux-x64': [ '0.34.5' ],
454 silly audit   '@img/sharp-linuxmusl-arm64': [ '0.34.5' ],
454 silly audit   '@img/sharp-linuxmusl-x64': [ '0.34.5' ],
454 silly audit   '@img/sharp-wasm32': [ '0.34.5' ],
454 silly audit   '@img/sharp-win32-arm64': [ '0.34.5' ],
454 silly audit   '@img/sharp-win32-ia32': [ '0.34.5' ],
454 silly audit   '@img/sharp-win32-x64': [ '0.34.5' ],
454 silly audit   '@jridgewell/gen-mapping': [ '0.3.13' ],
454 silly audit   '@jridgewell/remapping': [ '2.3.5' ],
454 silly audit   '@jridgewell/resolve-uri': [ '3.1.2' ],
454 silly audit   '@jridgewell/sourcemap-codec': [ '1.5.5' ],
454 silly audit   '@jridgewell/trace-mapping': [ '0.3.31' ],
454 silly audit   '@napi-rs/wasm-runtime': [ '0.2.12' ],
454 silly audit   '@next/env': [ '16.1.6' ],
454 silly audit   '@next/eslint-plugin-next': [ '16.1.6' ],
454 silly audit   '@next/swc-darwin-arm64': [ '16.1.6' ],
454 silly audit   '@next/swc-darwin-x64': [ '16.1.6' ],
454 silly audit   '@next/swc-linux-arm64-gnu': [ '16.1.6' ],
454 silly audit   '@next/swc-linux-arm64-musl': [ '16.1.6' ],
454 silly audit   '@next/swc-linux-x64-gnu': [ '16.1.6' ],
454 silly audit   '@next/swc-linux-x64-musl': [ '16.1.6' ],
454 silly audit   '@next/swc-win32-arm64-msvc': [ '16.1.6' ],
454 silly audit   '@next/swc-win32-x64-msvc': [ '16.1.6' ],
454 silly audit   '@nodelib/fs.scandir': [ '2.1.5' ],
454 silly audit   '@nodelib/fs.stat': [ '2.0.5' ],
454 silly audit   '@nodelib/fs.walk': [ '1.2.8' ],
454 silly audit   '@nolyfill/is-core-module': [ '1.0.39' ],
454 silly audit   '@rtsao/scc': [ '1.1.0' ],
454 silly audit   '@swc/helpers': [ '0.5.15' ],
454 silly audit   '@tailwindcss/node': [ '4.2.1' ],
454 silly audit   '@tailwindcss/oxide': [ '4.2.1' ],
454 silly audit   '@tailwindcss/oxide-android-arm64': [ '4.2.1' ],
454 silly audit   '@tailwindcss/oxide-darwin-arm64': [ '4.2.1' ],
454 silly audit   '@tailwindcss/oxide-darwin-x64': [ '4.2.1' ],
454 silly audit   '@tailwindcss/oxide-freebsd-x64': [ '4.2.1' ],
454 silly audit   '@tailwindcss/oxide-linux-arm-gnueabihf': [ '4.2.1' ],
454 silly audit   '@tailwindcss/oxide-linux-arm64-gnu': [ '4.2.1' ],
454 silly audit   '@tailwindcss/oxide-linux-arm64-musl': [ '4.2.1' ],
454 silly audit   '@tailwindcss/oxide-linux-x64-gnu': [ '4.2.1' ],
454 silly audit   '@tailwindcss/oxide-linux-x64-musl': [ '4.2.1' ],
454 silly audit   '@tailwindcss/oxide-win32-arm64-msvc': [ '4.2.1' ],
454 silly audit   '@tailwindcss/oxide-win32-x64-msvc': [ '4.2.1' ],
454 silly audit   '@tailwindcss/postcss': [ '4.2.1' ],
454 silly audit   '@tybys/wasm-util': [ '0.10.1' ],
454 silly audit   '@types/estree': [ '1.0.8' ],
454 silly audit   '@types/json-schema': [ '7.0.15' ],
454 silly audit   '@types/json5': [ '0.0.29' ],
454 silly audit   '@types/node': [ '20.19.37' ],
454 silly audit   '@types/react': [ '19.2.14' ],
454 silly audit   '@types/react-dom': [ '19.2.3' ],
454 silly audit   '@typescript-eslint/eslint-plugin': [ '8.57.0' ],
454 silly audit   ignore: [ '7.0.5', '5.3.2' ],
454 silly audit   '@typescript-eslint/parser': [ '8.57.0' ],
454 silly audit   '@typescript-eslint/project-service': [ '8.57.0' ],
454 silly audit   '@typescript-eslint/scope-manager': [ '8.57.0' ],
454 silly audit   '@typescript-eslint/tsconfig-utils': [ '8.57.0' ],
454 silly audit   '@typescript-eslint/type-utils': [ '8.57.0' ],
454 silly audit   '@typescript-eslint/types': [ '8.57.0' ],
454 silly audit   '@typescript-eslint/typescript-estree': [ '8.57.0' ],
454 silly audit   'balanced-match': [ '4.0.4', '1.0.2' ],
454 silly audit   'brace-expansion': [ '5.0.4', '1.1.12' ],
454 silly audit   minimatch: [ '10.2.4', '3.1.5' ],
454 silly audit   semver: [ '7.7.4', '6.3.1' ],
454 silly audit   '@typescript-eslint/utils': [ '8.57.0' ],
454 silly audit   '@typescript-eslint/visitor-keys': [ '8.57.0' ],
454 silly audit   '@unrs/resolver-binding-android-arm-eabi': [ '1.11.1' ],
454 silly audit   '@unrs/resolver-binding-android-arm64': [ '1.11.1' ],
454 silly audit   '@unrs/resolver-binding-darwin-arm64': [ '1.11.1' ],
454 silly audit   '@unrs/resolver-binding-darwin-x64': [ '1.11.1' ],
454 silly audit   '@unrs/resolver-binding-freebsd-x64': [ '1.11.1' ],
454 silly audit   '@unrs/resolver-binding-linux-arm-gnueabihf': [ '1.11.1' ],
454 silly audit   '@unrs/resolver-binding-linux-arm-musleabihf': [ '1.11.1' ],
454 silly audit   '@unrs/resolver-binding-linux-arm64-gnu': [ '1.11.1' ],
454 silly audit   '@unrs/resolver-binding-linux-arm64-musl': [ '1.11.1' ],
454 silly audit   '@unrs/resolver-binding-linux-ppc64-gnu': [ '1.11.1' ],
454 silly audit   '@unrs/resolver-binding-linux-riscv64-gnu': [ '1.11.1' ],
454 silly audit   '@unrs/resolver-binding-linux-riscv64-musl': [ '1.11.1' ],
454 silly audit   '@unrs/resolver-binding-linux-s390x-gnu': [ '1.11.1' ],
454 silly audit   '@unrs/resolver-binding-linux-x64-gnu': [ '1.11.1' ],
454 silly audit   '@unrs/resolver-binding-linux-x64-musl': [ '1.11.1' ],
454 silly audit   '@unrs/resolver-binding-wasm32-wasi': [ '1.11.1' ],
454 silly audit   '@unrs/resolver-binding-win32-arm64-msvc': [ '1.11.1' ],
454 silly audit   '@unrs/resolver-binding-win32-ia32-msvc': [ '1.11.1' ],
454 silly audit   '@unrs/resolver-binding-win32-x64-msvc': [ '1.11.1' ],
454 silly audit   acorn: [ '8.16.0' ],
454 silly audit   'acorn-jsx': [ '5.3.2' ],
454 silly audit   ajv: [ '6.14.0' ],
454 silly audit   'ansi-styles': [ '4.3.0' ],
454 silly audit   argparse: [ '2.0.1' ],
454 silly audit   'aria-query': [ '5.3.2' ],
454 silly audit   'array-buffer-byte-length': [ '1.0.2' ],
454 silly audit   'array-includes': [ '3.1.9' ],
454 silly audit   'array.prototype.findlast': [ '1.2.5' ],
454 silly audit   'array.prototype.findlastindex': [ '1.2.6' ],
454 silly audit   'array.prototype.flat': [ '1.3.3' ],
454 silly audit   'array.prototype.flatmap': [ '1.3.3' ],
454 silly audit   'array.prototype.tosorted': [ '1.1.4' ],
454 silly audit   'arraybuffer.prototype.slice': [ '1.0.4' ],
454 silly audit   'ast-types-flow': [ '0.0.8' ],
454 silly audit   'async-function': [ '1.0.0' ],
454 silly audit   'available-typed-arrays': [ '1.0.7' ],
454 silly audit   'axe-core': [ '4.11.1' ],
454 silly audit   'axobject-query': [ '4.1.0' ],
454 silly audit   'baseline-browser-mapping': [ '2.10.0' ],
454 silly audit   braces: [ '3.0.3' ],
454 silly audit   browserslist: [ '4.28.1' ],
454 silly audit   'call-bind': [ '1.0.8' ],
454 silly audit   'call-bind-apply-helpers': [ '1.0.2' ],
454 silly audit   'call-bound': [ '1.0.4' ],
454 silly audit   callsites: [ '3.1.0' ],
454 silly audit   'caniuse-lite': [ '1.0.30001777' ],
454 silly audit   chalk: [ '4.1.2' ],
454 silly audit   'client-only': [ '0.0.1' ],
454 silly audit   'color-convert': [ '2.0.1' ],
454 silly audit   'color-name': [ '1.1.4' ],
454 silly audit   'concat-map': [ '0.0.1' ],
454 silly audit   'convert-source-map': [ '2.0.0' ],
454 silly audit   'cross-spawn': [ '7.0.6' ],
454 silly audit   csstype: [ '3.2.3' ],
454 silly audit   'damerau-levenshtein': [ '1.0.8' ],
454 silly audit   'data-view-buffer': [ '1.0.2' ],
454 silly audit   'data-view-byte-length': [ '1.0.2' ],
454 silly audit   'data-view-byte-offset': [ '1.0.1' ],
454 silly audit   debug: [ '4.4.3', '3.2.7' ],
454 silly audit   'deep-is': [ '0.1.4' ],
454 silly audit   'define-data-property': [ '1.1.4' ],
454 silly audit   'define-properties': [ '1.2.1' ],
454 silly audit   'detect-libc': [ '2.1.2' ],
454 silly audit   doctrine: [ '2.1.0' ],
454 silly audit   'dunder-proto': [ '1.0.1' ],
454 silly audit   'electron-to-chromium': [ '1.5.307' ],
454 silly audit   'emoji-regex': [ '9.2.2' ],
454 silly audit   'enhanced-resolve': [ '5.20.0' ],
454 silly audit   'es-abstract': [ '1.24.1' ],
454 silly audit   'es-define-property': [ '1.0.1' ],
454 silly audit   'es-errors': [ '1.3.0' ],
454 silly audit   'es-iterator-helpers': [ '1.3.0' ],
454 silly audit   'es-object-atoms': [ '1.1.1' ],
454 silly audit   'es-set-tostringtag': [ '2.1.0' ],
454 silly audit   'es-shim-unscopables': [ '1.1.0' ],
454 silly audit   'es-to-primitive': [ '1.3.0' ],
454 silly audit   escalade: [ '3.2.0' ],
454 silly audit   'escape-string-regexp': [ '4.0.0' ],
454 silly audit   eslint: [ '9.39.4' ],
454 silly audit   'eslint-config-next': [ '16.1.6' ],
454 silly audit   globals: [ '16.4.0', '14.0.0' ],
454 silly audit   'eslint-import-resolver-node': [ '0.3.9' ],
454 silly audit   'eslint-import-resolver-typescript': [ '3.10.1' ],
454 silly audit   'eslint-module-utils': [ '2.12.1' ],
454 silly audit   'eslint-plugin-import': [ '2.32.0' ],
454 silly audit   'eslint-plugin-jsx-a11y': [ '6.10.2' ],
454 silly audit   'eslint-plugin-react': [ '7.37.5' ],
454 silly audit   'eslint-plugin-react-hooks': [ '7.0.1' ],
454 silly audit   resolve: [ '2.0.0-next.6', '1.22.11' ],
454 silly audit   'eslint-scope': [ '8.4.0' ],
454 silly audit   espree: [ '10.4.0' ],
454 silly audit   esquery: [ '1.7.0' ],
454 silly audit   esrecurse: [ '4.3.0' ],
454 silly audit   estraverse: [ '5.3.0' ],
454 silly audit   esutils: [ '2.0.3' ],
454 silly audit   'fast-deep-equal': [ '3.1.3' ],
454 silly audit   'fast-glob': [ '3.3.1' ],
454 silly audit   'glob-parent': [ '5.1.2', '6.0.2' ],
454 silly audit   'fast-json-stable-stringify': [ '2.1.0' ],
454 silly audit   'fast-levenshtein': [ '2.0.6' ],
454 silly audit   fastq: [ '1.20.1' ],
454 silly audit   'file-entry-cache': [ '8.0.0' ],
454 silly audit   'fill-range': [ '7.1.1' ],
454 silly audit   'find-up': [ '5.0.0' ],
454 silly audit   'flat-cache': [ '4.0.1' ],
454 silly audit   flatted: [ '3.4.1' ],
454 silly audit   'for-each': [ '0.3.5' ],
454 silly audit   'function-bind': [ '1.1.2' ],
454 silly audit   'function.prototype.name': [ '1.1.8' ],
454 silly audit   'functions-have-names': [ '1.2.3' ],
454 silly audit   'generator-function': [ '2.0.1' ],
454 silly audit   gensync: [ '1.0.0-beta.2' ],
454 silly audit   'get-intrinsic': [ '1.3.0' ],
454 silly audit   'get-proto': [ '1.0.1' ],
454 silly audit   'get-symbol-description': [ '1.1.0' ],
454 silly audit   'get-tsconfig': [ '4.13.6' ],
454 silly audit   globalthis: [ '1.0.4' ],
454 silly audit   gopd: [ '1.2.0' ],
454 silly audit   'graceful-fs': [ '4.2.11' ],
454 silly audit   'has-bigints': [ '1.1.0' ],
454 silly audit   'has-flag': [ '4.0.0' ],
454 silly audit   'has-property-descriptors': [ '1.0.2' ],
454 silly audit   'has-proto': [ '1.2.0' ],
454 silly audit   'has-symbols': [ '1.1.0' ],
454 silly audit   'has-tostringtag': [ '1.0.2' ],
454 silly audit   hasown: [ '2.0.2' ],
454 silly audit   'hermes-estree': [ '0.25.1' ],
454 silly audit   'hermes-parser': [ '0.25.1' ],
454 silly audit   'import-fresh': [ '3.3.1' ],
454 silly audit   imurmurhash: [ '0.1.4' ],
454 silly audit   'internal-slot': [ '1.1.0' ],
454 silly audit   'is-array-buffer': [ '3.0.5' ],
454 silly audit   'is-async-function': [ '2.1.1' ],
454 silly audit   'is-bigint': [ '1.1.0' ],
454 silly audit   'is-boolean-object': [ '1.2.2' ],
454 silly audit   'is-bun-module': [ '2.0.0' ],
454 silly audit   'is-callable': [ '1.2.7' ],
454 silly audit   'is-core-module': [ '2.16.1' ],
454 silly audit   'is-data-view': [ '1.0.2' ],
454 silly audit   'is-date-object': [ '1.1.0' ],
454 silly audit   'is-extglob': [ '2.1.1' ],
454 silly audit   'is-finalizationregistry': [ '1.1.1' ],
454 silly audit   'is-generator-function': [ '1.1.2' ],
454 silly audit   'is-glob': [ '4.0.3' ],
454 silly audit   'is-map': [ '2.0.3' ],
454 silly audit   'is-negative-zero': [ '2.0.3' ],
454 silly audit   'is-number': [ '7.0.0' ],
454 silly audit   'is-number-object': [ '1.1.1' ],
454 silly audit   'is-regex': [ '1.2.1' ],
454 silly audit   'is-set': [ '2.0.3' ],
454 silly audit   'is-shared-array-buffer': [ '1.0.4' ],
454 silly audit   'is-string': [ '1.1.1' ],
454 silly audit   'is-symbol': [ '1.1.1' ],
454 silly audit   'is-typed-array': [ '1.1.15' ],
454 silly audit   'is-weakmap': [ '2.0.2' ],
454 silly audit   'is-weakref': [ '1.1.1' ],
454 silly audit   'is-weakset': [ '2.0.4' ],
454 silly audit   isarray: [ '2.0.5' ],
454 silly audit   isexe: [ '2.0.0' ],
454 silly audit   'iterator.prototype': [ '1.1.5' ],
454 silly audit   jiti: [ '2.6.1' ],
454 silly audit   'js-tokens': [ '4.0.0' ],
454 silly audit   'js-yaml': [ '4.1.1' ],
454 silly audit   jsesc: [ '3.1.0' ],
454 silly audit   'json-buffer': [ '3.0.1' ],
454 silly audit   'json-schema-traverse': [ '0.4.1' ],
454 silly audit   'json-stable-stringify-without-jsonify': [ '1.0.1' ],
454 silly audit   json5: [ '2.2.3', '1.0.2' ],
454 silly audit   'jsx-ast-utils': [ '3.3.5' ],
454 silly audit   keyv: [ '4.5.4' ],
454 silly audit   'language-subtag-registry': [ '0.3.23' ],
454 silly audit   'language-tags': [ '1.0.9' ],
454 silly audit   levn: [ '0.4.1' ],
454 silly audit   lightningcss: [ '1.31.1' ],
454 silly audit   'lightningcss-android-arm64': [ '1.31.1' ],
454 silly audit   'lightningcss-darwin-arm64': [ '1.31.1' ],
454 silly audit   'lightningcss-darwin-x64': [ '1.31.1' ],
454 silly audit   'lightningcss-freebsd-x64': [ '1.31.1' ],
454 silly audit   'lightningcss-linux-arm-gnueabihf': [ '1.31.1' ],
454 silly audit   'lightningcss-linux-arm64-gnu': [ '1.31.1' ],
454 silly audit   'lightningcss-linux-arm64-musl': [ '1.31.1' ],
454 silly audit   'lightningcss-linux-x64-gnu': [ '1.31.1' ],
454 silly audit   'lightningcss-linux-x64-musl': [ '1.31.1' ],
454 silly audit   'lightningcss-win32-arm64-msvc': [ '1.31.1' ],
454 silly audit   'lightningcss-win32-x64-msvc': [ '1.31.1' ],
454 silly audit   'locate-path': [ '6.0.0' ],
454 silly audit   'lodash.merge': [ '4.6.2' ],
454 silly audit   'loose-envify': [ '1.4.0' ],
454 silly audit   'lru-cache': [ '5.1.1' ],
454 silly audit   'magic-string': [ '0.30.21' ],
454 silly audit   'math-intrinsics': [ '1.1.0' ],
454 silly audit   merge2: [ '1.4.1' ],
454 silly audit   micromatch: [ '4.0.8' ],
454 silly audit   minimist: [ '1.2.8' ],
454 silly audit   ms: [ '2.1.3' ],
454 silly audit   nanoid: [ '3.3.11' ],
454 silly audit   'napi-postinstall': [ '0.3.4' ],
454 silly audit   'natural-compare': [ '1.4.0' ],
454 silly audit   next: [ '16.1.6' ],
454 silly audit   postcss: [ '8.4.31', '8.5.8' ],
454 silly audit   'node-exports-info': [ '1.6.0' ],
454 silly audit   'node-releases': [ '2.0.36' ],
454 silly audit   'object-assign': [ '4.1.1' ],
454 silly audit   'object-inspect': [ '1.13.4' ],
454 silly audit   'object-keys': [ '1.1.1' ],
454 silly audit   'object.assign': [ '4.1.7' ],
454 silly audit   'object.entries': [ '1.1.9' ],
454 silly audit   'object.fromentries': [ '2.0.8' ],
454 silly audit   'object.groupby': [ '1.0.3' ],
454 silly audit   'object.values': [ '1.2.1' ],
454 silly audit   optionator: [ '0.9.4' ],
454 silly audit   'own-keys': [ '1.0.1' ],
454 silly audit   'p-limit': [ '3.1.0' ],
454 silly audit   'p-locate': [ '5.0.0' ],
454 silly audit   'parent-module': [ '1.0.1' ],
454 silly audit   'path-exists': [ '4.0.0' ],
454 silly audit   'path-key': [ '3.1.1' ],
454 silly audit   'path-parse': [ '1.0.7' ],
454 silly audit   picocolors: [ '1.1.1' ],
454 silly audit   picomatch: [ '2.3.1', '4.0.3' ],
454 silly audit   'possible-typed-array-names': [ '1.1.0' ],
454 silly audit   'prelude-ls': [ '1.2.1' ],
454 silly audit   'prop-types': [ '15.8.1' ],
454 silly audit   punycode: [ '2.3.1' ],
454 silly audit   'queue-microtask': [ '1.2.3' ],
454 silly audit   react: [ '19.2.3' ],
454 silly audit   'react-dom': [ '19.2.3' ],
454 silly audit   'react-is': [ '16.13.1' ],
454 silly audit   'reflect.getprototypeof': [ '1.0.10' ],
454 silly audit   'regexp.prototype.flags': [ '1.5.4' ],
454 silly audit   'resolve-from': [ '4.0.0' ],
454 silly audit   'resolve-pkg-maps': [ '1.0.0' ],
454 silly audit   reusify: [ '1.1.0' ],
454 silly audit   'run-parallel': [ '1.2.0' ],
454 silly audit   'safe-array-concat': [ '1.1.3' ],
454 silly audit   'safe-push-apply': [ '1.0.0' ],
454 silly audit   'safe-regex-test': [ '1.1.0' ],
454 silly audit   scheduler: [ '0.27.0' ],
454 silly audit   'set-function-length': [ '1.2.2' ],
454 silly audit   'set-function-name': [ '2.0.2' ],
454 silly audit   'set-proto': [ '1.0.0' ],
454 silly audit   sharp: [ '0.34.5' ],
454 silly audit   'shebang-command': [ '2.0.0' ],
454 silly audit   'shebang-regex': [ '3.0.0' ],
454 silly audit   'side-channel': [ '1.1.0' ],
454 silly audit   'side-channel-list': [ '1.0.0' ],
454 silly audit   'side-channel-map': [ '1.0.1' ],
454 silly audit   'side-channel-weakmap': [ '1.0.2' ],
454 silly audit   'source-map-js': [ '1.2.1' ],
454 silly audit   'stable-hash': [ '0.0.5' ],
454 silly audit   'stop-iteration-iterator': [ '1.1.0' ],
454 silly audit   'string.prototype.includes': [ '2.0.1' ],
454 silly audit   'string.prototype.matchall': [ '4.0.12' ],
454 silly audit   'string.prototype.repeat': [ '1.0.0' ],
454 silly audit   'string.prototype.trim': [ '1.2.10' ],
454 silly audit   'string.prototype.trimend': [ '1.0.9' ],
454 silly audit   'string.prototype.trimstart': [ '1.0.8' ],
454 silly audit   'strip-bom': [ '3.0.0' ],
454 silly audit   'strip-json-comments': [ '3.1.1' ],
454 silly audit   'styled-jsx': [ '5.1.6' ],
454 silly audit   'supports-color': [ '7.2.0' ],
454 silly audit   'supports-preserve-symlinks-flag': [ '1.0.0' ],
454 silly audit   tailwindcss: [ '4.2.1' ],
454 silly audit   tapable: [ '2.3.0' ],
454 silly audit   tinyglobby: [ '0.2.15' ],
454 silly audit   fdir: [ '6.5.0' ],
454 silly audit   'to-regex-range': [ '5.0.1' ],
454 silly audit   'ts-api-utils': [ '2.4.0' ],
454 silly audit   'tsconfig-paths': [ '3.15.0' ],
454 silly audit   tslib: [ '2.8.1' ],
454 silly audit   'type-check': [ '0.4.0' ],
454 silly audit   'typed-array-buffer': [ '1.0.3' ],
454 silly audit   'typed-array-byte-length': [ '1.0.3' ],
454 silly audit   'typed-array-byte-offset': [ '1.0.4' ],
454 silly audit   'typed-array-length': [ '1.0.7' ],
454 silly audit   typescript: [ '5.9.3' ],
454 silly audit   'typescript-eslint': [ '8.57.0' ],
454 silly audit   'unbox-primitive': [ '1.1.0' ],
454 silly audit   'undici-types': [ '6.21.0' ],
454 silly audit   'unrs-resolver': [ '1.11.1' ],
454 silly audit   'update-browserslist-db': [ '1.2.3' ],
454 silly audit   'uri-js': [ '4.4.1' ],
454 silly audit   which: [ '2.0.2' ],
454 silly audit   'which-boxed-primitive': [ '1.1.1' ],
454 silly audit   'which-builtin-type': [ '1.2.1' ],
454 silly audit   'which-collection': [ '1.0.2' ],
454 silly audit   'which-typed-array': [ '1.1.20' ],
454 silly audit   'word-wrap': [ '1.2.5' ],
454 silly audit   yallist: [ '3.1.1' ],
454 silly audit   'yocto-queue': [ '0.1.0' ],
454 silly audit   zod: [ '4.3.6' ],
454 silly audit   'zod-validation-error': [ '4.0.2' ],
454 silly audit   '@prisma/client': [ '7.5.0' ],
454 silly audit   prisma: [ '7.5.0' ],
454 silly audit   '@prisma/client-runtime-utils': [ '7.5.0' ],
454 silly audit   '@prisma/config': [ '7.5.0' ],
454 silly audit   '@prisma/dev': [ '0.20.0' ],
454 silly audit   '@prisma/engines': [ '7.5.0' ],
454 silly audit   '@prisma/studio-core': [ '0.21.1' ],
454 silly audit   mysql2: [ '3.15.3' ],
454 silly audit   postgres: [ '3.4.7' ],
454 silly audit   c12: [ '3.1.0' ],
454 silly audit   'deepmerge-ts': [ '7.1.5' ],
454 silly audit   effect: [ '3.18.4' ],
454 silly audit   empathic: [ '2.0.0' ],
454 silly audit   '@electric-sql/pglite': [ '0.3.15' ],
454 silly audit   '@electric-sql/pglite-socket': [ '0.0.20' ],
454 silly audit   '@electric-sql/pglite-tools': [ '0.2.20' ],
454 silly audit   '@hono/node-server': [ '1.19.9' ],
454 silly audit   hono: [ '4.11.4' ],
454 silly audit   '@mrleebo/prisma-ast': [ '0.13.1' ],
454 silly audit   '@prisma/get-platform': [ '7.2.0', '7.5.0' ],
454 silly audit   '@prisma/query-plan-executor': [ '7.2.0' ],
454 silly audit   'foreground-child': [ '3.3.1' ],
454 silly audit   'get-port-please': [ '3.2.0' ],
454 silly audit   'http-status-codes': [ '2.3.0' ],
454 silly audit   pathe: [ '2.0.3' ],
454 silly audit   'proper-lockfile': [ '4.1.2' ],
454 silly audit   remeda: [ '2.33.4' ],
454 silly audit   'std-env': [ '3.10.0' ],
454 silly audit   valibot: [ '1.2.0' ],
454 silly audit   zeptomatch: [ '2.1.0' ],
454 silly audit   chevrotain: [ '10.5.0' ],
454 silly audit   lilconfig: [ '2.1.0' ],
454 silly audit   '@prisma/debug': [ '7.5.0', '7.2.0' ],
454 silly audit   '@prisma/engines-version': [ '7.5.0-15.280c870be64f457428992c43c1f6d557fab6e29e' ],
454 silly audit   '@prisma/fetch-engine': [ '7.5.0' ],
454 silly audit   chokidar: [ '4.0.3' ],
454 silly audit   confbox: [ '0.2.4' ],
454 silly audit   defu: [ '6.1.4' ],
454 silly audit   dotenv: [ '16.6.1' ],
454 silly audit   exsolve: [ '1.0.8' ],
454 silly audit   giget: [ '2.0.0' ],
454 silly audit   ohash: [ '2.0.11' ],
454 silly audit   'perfect-debounce': [ '1.0.0' ],
454 silly audit   'pkg-types': [ '2.3.0' ],
454 silly audit   rc9: [ '2.1.2' ],
454 silly audit   '@chevrotain/cst-dts-gen': [ '10.5.0' ],
454 silly audit   '@chevrotain/gast': [ '10.5.0' ],
454 silly audit   '@chevrotain/types': [ '10.5.0' ],
454 silly audit   '@chevrotain/utils': [ '10.5.0' ],
454 silly audit   lodash: [ '4.17.21' ],
454 silly audit   'regexp-to-ast': [ '0.5.0' ],
454 silly audit   readdirp: [ '4.1.2' ],
454 silly audit   '@standard-schema/spec': [ '1.1.0' ],
454 silly audit   'fast-check': [ '3.23.2' ],
454 silly audit   'pure-rand': [ '6.1.0' ],
454 silly audit   'signal-exit': [ '4.1.0', '3.0.7' ],
454 silly audit   citty: [ '0.1.6', '0.2.1' ],
454 silly audit   consola: [ '3.4.2' ],
454 silly audit   'node-fetch-native': [ '1.6.7' ],
454 silly audit   nypm: [ '0.6.5' ],
454 silly audit   'aws-ssl-profiles': [ '1.1.2' ],
454 silly audit   denque: [ '2.1.0' ],
454 silly audit   'generate-function': [ '2.3.1' ],
454 silly audit   'iconv-lite': [ '0.7.2' ],
454 silly audit   long: [ '5.3.2' ],
454 silly audit   'lru.min': [ '1.1.4' ],
454 silly audit   'named-placeholders': [ '1.1.6' ],
454 silly audit   'seq-queue': [ '0.0.5' ],
454 silly audit   sqlstring: [ '2.3.3' ],
454 silly audit   'is-property': [ '1.0.2' ],
454 silly audit   'safer-buffer': [ '2.1.2' ],
454 silly audit   tinyexec: [ '1.0.2' ],
454 silly audit   retry: [ '0.12.0' ],
454 silly audit   destr: [ '2.0.5' ],
454 silly audit   grammex: [ '3.1.12' ],
454 silly audit   graphmatch: [ '1.1.1' ],
454 silly audit   '@tailwindcss/oxide-wasm32-wasi': [ '4.2.1' ]
454 silly audit }
455 verbose reify failed optional dependency /Users/davecarr/Desktop/Floral pos system/floravision/node_modules/lightningcss-win32-x64-msvc
456 silly reify mark deleted [
456 silly reify   '/Users/davecarr/Desktop/Floral pos system/floravision/node_modules/lightningcss-win32-x64-msvc'
456 silly reify ]
457 verbose reify failed optional dependency /Users/davecarr/Desktop/Floral pos system/floravision/node_modules/lightningcss-win32-arm64-msvc
458 silly reify mark deleted [
458 silly reify   '/Users/davecarr/Desktop/Floral pos system/floravision/node_modules/lightningcss-win32-arm64-msvc'
458 silly reify ]
459 verbose reify failed optional dependency /Users/davecarr/Desktop/Floral pos system/floravision/node_modules/lightningcss-linux-x64-musl
460 silly reify mark deleted [
460 silly reify   '/Users/davecarr/Desktop/Floral pos system/floravision/node_modules/lightningcss-linux-x64-musl'
460 silly reify ]
461 verbose reify failed optional dependency /Users/davecarr/Desktop/Floral pos system/floravision/node_modules/lightningcss-linux-x64-gnu
462 silly reify mark deleted [
462 silly reify   '/Users/davecarr/Desktop/Floral pos system/floravision/node_modules/lightningcss-linux-x64-gnu'
462 silly reify ]
463 verbose reify failed optional dependency /Users/davecarr/Desktop/Floral pos system/floravision/node_modules/lightningcss-linux-arm64-musl
464 silly reify mark deleted [
464 silly reify   '/Users/davecarr/Desktop/Floral pos system/floravision/node_modules/lightningcss-linux-arm64-musl'
464 silly reify ]
465 verbose reify failed optional dependency /Users/davecarr/Desktop/Floral pos system/floravision/node_modules/lightningcss-linux-arm64-gnu
466 silly reify mark deleted [
466 silly reify   '/Users/davecarr/Desktop/Floral pos system/floravision/node_modules/lightningcss-linux-arm64-gnu'
466 silly reify ]
467 verbose reify failed optional dependency /Users/davecarr/Desktop/Floral pos system/floravision/node_modules/lightningcss-linux-arm-gnueabihf
468 silly reify mark deleted [
468 silly reify   '/Users/davecarr/Desktop/Floral pos system/floravision/node_modules/lightningcss-linux-arm-gnueabihf'
468 silly reify ]
469 verbose reify failed optional dependency /Users/davecarr/Desktop/Floral pos system/floravision/node_modules/lightningcss-freebsd-x64
470 silly reify mark deleted [
470 silly reify   '/Users/davecarr/Desktop/Floral pos system/floravision/node_modules/lightningcss-freebsd-x64'
470 silly reify ]
471 verbose reify failed optional dependency /Users/davecarr/Desktop/Floral pos system/floravision/node_modules/lightningcss-darwin-x64
472 silly reify mark deleted [
472 silly reify   '/Users/davecarr/Desktop/Floral pos system/floravision/node_modules/lightningcss-darwin-x64'
472 silly reify ]
473 verbose reify failed optional dependency /Users/davecarr/Desktop/Floral pos system/floravision/node_modules/lightningcss-android-arm64
474 silly reify mark deleted [
474 silly reify   '/Users/davecarr/Desktop/Floral pos system/floravision/node_modules/lightningcss-android-arm64'
474 silly reify ]
475 verbose reify failed optional dependency /Users/davecarr/Desktop/Floral pos system/floravision/node_modules/@unrs/resolver-binding-win32-x64-msvc
476 silly reify mark deleted [
476 silly reify   '/Users/davecarr/Desktop/Floral pos system/floravision/node_modules/@unrs/resolver-binding-win32-x64-msvc'
476 silly reify ]
477 verbose reify failed optional dependency /Users/davecarr/Desktop/Floral pos system/floravision/node_modules/@unrs/resolver-binding-win32-ia32-msvc
478 silly reify mark deleted [
478 silly reify   '/Users/davecarr/Desktop/Floral pos system/floravision/node_modules/@unrs/resolver-binding-win32-ia32-msvc'
478 silly reify ]
479 verbose reify failed optional dependency /Users/davecarr/Desktop/Floral pos system/floravision/node_modules/@unrs/resolver-binding-win32-arm64-msvc
480 silly reify mark deleted [
480 silly reify   '/Users/davecarr/Desktop/Floral pos system/floravision/node_modules/@unrs/resolver-binding-win32-arm64-msvc'
480 silly reify ]
481 verbose reify failed optional dependency /Users/davecarr/Desktop/Floral pos system/floravision/node_modules/@unrs/resolver-binding-wasm32-wasi
482 silly reify mark deleted [
482 silly reify   '/Users/davecarr/Desktop/Floral pos system/floravision/node_modules/@unrs/resolver-binding-wasm32-wasi'
482 silly reify ]
483 verbose reify failed optional dependency /Users/davecarr/Desktop/Floral pos system/floravision/node_modules/@unrs/resolver-binding-linux-x64-musl
484 silly reify mark deleted [
484 silly reify   '/Users/davecarr/Desktop/Floral pos system/floravision/node_modules/@unrs/resolver-binding-linux-x64-musl'
484 silly reify ]
485 verbose reify failed optional dependency /Users/davecarr/Desktop/Floral pos system/floravision/node_modules/@unrs/resolver-binding-linux-x64-gnu
486 silly reify mark deleted [
486 silly reify   '/Users/davecarr/Desktop/Floral pos system/floravision/node_modules/@unrs/resolver-binding-linux-x64-gnu'
486 silly reify ]
487 verbose reify failed optional dependency /Users/davecarr/Desktop/Floral pos system/floravision/node_modules/@unrs/resolver-binding-linux-s390x-gnu
488 silly reify mark deleted [
488 silly reify   '/Users/davecarr/Desktop/Floral pos system/floravision/node_modules/@unrs/resolver-binding-linux-s390x-gnu'
488 silly reify ]
489 verbose reify failed optional dependency /Users/davecarr/Desktop/Floral pos system/floravision/node_modules/@unrs/resolver-binding-linux-riscv64-musl
490 silly reify mark deleted [
490 silly reify   '/Users/davecarr/Desktop/Floral pos system/floravision/node_modules/@unrs/resolver-binding-linux-riscv64-musl'
490 silly reify ]
491 verbose reify failed optional dependency /Users/davecarr/Desktop/Floral pos system/floravision/node_modules/@unrs/resolver-binding-linux-riscv64-gnu
492 silly reify mark deleted [
492 silly reify   '/Users/davecarr/Desktop/Floral pos system/floravision/node_modules/@unrs/resolver-binding-linux-riscv64-gnu'
492 silly reify ]
493 verbose reify failed optional dependency /Users/davecarr/Desktop/Floral pos system/floravision/node_modules/@unrs/resolver-binding-linux-ppc64-gnu
494 silly reify mark deleted [
494 silly reify   '/Users/davecarr/Desktop/Floral pos system/floravision/node_modules/@unrs/resolver-binding-linux-ppc64-gnu'
494 silly reify ]
495 verbose reify failed optional dependency /Users/davecarr/Desktop/Floral pos system/floravision/node_modules/@unrs/resolver-binding-linux-arm64-musl
496 silly reify mark deleted [
496 silly reify   '/Users/davecarr/Desktop/Floral pos system/floravision/node_modules/@unrs/resolver-binding-linux-arm64-musl'
496 silly reify ]
497 verbose reify failed optional dependency /Users/davecarr/Desktop/Floral pos system/floravision/node_modules/@unrs/resolver-binding-linux-arm64-gnu
498 silly reify mark deleted [
498 silly reify   '/Users/davecarr/Desktop/Floral pos system/floravision/node_modules/@unrs/resolver-binding-linux-arm64-gnu'
498 silly reify ]
499 verbose reify failed optional dependency /Users/davecarr/Desktop/Floral pos system/floravision/node_modules/@unrs/resolver-binding-linux-arm-musleabihf
500 silly reify mark deleted [
500 silly reify   '/Users/davecarr/Desktop/Floral pos system/floravision/node_modules/@unrs/resolver-binding-linux-arm-musleabihf'
500 silly reify ]
501 verbose reify failed optional dependency /Users/davecarr/Desktop/Floral pos system/floravision/node_modules/@unrs/resolver-binding-linux-arm-gnueabihf
502 silly reify mark deleted [
502 silly reify   '/Users/davecarr/Desktop/Floral pos system/floravision/node_modules/@unrs/resolver-binding-linux-arm-gnueabihf'
502 silly reify ]
503 verbose reify failed optional dependency /Users/davecarr/Desktop/Floral pos system/floravision/node_modules/@unrs/resolver-binding-freebsd-x64
504 silly reify mark deleted [
504 silly reify   '/Users/davecarr/Desktop/Floral pos system/floravision/node_modules/@unrs/resolver-binding-freebsd-x64'
504 silly reify ]
505 verbose reify failed optional dependency /Users/davecarr/Desktop/Floral pos system/floravision/node_modules/@unrs/resolver-binding-darwin-x64
506 silly reify mark deleted [
506 silly reify   '/Users/davecarr/Desktop/Floral pos system/floravision/node_modules/@unrs/resolver-binding-darwin-x64'
506 silly reify ]
507 verbose reify failed optional dependency /Users/davecarr/Desktop/Floral pos system/floravision/node_modules/@unrs/resolver-binding-android-arm64
508 silly reify mark deleted [
508 silly reify   '/Users/davecarr/Desktop/Floral pos system/floravision/node_modules/@unrs/resolver-binding-android-arm64'
508 silly reify ]
509 verbose reify failed optional dependency /Users/davecarr/Desktop/Floral pos system/floravision/node_modules/@unrs/resolver-binding-android-arm-eabi
510 silly reify mark deleted [
510 silly reify   '/Users/davecarr/Desktop/Floral pos system/floravision/node_modules/@unrs/resolver-binding-android-arm-eabi'
510 silly reify ]
511 verbose reify failed optional dependency /Users/davecarr/Desktop/Floral pos system/floravision/node_modules/@tailwindcss/oxide-win32-x64-msvc
512 silly reify mark deleted [
512 silly reify   '/Users/davecarr/Desktop/Floral pos system/floravision/node_modules/@tailwindcss/oxide-win32-x64-msvc'
512 silly reify ]
513 verbose reify failed optional dependency /Users/davecarr/Desktop/Floral pos system/floravision/node_modules/@tailwindcss/oxide-win32-arm64-msvc
514 silly reify mark deleted [
514 silly reify   '/Users/davecarr/Desktop/Floral pos system/floravision/node_modules/@tailwindcss/oxide-win32-arm64-msvc'
514 silly reify ]
515 verbose reify failed optional dependency /Users/davecarr/Desktop/Floral pos system/floravision/node_modules/@tailwindcss/oxide-linux-x64-musl
516 silly reify mark deleted [
516 silly reify   '/Users/davecarr/Desktop/Floral pos system/floravision/node_modules/@tailwindcss/oxide-linux-x64-musl'
516 silly reify ]
517 verbose reify failed optional dependency /Users/davecarr/Desktop/Floral pos system/floravision/node_modules/@tailwindcss/oxide-linux-x64-gnu
518 silly reify mark deleted [
518 silly reify   '/Users/davecarr/Desktop/Floral pos system/floravision/node_modules/@tailwindcss/oxide-linux-x64-gnu'
518 silly reify ]
519 verbose reify failed optional dependency /Users/davecarr/Desktop/Floral pos system/floravision/node_modules/@tailwindcss/oxide-linux-arm64-musl
520 silly reify mark deleted [
520 silly reify   '/Users/davecarr/Desktop/Floral pos system/floravision/node_modules/@tailwindcss/oxide-linux-arm64-musl'
520 silly reify ]
521 verbose reify failed optional dependency /Users/davecarr/Desktop/Floral pos system/floravision/node_modules/@tailwindcss/oxide-linux-arm64-gnu
522 silly reify mark deleted [
522 silly reify   '/Users/davecarr/Desktop/Floral pos system/floravision/node_modules/@tailwindcss/oxide-linux-arm64-gnu'
522 silly reify ]
523 verbose reify failed optional dependency /Users/davecarr/Desktop/Floral pos system/floravision/node_modules/@tailwindcss/oxide-linux-arm-gnueabihf
524 silly reify mark deleted [
524 silly reify   '/Users/davecarr/Desktop/Floral pos system/floravision/node_modules/@tailwindcss/oxide-linux-arm-gnueabihf'
524 silly reify ]
525 verbose reify failed optional dependency /Users/davecarr/Desktop/Floral pos system/floravision/node_modules/@tailwindcss/oxide-freebsd-x64
526 silly reify mark deleted [
526 silly reify   '/Users/davecarr/Desktop/Floral pos system/floravision/node_modules/@tailwindcss/oxide-freebsd-x64'
526 silly reify ]
527 verbose reify failed optional dependency /Users/davecarr/Desktop/Floral pos system/floravision/node_modules/@tailwindcss/oxide-darwin-x64
528 silly reify mark deleted [
528 silly reify   '/Users/davecarr/Desktop/Floral pos system/floravision/node_modules/@tailwindcss/oxide-darwin-x64'
528 silly reify ]
529 verbose reify failed optional dependency /Users/davecarr/Desktop/Floral pos system/floravision/node_modules/@tailwindcss/oxide-android-arm64
530 silly reify mark deleted [
530 silly reify   '/Users/davecarr/Desktop/Floral pos system/floravision/node_modules/@tailwindcss/oxide-android-arm64'
530 silly reify ]
531 verbose reify failed optional dependency /Users/davecarr/Desktop/Floral pos system/floravision/node_modules/@next/swc-win32-x64-msvc
532 silly reify mark deleted [
532 silly reify   '/Users/davecarr/Desktop/Floral pos system/floravision/node_modules/@next/swc-win32-x64-msvc'
532 silly reify ]
533 verbose reify failed optional dependency /Users/davecarr/Desktop/Floral pos system/floravision/node_modules/@next/swc-win32-arm64-msvc
534 silly reify mark deleted [
534 silly reify   '/Users/davecarr/Desktop/Floral pos system/floravision/node_modules/@next/swc-win32-arm64-msvc'
534 silly reify ]
535 verbose reify failed optional dependency /Users/davecarr/Desktop/Floral pos system/floravision/node_modules/@next/swc-linux-x64-musl
536 silly reify mark deleted [
536 silly reify   '/Users/davecarr/Desktop/Floral pos system/floravision/node_modules/@next/swc-linux-x64-musl'
536 silly reify ]
537 verbose reify failed optional dependency /Users/davecarr/Desktop/Floral pos system/floravision/node_modules/@next/swc-linux-x64-gnu
538 silly reify mark deleted [
538 silly reify   '/Users/davecarr/Desktop/Floral pos system/floravision/node_modules/@next/swc-linux-x64-gnu'
538 silly reify ]
539 verbose reify failed optional dependency /Users/davecarr/Desktop/Floral pos system/floravision/node_modules/@next/swc-linux-arm64-musl
540 silly reify mark deleted [
540 silly reify   '/Users/davecarr/Desktop/Floral pos system/floravision/node_modules/@next/swc-linux-arm64-musl'
540 silly reify ]
541 verbose reify failed optional dependency /Users/davecarr/Desktop/Floral pos system/floravision/node_modules/@next/swc-linux-arm64-gnu
542 silly reify mark deleted [
542 silly reify   '/Users/davecarr/Desktop/Floral pos system/floravision/node_modules/@next/swc-linux-arm64-gnu'
542 silly reify ]
543 verbose reify failed optional dependency /Users/davecarr/Desktop/Floral pos system/floravision/node_modules/@next/swc-darwin-x64
544 silly reify mark deleted [
544 silly reify   '/Users/davecarr/Desktop/Floral pos system/floravision/node_modules/@next/swc-darwin-x64'
544 silly reify ]
545 verbose reify failed optional dependency /Users/davecarr/Desktop/Floral pos system/floravision/node_modules/@img/sharp-win32-x64
546 silly reify mark deleted [
546 silly reify   '/Users/davecarr/Desktop/Floral pos system/floravision/node_modules/@img/sharp-win32-x64'
546 silly reify ]
547 verbose reify failed optional dependency /Users/davecarr/Desktop/Floral pos system/floravision/node_modules/@img/sharp-win32-ia32
548 silly reify mark deleted [
548 silly reify   '/Users/davecarr/Desktop/Floral pos system/floravision/node_modules/@img/sharp-win32-ia32'
548 silly reify ]
549 verbose reify failed optional dependency /Users/davecarr/Desktop/Floral pos system/floravision/node_modules/@img/sharp-win32-arm64
550 silly reify mark deleted [
550 silly reify   '/Users/davecarr/Desktop/Floral pos system/floravision/node_modules/@img/sharp-win32-arm64'
550 silly reify ]
551 verbose reify failed optional dependency /Users/davecarr/Desktop/Floral pos system/floravision/node_modules/@img/sharp-wasm32
552 silly reify mark deleted [
552 silly reify   '/Users/davecarr/Desktop/Floral pos system/floravision/node_modules/@img/sharp-wasm32'
552 silly reify ]
553 verbose reify failed optional dependency /Users/davecarr/Desktop/Floral pos system/floravision/node_modules/@img/sharp-linuxmusl-x64
554 silly reify mark deleted [
554 silly reify   '/Users/davecarr/Desktop/Floral pos system/floravision/node_modules/@img/sharp-linuxmusl-x64'
554 silly reify ]
555 verbose reify failed optional dependency /Users/davecarr/Desktop/Floral pos system/floravision/node_modules/@img/sharp-linuxmusl-arm64
556 silly reify mark deleted [
556 silly reify   '/Users/davecarr/Desktop/Floral pos system/floravision/node_modules/@img/sharp-linuxmusl-arm64'
556 silly reify ]
557 verbose reify failed optional dependency /Users/davecarr/Desktop/Floral pos system/floravision/node_modules/@img/sharp-linux-x64
558 silly reify mark deleted [
558 silly reify   '/Users/davecarr/Desktop/Floral pos system/floravision/node_modules/@img/sharp-linux-x64'
558 silly reify ]
559 verbose reify failed optional dependency /Users/davecarr/Desktop/Floral pos system/floravision/node_modules/@img/sharp-linux-s390x
560 silly reify mark deleted [
560 silly reify   '/Users/davecarr/Desktop/Floral pos system/floravision/node_modules/@img/sharp-linux-s390x'
560 silly reify ]
561 verbose reify failed optional dependency /Users/davecarr/Desktop/Floral pos system/floravision/node_modules/@img/sharp-linux-riscv64
562 silly reify mark deleted [
562 silly reify   '/Users/davecarr/Desktop/Floral pos system/floravision/node_modules/@img/sharp-linux-riscv64'
562 silly reify ]
563 verbose reify failed optional dependency /Users/davecarr/Desktop/Floral pos system/floravision/node_modules/@img/sharp-linux-ppc64
564 silly reify mark deleted [
564 silly reify   '/Users/davecarr/Desktop/Floral pos system/floravision/node_modules/@img/sharp-linux-ppc64'
564 silly reify ]
565 verbose reify failed optional dependency /Users/davecarr/Desktop/Floral pos system/floravision/node_modules/@img/sharp-linux-arm64
566 silly reify mark deleted [
566 silly reify   '/Users/davecarr/Desktop/Floral pos system/floravision/node_modules/@img/sharp-linux-arm64'
566 silly reify ]
567 verbose reify failed optional dependency /Users/davecarr/Desktop/Floral pos system/floravision/node_modules/@img/sharp-linux-arm
568 silly reify mark deleted [
568 silly reify   '/Users/davecarr/Desktop/Floral pos system/floravision/node_modules/@img/sharp-linux-arm'
568 silly reify ]
569 verbose reify failed optional dependency /Users/davecarr/Desktop/Floral pos system/floravision/node_modules/@img/sharp-libvips-linuxmusl-x64
570 silly reify mark deleted [
570 silly reify   '/Users/davecarr/Desktop/Floral pos system/floravision/node_modules/@img/sharp-libvips-linuxmusl-x64'
570 silly reify ]
571 verbose reify failed optional dependency /Users/davecarr/Desktop/Floral pos system/floravision/node_modules/@img/sharp-libvips-linuxmusl-arm64
572 silly reify mark deleted [
572 silly reify   '/Users/davecarr/Desktop/Floral pos system/floravision/node_modules/@img/sharp-libvips-linuxmusl-arm64'
572 silly reify ]
573 verbose reify failed optional dependency /Users/davecarr/Desktop/Floral pos system/floravision/node_modules/@img/sharp-libvips-linux-x64
574 silly reify mark deleted [
574 silly reify   '/Users/davecarr/Desktop/Floral pos system/floravision/node_modules/@img/sharp-libvips-linux-x64'
574 silly reify ]
575 verbose reify failed optional dependency /Users/davecarr/Desktop/Floral pos system/floravision/node_modules/@img/sharp-libvips-linux-s390x
576 silly reify mark deleted [
576 silly reify   '/Users/davecarr/Desktop/Floral pos system/floravision/node_modules/@img/sharp-libvips-linux-s390x'
576 silly reify ]
577 verbose reify failed optional dependency /Users/davecarr/Desktop/Floral pos system/floravision/node_modules/@img/sharp-libvips-linux-riscv64
578 silly reify mark deleted [
578 silly reify   '/Users/davecarr/Desktop/Floral pos system/floravision/node_modules/@img/sharp-libvips-linux-riscv64'
578 silly reify ]
579 verbose reify failed optional dependency /Users/davecarr/Desktop/Floral pos system/floravision/node_modules/@img/sharp-libvips-linux-ppc64
580 silly reify mark deleted [
580 silly reify   '/Users/davecarr/Desktop/Floral pos system/floravision/node_modules/@img/sharp-libvips-linux-ppc64'
580 silly reify ]
581 verbose reify failed optional dependency /Users/davecarr/Desktop/Floral pos system/floravision/node_modules/@img/sharp-libvips-linux-arm64
582 silly reify mark deleted [
582 silly reify   '/Users/davecarr/Desktop/Floral pos system/floravision/node_modules/@img/sharp-libvips-linux-arm64'
582 silly reify ]
583 verbose reify failed optional dependency /Users/davecarr/Desktop/Floral pos system/floravision/node_modules/@img/sharp-libvips-linux-arm
584 silly reify mark deleted [
584 silly reify   '/Users/davecarr/Desktop/Floral pos system/floravision/node_modules/@img/sharp-libvips-linux-arm'
584 silly reify ]
585 verbose reify failed optional dependency /Users/davecarr/Desktop/Floral pos system/floravision/node_modules/@img/sharp-libvips-darwin-x64
586 silly reify mark deleted [
586 silly reify   '/Users/davecarr/Desktop/Floral pos system/floravision/node_modules/@img/sharp-libvips-darwin-x64'
586 silly reify ]
587 verbose reify failed optional dependency /Users/davecarr/Desktop/Floral pos system/floravision/node_modules/@img/sharp-darwin-x64
588 silly reify mark deleted [
588 silly reify   '/Users/davecarr/Desktop/Floral pos system/floravision/node_modules/@img/sharp-darwin-x64'
588 silly reify ]
589 http cache graphmatch@https://registry.npmjs.org/graphmatch/-/graphmatch-1.1.1.tgz 0ms (cache hit)
590 http cache retry@https://registry.npmjs.org/retry/-/retry-0.12.0.tgz 0ms (cache hit)
591 http cache tinyexec@https://registry.npmjs.org/tinyexec/-/tinyexec-1.0.2.tgz 0ms (cache hit)
592 http cache safer-buffer@https://registry.npmjs.org/safer-buffer/-/safer-buffer-2.1.2.tgz 0ms (cache hit)
593 http cache destr@https://registry.npmjs.org/destr/-/destr-2.0.5.tgz 0ms (cache hit)
594 http cache seq-queue@https://registry.npmjs.org/seq-queue/-/seq-queue-0.0.5.tgz 0ms (cache hit)
595 http cache is-property@https://registry.npmjs.org/is-property/-/is-property-1.0.2.tgz 0ms (cache hit)
596 http cache named-placeholders@https://registry.npmjs.org/named-placeholders/-/named-placeholders-1.1.6.tgz 0ms (cache hit)
597 http cache sqlstring@https://registry.npmjs.org/sqlstring/-/sqlstring-2.3.3.tgz 0ms (cache hit)
598 http cache long@https://registry.npmjs.org/long/-/long-5.3.2.tgz 0ms (cache hit)
599 http cache iconv-lite@https://registry.npmjs.org/iconv-lite/-/iconv-lite-0.7.2.tgz 0ms (cache hit)
600 http cache generate-function@https://registry.npmjs.org/generate-function/-/generate-function-2.3.1.tgz 0ms (cache hit)
601 http cache grammex@https://registry.npmjs.org/grammex/-/grammex-3.1.12.tgz 0ms (cache hit)
602 http cache lru.min@https://registry.npmjs.org/lru.min/-/lru.min-1.1.4.tgz 0ms (cache hit)
603 http cache denque@https://registry.npmjs.org/denque/-/denque-2.1.0.tgz 0ms (cache hit)
604 http cache aws-ssl-profiles@https://registry.npmjs.org/aws-ssl-profiles/-/aws-ssl-profiles-1.1.2.tgz 0ms (cache hit)
605 http cache node-fetch-native@https://registry.npmjs.org/node-fetch-native/-/node-fetch-native-1.6.7.tgz 0ms (cache hit)
606 http cache nypm@https://registry.npmjs.org/nypm/-/nypm-0.6.5.tgz 0ms (cache hit)
607 http cache consola@https://registry.npmjs.org/consola/-/consola-3.4.2.tgz 0ms (cache hit)
608 http cache pure-rand@https://registry.npmjs.org/pure-rand/-/pure-rand-6.1.0.tgz 0ms (cache hit)
609 http cache citty@https://registry.npmjs.org/citty/-/citty-0.1.6.tgz 0ms (cache hit)
610 http cache @standard-schema/spec@https://registry.npmjs.org/@standard-schema/spec/-/spec-1.1.0.tgz 0ms (cache hit)
611 http cache fast-check@https://registry.npmjs.org/fast-check/-/fast-check-3.23.2.tgz 0ms (cache hit)
612 http cache signal-exit@https://registry.npmjs.org/signal-exit/-/signal-exit-4.1.0.tgz 0ms (cache hit)
613 http cache @chevrotain/utils@https://registry.npmjs.org/@chevrotain/utils/-/utils-10.5.0.tgz 0ms (cache hit)
614 http cache readdirp@https://registry.npmjs.org/readdirp/-/readdirp-4.1.2.tgz 0ms (cache hit)
615 http cache @chevrotain/cst-dts-gen@https://registry.npmjs.org/@chevrotain/cst-dts-gen/-/cst-dts-gen-10.5.0.tgz 0ms (cache hit)
616 http cache rc9@https://registry.npmjs.org/rc9/-/rc9-2.1.2.tgz 0ms (cache hit)
617 http cache regexp-to-ast@https://registry.npmjs.org/regexp-to-ast/-/regexp-to-ast-0.5.0.tgz 0ms (cache hit)
618 http cache pkg-types@https://registry.npmjs.org/pkg-types/-/pkg-types-2.3.0.tgz 0ms (cache hit)
619 http cache perfect-debounce@https://registry.npmjs.org/perfect-debounce/-/perfect-debounce-1.0.0.tgz 0ms (cache hit)
620 http cache ohash@https://registry.npmjs.org/ohash/-/ohash-2.0.11.tgz 0ms (cache hit)
621 http cache giget@https://registry.npmjs.org/giget/-/giget-2.0.0.tgz 0ms (cache hit)
622 http cache exsolve@https://registry.npmjs.org/exsolve/-/exsolve-1.0.8.tgz 0ms (cache hit)
623 http cache dotenv@https://registry.npmjs.org/dotenv/-/dotenv-16.6.1.tgz 0ms (cache hit)
624 http cache defu@https://registry.npmjs.org/defu/-/defu-6.1.4.tgz 0ms (cache hit)
625 http cache @chevrotain/gast@https://registry.npmjs.org/@chevrotain/gast/-/gast-10.5.0.tgz 0ms (cache hit)
626 http cache confbox@https://registry.npmjs.org/confbox/-/confbox-0.2.4.tgz 0ms (cache hit)
627 http cache @prisma/fetch-engine@https://registry.npmjs.org/@prisma/fetch-engine/-/fetch-engine-7.5.0.tgz 0ms (cache hit)
628 http cache chokidar@https://registry.npmjs.org/chokidar/-/chokidar-4.0.3.tgz 0ms (cache hit)
629 http cache @chevrotain/types@https://registry.npmjs.org/@chevrotain/types/-/types-10.5.0.tgz 0ms (cache hit)
630 http cache lodash@https://registry.npmjs.org/lodash/-/lodash-4.17.21.tgz 0ms (cache hit)
631 http cache @prisma/engines-version@https://registry.npmjs.org/@prisma/engines-version/-/engines-version-7.5.0-15.280c870be64f457428992c43c1f6d557fab6e29e.tgz 0ms (cache hit)
632 http cache @prisma/debug@https://registry.npmjs.org/@prisma/debug/-/debug-7.5.0.tgz 0ms (cache hit)
633 http cache chevrotain@https://registry.npmjs.org/chevrotain/-/chevrotain-10.5.0.tgz 0ms (cache hit)
634 http cache std-env@https://registry.npmjs.org/std-env/-/std-env-3.10.0.tgz 0ms (cache hit)
635 http cache valibot@https://registry.npmjs.org/valibot/-/valibot-1.2.0.tgz 0ms (cache hit)
636 http cache remeda@https://registry.npmjs.org/remeda/-/remeda-2.33.4.tgz 0ms (cache hit)
637 http cache proper-lockfile@https://registry.npmjs.org/proper-lockfile/-/proper-lockfile-4.1.2.tgz 0ms (cache hit)
638 http cache http-status-codes@https://registry.npmjs.org/http-status-codes/-/http-status-codes-2.3.0.tgz 0ms (cache hit)
639 http cache zeptomatch@https://registry.npmjs.org/zeptomatch/-/zeptomatch-2.1.0.tgz 0ms (cache hit)
640 http cache pathe@https://registry.npmjs.org/pathe/-/pathe-2.0.3.tgz 0ms (cache hit)
641 http cache foreground-child@https://registry.npmjs.org/foreground-child/-/foreground-child-3.3.1.tgz 0ms (cache hit)
642 http cache lilconfig@https://registry.npmjs.org/lilconfig/-/lilconfig-2.1.0.tgz 0ms (cache hit)
643 http cache @mrleebo/prisma-ast@https://registry.npmjs.org/@mrleebo/prisma-ast/-/prisma-ast-0.13.1.tgz 0ms (cache hit)
644 http cache @prisma/query-plan-executor@https://registry.npmjs.org/@prisma/query-plan-executor/-/query-plan-executor-7.2.0.tgz 0ms (cache hit)
645 http cache @prisma/get-platform@https://registry.npmjs.org/@prisma/get-platform/-/get-platform-7.2.0.tgz 0ms (cache hit)
646 http cache hono@https://registry.npmjs.org/hono/-/hono-4.11.4.tgz 0ms (cache hit)
647 http cache get-port-please@https://registry.npmjs.org/get-port-please/-/get-port-please-3.2.0.tgz 0ms (cache hit)
648 http cache @hono/node-server@https://registry.npmjs.org/@hono/node-server/-/node-server-1.19.9.tgz 0ms (cache hit)
649 http cache @electric-sql/pglite@https://registry.npmjs.org/@electric-sql/pglite/-/pglite-0.3.15.tgz 0ms (cache hit)
650 http cache empathic@https://registry.npmjs.org/empathic/-/empathic-2.0.0.tgz 0ms (cache hit)
651 http cache @electric-sql/pglite-tools@https://registry.npmjs.org/@electric-sql/pglite-tools/-/pglite-tools-0.2.20.tgz 0ms (cache hit)
652 http cache deepmerge-ts@https://registry.npmjs.org/deepmerge-ts/-/deepmerge-ts-7.1.5.tgz 0ms (cache hit)
653 http cache @electric-sql/pglite-socket@https://registry.npmjs.org/@electric-sql/pglite-socket/-/pglite-socket-0.0.20.tgz 0ms (cache hit)
654 http cache @prisma/studio-core@https://registry.npmjs.org/@prisma/studio-core/-/studio-core-0.21.1.tgz 0ms (cache hit)
655 http cache c12@https://registry.npmjs.org/c12/-/c12-3.1.0.tgz 0ms (cache hit)
656 http cache effect@https://registry.npmjs.org/effect/-/effect-3.18.4.tgz 0ms (cache hit)
657 http cache mysql2@https://registry.npmjs.org/mysql2/-/mysql2-3.15.3.tgz 0ms (cache hit)
658 http cache postgres@https://registry.npmjs.org/postgres/-/postgres-3.4.7.tgz 0ms (cache hit)
659 http cache @prisma/client-runtime-utils@https://registry.npmjs.org/@prisma/client-runtime-utils/-/client-runtime-utils-7.5.0.tgz 0ms (cache hit)
660 http cache @prisma/config@https://registry.npmjs.org/@prisma/config/-/config-7.5.0.tgz 0ms (cache hit)
661 http cache @prisma/client@https://registry.npmjs.org/@prisma/client/-/client-7.5.0.tgz 0ms (cache hit)
662 http cache @prisma/engines@https://registry.npmjs.org/@prisma/engines/-/engines-7.5.0.tgz 0ms (cache hit)
663 http cache @prisma/dev@https://registry.npmjs.org/@prisma/dev/-/dev-0.20.0.tgz 0ms (cache hit)
664 http cache signal-exit@https://registry.npmjs.org/signal-exit/-/signal-exit-3.0.7.tgz 0ms (cache hit)
665 http cache prisma@https://registry.npmjs.org/prisma/-/prisma-7.5.0.tgz 0ms (cache hit)
666 http cache @prisma/get-platform@https://registry.npmjs.org/@prisma/get-platform/-/get-platform-7.5.0.tgz 0ms (cache hit)
667 silly tarball no local data for retry@https://registry.npmjs.org/retry/-/retry-0.12.0.tgz. Extracting by manifest.
668 silly tarball no local data for tinyexec@https://registry.npmjs.org/tinyexec/-/tinyexec-1.0.2.tgz. Extracting by manifest.
669 silly tarball no local data for graphmatch@https://registry.npmjs.org/graphmatch/-/graphmatch-1.1.1.tgz. Extracting by manifest.
670 silly tarball no local data for safer-buffer@https://registry.npmjs.org/safer-buffer/-/safer-buffer-2.1.2.tgz. Extracting by manifest.
671 silly tarball no local data for destr@https://registry.npmjs.org/destr/-/destr-2.0.5.tgz. Extracting by manifest.
672 http cache citty@https://registry.npmjs.org/citty/-/citty-0.2.1.tgz 0ms (cache hit)
673 silly tarball no local data for seq-queue@https://registry.npmjs.org/seq-queue/-/seq-queue-0.0.5.tgz. Extracting by manifest.
674 silly tarball no local data for is-property@https://registry.npmjs.org/is-property/-/is-property-1.0.2.tgz. Extracting by manifest.
675 silly tarball no local data for named-placeholders@https://registry.npmjs.org/named-placeholders/-/named-placeholders-1.1.6.tgz. Extracting by manifest.
676 silly tarball no local data for sqlstring@https://registry.npmjs.org/sqlstring/-/sqlstring-2.3.3.tgz. Extracting by manifest.
677 silly tarball no local data for long@https://registry.npmjs.org/long/-/long-5.3.2.tgz. Extracting by manifest.
678 silly tarball no local data for iconv-lite@https://registry.npmjs.org/iconv-lite/-/iconv-lite-0.7.2.tgz. Extracting by manifest.
679 http cache @prisma/get-platform@https://registry.npmjs.org/@prisma/get-platform/-/get-platform-7.5.0.tgz 0ms (cache hit)
680 silly tarball no local data for generate-function@https://registry.npmjs.org/generate-function/-/generate-function-2.3.1.tgz. Extracting by manifest.
681 silly tarball no local data for lru.min@https://registry.npmjs.org/lru.min/-/lru.min-1.1.4.tgz. Extracting by manifest.
682 http cache @prisma/debug@https://registry.npmjs.org/@prisma/debug/-/debug-7.2.0.tgz 0ms (cache hit)
683 silly tarball no local data for denque@https://registry.npmjs.org/denque/-/denque-2.1.0.tgz. Extracting by manifest.
684 silly tarball no local data for node-fetch-native@https://registry.npmjs.org/node-fetch-native/-/node-fetch-native-1.6.7.tgz. Extracting by manifest.
685 silly tarball no local data for nypm@https://registry.npmjs.org/nypm/-/nypm-0.6.5.tgz. Extracting by manifest.
686 silly tarball no local data for grammex@https://registry.npmjs.org/grammex/-/grammex-3.1.12.tgz. Extracting by manifest.
687 silly tarball no local data for consola@https://registry.npmjs.org/consola/-/consola-3.4.2.tgz. Extracting by manifest.
688 silly tarball no local data for aws-ssl-profiles@https://registry.npmjs.org/aws-ssl-profiles/-/aws-ssl-profiles-1.1.2.tgz. Extracting by manifest.
689 silly tarball no local data for pure-rand@https://registry.npmjs.org/pure-rand/-/pure-rand-6.1.0.tgz. Extracting by manifest.
690 silly tarball no local data for citty@https://registry.npmjs.org/citty/-/citty-0.1.6.tgz. Extracting by manifest.
691 silly tarball no local data for @standard-schema/spec@https://registry.npmjs.org/@standard-schema/spec/-/spec-1.1.0.tgz. Extracting by manifest.
692 silly tarball no local data for fast-check@https://registry.npmjs.org/fast-check/-/fast-check-3.23.2.tgz. Extracting by manifest.
693 silly tarball no local data for signal-exit@https://registry.npmjs.org/signal-exit/-/signal-exit-4.1.0.tgz. Extracting by manifest.
694 silly tarball no local data for @chevrotain/utils@https://registry.npmjs.org/@chevrotain/utils/-/utils-10.5.0.tgz. Extracting by manifest.
695 silly tarball no local data for readdirp@https://registry.npmjs.org/readdirp/-/readdirp-4.1.2.tgz. Extracting by manifest.
696 silly tarball no local data for @chevrotain/cst-dts-gen@https://registry.npmjs.org/@chevrotain/cst-dts-gen/-/cst-dts-gen-10.5.0.tgz. Extracting by manifest.
697 silly tarball no local data for rc9@https://registry.npmjs.org/rc9/-/rc9-2.1.2.tgz. Extracting by manifest.
698 silly tarball no local data for regexp-to-ast@https://registry.npmjs.org/regexp-to-ast/-/regexp-to-ast-0.5.0.tgz. Extracting by manifest.
699 silly tarball no local data for pkg-types@https://registry.npmjs.org/pkg-types/-/pkg-types-2.3.0.tgz. Extracting by manifest.
700 silly tarball no local data for perfect-debounce@https://registry.npmjs.org/perfect-debounce/-/perfect-debounce-1.0.0.tgz. Extracting by manifest.
701 silly tarball no local data for ohash@https://registry.npmjs.org/ohash/-/ohash-2.0.11.tgz. Extracting by manifest.
702 silly tarball no local data for giget@https://registry.npmjs.org/giget/-/giget-2.0.0.tgz. Extracting by manifest.
703 silly tarball no local data for exsolve@https://registry.npmjs.org/exsolve/-/exsolve-1.0.8.tgz. Extracting by manifest.
704 silly tarball no local data for defu@https://registry.npmjs.org/defu/-/defu-6.1.4.tgz. Extracting by manifest.
705 silly tarball no local data for @chevrotain/gast@https://registry.npmjs.org/@chevrotain/gast/-/gast-10.5.0.tgz. Extracting by manifest.
706 silly tarball no local data for confbox@https://registry.npmjs.org/confbox/-/confbox-0.2.4.tgz. Extracting by manifest.
707 silly tarball no local data for chokidar@https://registry.npmjs.org/chokidar/-/chokidar-4.0.3.tgz. Extracting by manifest.
708 silly tarball no local data for dotenv@https://registry.npmjs.org/dotenv/-/dotenv-16.6.1.tgz. Extracting by manifest.
709 silly tarball no local data for @chevrotain/types@https://registry.npmjs.org/@chevrotain/types/-/types-10.5.0.tgz. Extracting by manifest.
710 silly tarball no local data for @prisma/fetch-engine@https://registry.npmjs.org/@prisma/fetch-engine/-/fetch-engine-7.5.0.tgz. Extracting by manifest.
711 silly tarball no local data for chevrotain@https://registry.npmjs.org/chevrotain/-/chevrotain-10.5.0.tgz. Extracting by manifest.
712 silly tarball no local data for std-env@https://registry.npmjs.org/std-env/-/std-env-3.10.0.tgz. Extracting by manifest.
713 silly tarball no local data for lodash@https://registry.npmjs.org/lodash/-/lodash-4.17.21.tgz. Extracting by manifest.
714 silly tarball no local data for valibot@https://registry.npmjs.org/valibot/-/valibot-1.2.0.tgz. Extracting by manifest.
715 silly tarball no local data for @prisma/engines-version@https://registry.npmjs.org/@prisma/engines-version/-/engines-version-7.5.0-15.280c870be64f457428992c43c1f6d557fab6e29e.tgz. Extracting by manifest.
716 silly tarball no local data for remeda@https://registry.npmjs.org/remeda/-/remeda-2.33.4.tgz. Extracting by manifest.
717 silly tarball no local data for @prisma/debug@https://registry.npmjs.org/@prisma/debug/-/debug-7.5.0.tgz. Extracting by manifest.
718 silly tarball no local data for http-status-codes@https://registry.npmjs.org/http-status-codes/-/http-status-codes-2.3.0.tgz. Extracting by manifest.
719 silly tarball no local data for zeptomatch@https://registry.npmjs.org/zeptomatch/-/zeptomatch-2.1.0.tgz. Extracting by manifest.
720 silly tarball no local data for proper-lockfile@https://registry.npmjs.org/proper-lockfile/-/proper-lockfile-4.1.2.tgz. Extracting by manifest.
721 silly tarball no local data for foreground-child@https://registry.npmjs.org/foreground-child/-/foreground-child-3.3.1.tgz. Extracting by manifest.
722 silly tarball no local data for lilconfig@https://registry.npmjs.org/lilconfig/-/lilconfig-2.1.0.tgz. Extracting by manifest.
723 silly tarball no local data for @mrleebo/prisma-ast@https://registry.npmjs.org/@mrleebo/prisma-ast/-/prisma-ast-0.13.1.tgz. Extracting by manifest.
724 silly tarball no local data for pathe@https://registry.npmjs.org/pathe/-/pathe-2.0.3.tgz. Extracting by manifest.
725 silly tarball no local data for @prisma/get-platform@https://registry.npmjs.org/@prisma/get-platform/-/get-platform-7.2.0.tgz. Extracting by manifest.
726 silly tarball no local data for hono@https://registry.npmjs.org/hono/-/hono-4.11.4.tgz. Extracting by manifest.
727 silly tarball no local data for get-port-please@https://registry.npmjs.org/get-port-please/-/get-port-please-3.2.0.tgz. Extracting by manifest.
728 silly tarball no local data for @hono/node-server@https://registry.npmjs.org/@hono/node-server/-/node-server-1.19.9.tgz. Extracting by manifest.
729 silly tarball no local data for @electric-sql/pglite@https://registry.npmjs.org/@electric-sql/pglite/-/pglite-0.3.15.tgz. Extracting by manifest.
730 silly tarball no local data for @prisma/query-plan-executor@https://registry.npmjs.org/@prisma/query-plan-executor/-/query-plan-executor-7.2.0.tgz. Extracting by manifest.
731 silly tarball no local data for empathic@https://registry.npmjs.org/empathic/-/empathic-2.0.0.tgz. Extracting by manifest.
732 silly tarball no local data for @electric-sql/pglite-tools@https://registry.npmjs.org/@electric-sql/pglite-tools/-/pglite-tools-0.2.20.tgz. Extracting by manifest.
733 silly tarball no local data for deepmerge-ts@https://registry.npmjs.org/deepmerge-ts/-/deepmerge-ts-7.1.5.tgz. Extracting by manifest.
734 silly tarball no local data for @electric-sql/pglite-socket@https://registry.npmjs.org/@electric-sql/pglite-socket/-/pglite-socket-0.0.20.tgz. Extracting by manifest.
735 silly tarball no local data for @prisma/studio-core@https://registry.npmjs.org/@prisma/studio-core/-/studio-core-0.21.1.tgz. Extracting by manifest.
736 silly tarball no local data for c12@https://registry.npmjs.org/c12/-/c12-3.1.0.tgz. Extracting by manifest.
737 silly tarball no local data for effect@https://registry.npmjs.org/effect/-/effect-3.18.4.tgz. Extracting by manifest.
738 silly tarball no local data for mysql2@https://registry.npmjs.org/mysql2/-/mysql2-3.15.3.tgz. Extracting by manifest.
739 silly tarball no local data for postgres@https://registry.npmjs.org/postgres/-/postgres-3.4.7.tgz. Extracting by manifest.
740 silly tarball no local data for @prisma/client-runtime-utils@https://registry.npmjs.org/@prisma/client-runtime-utils/-/client-runtime-utils-7.5.0.tgz. Extracting by manifest.
741 silly tarball no local data for @prisma/config@https://registry.npmjs.org/@prisma/config/-/config-7.5.0.tgz. Extracting by manifest.
742 silly tarball no local data for @prisma/client@https://registry.npmjs.org/@prisma/client/-/client-7.5.0.tgz. Extracting by manifest.
743 silly tarball no local data for signal-exit@https://registry.npmjs.org/signal-exit/-/signal-exit-3.0.7.tgz. Extracting by manifest.
744 silly tarball no local data for prisma@https://registry.npmjs.org/prisma/-/prisma-7.5.0.tgz. Extracting by manifest.
745 silly tarball no local data for @prisma/get-platform@https://registry.npmjs.org/@prisma/get-platform/-/get-platform-7.5.0.tgz. Extracting by manifest.
746 silly tarball no local data for @prisma/engines@https://registry.npmjs.org/@prisma/engines/-/engines-7.5.0.tgz. Extracting by manifest.
747 silly tarball no local data for @prisma/dev@https://registry.npmjs.org/@prisma/dev/-/dev-0.20.0.tgz. Extracting by manifest.
748 silly tarball no local data for citty@https://registry.npmjs.org/citty/-/citty-0.2.1.tgz. Extracting by manifest.
749 silly tarball no local data for @prisma/get-platform@https://registry.npmjs.org/@prisma/get-platform/-/get-platform-7.5.0.tgz. Extracting by manifest.
750 silly tarball no local data for @prisma/debug@https://registry.npmjs.org/@prisma/debug/-/debug-7.2.0.tgz. Extracting by manifest.
751 http fetch GET 200 https://registry.npmjs.org/destr/-/destr-2.0.5.tgz 67ms (cache miss)
752 http fetch GET 200 https://registry.npmjs.org/tinyexec/-/tinyexec-1.0.2.tgz 67ms (cache miss)
753 http fetch GET 200 https://registry.npmjs.org/seq-queue/-/seq-queue-0.0.5.tgz 67ms (cache miss)
754 http fetch GET 200 https://registry.npmjs.org/retry/-/retry-0.12.0.tgz 68ms (cache miss)
755 http fetch GET 200 https://registry.npmjs.org/graphmatch/-/graphmatch-1.1.1.tgz 82ms (cache miss)
756 http fetch GET 200 https://registry.npmjs.org/safer-buffer/-/safer-buffer-2.1.2.tgz 84ms (cache miss)
757 http fetch POST 200 https://registry.npmjs.org/-/npm/v1/security/advisories/bulk 128ms
758 silly audit report {
758 silly audit report   '@hono/node-server': [
758 silly audit report     {
758 silly audit report       id: 1114170,
758 silly audit report       url: 'https://github.com/advisories/GHSA-wc8c-qw6v-h7f6',
758 silly audit report       title: '@hono/node-server has authorization bypass for protected static paths via encoded slashes in Serve Static Middleware',
758 silly audit report       severity: 'high',
758 silly audit report       vulnerable_versions: '<1.19.10',
758 silly audit report       cwe: [Array],
758 silly audit report       cvss: [Object]
758 silly audit report     }
758 silly audit report   ],
758 silly audit report   hono: [
758 silly audit report     {
758 silly audit report       id: 1112644,
758 silly audit report       url: 'https://github.com/advisories/GHSA-9r54-q6cx-xmh5',
758 silly audit report       title: 'Hono vulnerable to XSS through ErrorBoundary component ',
758 silly audit report       severity: 'moderate',
758 silly audit report       vulnerable_versions: '<4.11.7',
758 silly audit report       cwe: [Array],
758 silly audit report       cvss: [Object]
758 silly audit report     },
758 silly audit report     {
758 silly audit report       id: 1112677,
758 silly audit report       url: 'https://github.com/advisories/GHSA-6wqw-2p9w-4vw4',
758 silly audit report       title: 'Hono cache middleware ignores "Cache-Control: private" leading to Web Cache Deception',
758 silly audit report       severity: 'moderate',
758 silly audit report       vulnerable_versions: '<4.11.7',
758 silly audit report       cwe: [Array],
758 silly audit report       cvss: [Object]
758 silly audit report     },
758 silly audit report     {
758 silly audit report       id: 1112678,
758 silly audit report       url: 'https://github.com/advisories/GHSA-r354-f388-2fhh',
758 silly audit report       title: 'Hono IPv4 address validation bypass in IP Restriction Middleware allows IP spoofing',
758 silly audit report       severity: 'moderate',
758 silly audit report       vulnerable_versions: '<4.11.7',
758 silly audit report       cwe: [Array],
758 silly audit report       cvss: [Object]
758 silly audit report     },
758 silly audit report     {
758 silly audit report       id: 1112911,
758 silly audit report       url: 'https://github.com/advisories/GHSA-w332-q679-j88p',
758 silly audit report       title: 'Hono has an Arbitrary Key Read in Serve static Middleware (Cloudflare Workers Adapter)',
758 silly audit report       severity: 'moderate',
758 silly audit report       vulnerable_versions: '<4.11.7',
758 silly audit report       cwe: [Array],
758 silly audit report       cvss: [Object]
758 silly audit report     },
758 silly audit report     {
758 silly audit report       id: 1113311,
758 silly audit report       url: 'https://github.com/advisories/GHSA-gq3j-xvxp-8hrf',
758 silly audit report       title: 'Hono added timing comparison hardening in basicAuth and bearerAuth',
758 silly audit report       severity: 'low',
758 silly audit report       vulnerable_versions: '<4.11.10',
758 silly audit report       cwe: [Array],
758 silly audit report       cvss: [Object]
758 silly audit report     },
758 silly audit report     {
758 silly audit report       id: 1114004,
758 silly audit report       url: 'https://github.com/advisories/GHSA-5pq2-9x2x-5p6w',
758 silly audit report       title: 'Hono Vulnerable to Cookie Attribute Injection via Unsanitized domain and path in setCookie()',
758 silly audit report       severity: 'moderate',
758 silly audit report       vulnerable_versions: '<4.12.4',
758 silly audit report       cwe: [Array],
758 silly audit report       cvss: [Object]
758 silly audit report     },
758 silly audit report     {
758 silly audit report       id: 1114005,
758 silly audit report       url: 'https://github.com/advisories/GHSA-p6xx-57qc-3wxr',
758 silly audit report       title: 'Hono Vulnerable to SSE Control Field Injection via CR/LF in writeSSE()',
758 silly audit report       severity: 'moderate',
758 silly audit report       vulnerable_versions: '<4.12.4',
758 silly audit report       cwe: [Array],
758 silly audit report       cvss: [Object]
758 silly audit report     },
758 silly audit report     {
758 silly audit report       id: 1114006,
758 silly audit report       url: 'https://github.com/advisories/GHSA-q5qw-h33p-qvwr',
758 silly audit report       title: 'Hono vulnerable to arbitrary file access via serveStatic vulnerability ',
758 silly audit report       severity: 'high',
758 silly audit report       vulnerable_versions: '<4.12.4',
758 silly audit report       cwe: [Array],
758 silly audit report       cvss: [Object]
758 silly audit report     },
758 silly audit report     {
758 silly audit report       id: 1114341,
758 silly audit report       url: 'https://github.com/advisories/GHSA-v8w9-8mx6-g223',
758 silly audit report       title: 'Hono vulnerable to Prototype Pollution possible through __proto__ key allowed in parseBody({ dot: true })',
758 silly audit report       severity: 'moderate',
758 silly audit report       vulnerable_versions: '<4.12.7',
758 silly audit report       cwe: [Array],
758 silly audit report       cvss: [Object]
758 silly audit report     }
758 silly audit report   ],
758 silly audit report   lodash: [
758 silly audit report     {
758 silly audit report       id: 1112455,
758 silly audit report       url: 'https://github.com/advisories/GHSA-xxjr-mmjv-4gpg',
758 silly audit report       title: 'Lodash has Prototype Pollution Vulnerability in `_.unset` and `_.omit` functions',
758 silly audit report       severity: 'moderate',
758 silly audit report       vulnerable_versions: '>=4.0.0 <=4.17.22',
758 silly audit report       cwe: [Array],
758 silly audit report       cvss: [Object]
758 silly audit report     }
758 silly audit report   ]
758 silly audit report }
759 silly packumentCache corgi:https://registry.npmjs.org/@hono%2fnode-server cache-miss
760 silly packumentCache corgi:https://registry.npmjs.org/hono cache-miss
761 silly packumentCache corgi:https://registry.npmjs.org/lodash cache-miss
762 http fetch GET 200 https://registry.npmjs.org/nypm/-/nypm-0.6.5.tgz 118ms (cache miss)
763 http fetch GET 200 https://registry.npmjs.org/node-fetch-native/-/node-fetch-native-1.6.7.tgz 120ms (cache miss)
764 http fetch GET 200 https://registry.npmjs.org/grammex/-/grammex-3.1.12.tgz 126ms (cache miss)
765 http fetch GET 200 https://registry.npmjs.org/consola/-/consola-3.4.2.tgz 126ms (cache miss)
766 http fetch GET 200 https://registry.npmjs.org/pure-rand/-/pure-rand-6.1.0.tgz 138ms (cache miss)
767 http fetch GET 200 https://registry.npmjs.org/aws-ssl-profiles/-/aws-ssl-profiles-1.1.2.tgz 148ms (cache miss)
768 http fetch GET 200 https://registry.npmjs.org/generate-function/-/generate-function-2.3.1.tgz 160ms (cache miss)
769 http fetch GET 200 https://registry.npmjs.org/signal-exit/-/signal-exit-4.1.0.tgz 165ms (cache miss)
770 http fetch GET 200 https://registry.npmjs.org/named-placeholders/-/named-placeholders-1.1.6.tgz 170ms (cache miss)
771 http fetch GET 200 https://registry.npmjs.org/denque/-/denque-2.1.0.tgz 171ms (cache miss)
772 http fetch GET 200 https://registry.npmjs.org/sqlstring/-/sqlstring-2.3.3.tgz 172ms (cache miss)
773 http fetch GET 200 https://registry.npmjs.org/is-property/-/is-property-1.0.2.tgz 175ms (cache miss)
774 http fetch GET 200 https://registry.npmjs.org/citty/-/citty-0.1.6.tgz 175ms (cache miss)
775 http fetch GET 200 https://registry.npmjs.org/long/-/long-5.3.2.tgz 177ms (cache miss)
776 http fetch GET 200 https://registry.npmjs.org/lru.min/-/lru.min-1.1.4.tgz 179ms (cache miss)
777 http fetch GET 200 https://registry.npmjs.org/@standard-schema/spec/-/spec-1.1.0.tgz 178ms (cache miss)
778 http fetch GET 200 https://registry.npmjs.org/readdirp/-/readdirp-4.1.2.tgz 185ms (cache miss)
779 http fetch GET 200 https://registry.npmjs.org/@chevrotain/utils/-/utils-10.5.0.tgz 196ms (cache miss)
780 http fetch GET 200 https://registry.npmjs.org/regexp-to-ast/-/regexp-to-ast-0.5.0.tgz 207ms (cache miss)
781 http fetch GET 200 https://registry.npmjs.org/iconv-lite/-/iconv-lite-0.7.2.tgz 209ms (cache miss)
782 http fetch GET 200 https://registry.npmjs.org/rc9/-/rc9-2.1.2.tgz 214ms (cache miss)
783 http fetch GET 200 https://registry.npmjs.org/perfect-debounce/-/perfect-debounce-1.0.0.tgz 217ms (cache miss)
784 http fetch GET 200 https://registry.npmjs.org/pkg-types/-/pkg-types-2.3.0.tgz 217ms (cache miss)
785 http fetch GET 200 https://registry.npmjs.org/ohash/-/ohash-2.0.11.tgz 218ms (cache miss)
786 http fetch GET 200 https://registry.npmjs.org/exsolve/-/exsolve-1.0.8.tgz 224ms (cache miss)
787 http fetch GET 200 https://registry.npmjs.org/giget/-/giget-2.0.0.tgz 229ms (cache miss)
788 http fetch GET 200 https://registry.npmjs.org/confbox/-/confbox-0.2.4.tgz 234ms (cache miss)
789 http fetch GET 200 https://registry.npmjs.org/@chevrotain/cst-dts-gen/-/cst-dts-gen-10.5.0.tgz 235ms (cache miss)
790 http fetch GET 200 https://registry.npmjs.org/chokidar/-/chokidar-4.0.3.tgz 240ms (cache miss)
791 http fetch GET 200 https://registry.npmjs.org/defu/-/defu-6.1.4.tgz 243ms (cache miss)
792 http fetch GET 200 https://registry.npmjs.org/dotenv/-/dotenv-16.6.1.tgz 255ms (cache miss)
793 http fetch GET 200 https://registry.npmjs.org/@chevrotain/gast/-/gast-10.5.0.tgz 258ms (cache miss)
794 http fetch GET 200 https://registry.npmjs.org/std-env/-/std-env-3.10.0.tgz 276ms (cache miss)
795 http fetch GET 200 https://registry.npmjs.org/@chevrotain/types/-/types-10.5.0.tgz 295ms (cache miss)
796 http fetch GET 200 https://registry.npmjs.org/@prisma/fetch-engine/-/fetch-engine-7.5.0.tgz 296ms (cache miss)
797 http fetch GET 200 https://registry.npmjs.org/@prisma/engines-version/-/engines-version-7.5.0-15.280c870be64f457428992c43c1f6d557fab6e29e.tgz 304ms (cache miss)
798 http fetch GET 200 https://registry.npmjs.org/zeptomatch/-/zeptomatch-2.1.0.tgz 305ms (cache miss)
799 http fetch GET 200 https://registry.npmjs.org/proper-lockfile/-/proper-lockfile-4.1.2.tgz 306ms (cache miss)
800 http fetch GET 200 https://registry.npmjs.org/lilconfig/-/lilconfig-2.1.0.tgz 307ms (cache miss)
801 http fetch GET 200 https://registry.npmjs.org/@prisma/debug/-/debug-7.5.0.tgz 309ms (cache miss)
802 http fetch GET 200 https://registry.npmjs.org/http-status-codes/-/http-status-codes-2.3.0.tgz 319ms (cache miss)
803 http fetch GET 200 https://registry.npmjs.org/valibot/-/valibot-1.2.0.tgz 323ms (cache miss)
804 http fetch GET 200 https://registry.npmjs.org/pathe/-/pathe-2.0.3.tgz 330ms (cache miss)
805 http fetch GET 200 https://registry.npmjs.org/foreground-child/-/foreground-child-3.3.1.tgz 335ms (cache miss)
806 http fetch GET 200 https://registry.npmjs.org/fast-check/-/fast-check-3.23.2.tgz 344ms (cache miss)
807 http fetch GET 200 https://registry.npmjs.org/empathic/-/empathic-2.0.0.tgz 355ms (cache miss)
808 http fetch GET 200 https://registry.npmjs.org/chevrotain/-/chevrotain-10.5.0.tgz 383ms (cache miss)
809 http fetch GET 200 https://registry.npmjs.org/get-port-please/-/get-port-please-3.2.0.tgz 383ms (cache miss)
810 http fetch GET 200 https://registry.npmjs.org/deepmerge-ts/-/deepmerge-ts-7.1.5.tgz 388ms (cache miss)
811 http fetch GET 200 https://registry.npmjs.org/@mrleebo/prisma-ast/-/prisma-ast-0.13.1.tgz 390ms (cache miss)
812 http fetch GET 200 https://registry.npmjs.org/@hono/node-server/-/node-server-1.19.9.tgz 393ms (cache miss)
813 http fetch GET 200 https://registry.npmjs.org/c12/-/c12-3.1.0.tgz 409ms (cache miss)
814 http fetch GET 200 https://registry.npmjs.org/@prisma/get-platform/-/get-platform-7.2.0.tgz 414ms (cache miss)
815 http fetch GET 200 https://registry.npmjs.org/signal-exit/-/signal-exit-3.0.7.tgz 461ms (cache miss)
816 http fetch GET 200 https://registry.npmjs.org/@prisma/client-runtime-utils/-/client-runtime-utils-7.5.0.tgz 466ms (cache miss)
817 http fetch GET 200 https://registry.npmjs.org/postgres/-/postgres-3.4.7.tgz 466ms (cache miss)
818 http fetch GET 200 https://registry.npmjs.org/@prisma/config/-/config-7.5.0.tgz 474ms (cache miss)
819 http fetch GET 200 https://registry.npmjs.org/@prisma/engines/-/engines-7.5.0.tgz 499ms (cache miss)
820 http fetch GET 200 https://registry.npmjs.org/@prisma/query-plan-executor/-/query-plan-executor-7.2.0.tgz 540ms (cache miss)
821 http fetch GET 200 https://registry.npmjs.org/mysql2/-/mysql2-3.15.3.tgz 550ms (cache miss)
822 http fetch GET 200 https://registry.npmjs.org/@prisma/debug/-/debug-7.2.0.tgz 568ms (cache miss)
823 http fetch GET 200 https://registry.npmjs.org/@hono%2fnode-server 495ms (cache miss)
824 silly packumentCache corgi:https://registry.npmjs.org/@hono%2fnode-server set size:undefined disposed:false
825 http fetch GET 200 https://registry.npmjs.org/lodash 510ms (cache miss)
826 silly packumentCache corgi:https://registry.npmjs.org/lodash set size:undefined disposed:false
827 http fetch GET 200 https://registry.npmjs.org/@prisma/dev/-/dev-0.20.0.tgz 655ms (cache miss)
828 http fetch GET 200 https://registry.npmjs.org/hono 547ms (cache miss)
829 silly packumentCache corgi:https://registry.npmjs.org/hono set size:undefined disposed:false
830 silly packumentCache corgi:https://registry.npmjs.org/@prisma%2fdev cache-miss
831 http fetch GET 200 https://registry.npmjs.org/@electric-sql/pglite-tools/-/pglite-tools-0.2.20.tgz 707ms (cache miss)
832 http fetch GET 200 https://registry.npmjs.org/@electric-sql/pglite-socket/-/pglite-socket-0.0.20.tgz 710ms (cache miss)
833 http fetch GET 200 https://registry.npmjs.org/@prisma/get-platform/-/get-platform-7.5.0.tgz 735ms (cache miss)
834 http fetch GET 200 https://registry.npmjs.org/remeda/-/remeda-2.33.4.tgz 761ms (cache miss)
835 http fetch GET 200 https://registry.npmjs.org/citty/-/citty-0.2.1.tgz 772ms (cache miss)
836 http fetch GET 200 https://registry.npmjs.org/lodash/-/lodash-4.17.21.tgz 834ms (cache miss)
837 http fetch GET 200 https://registry.npmjs.org/@prisma%2fdev 158ms (cache miss)
838 silly packumentCache corgi:https://registry.npmjs.org/@prisma%2fdev set size:undefined disposed:false
839 http fetch GET 200 https://registry.npmjs.org/@prisma/get-platform/-/get-platform-7.5.0.tgz 943ms (cache miss)
840 silly packumentCache corgi:https://registry.npmjs.org/chevrotain cache-miss
841 silly packumentCache corgi:https://registry.npmjs.org/@chevrotain%2fcst-dts-gen cache-miss
842 silly packumentCache corgi:https://registry.npmjs.org/@chevrotain%2fgast cache-miss
843 http fetch GET 200 https://registry.npmjs.org/hono/-/hono-4.11.4.tgz 1010ms (cache miss)
844 http fetch GET 200 https://registry.npmjs.org/chevrotain 94ms (cache miss)
845 silly packumentCache corgi:https://registry.npmjs.org/chevrotain set size:undefined disposed:false
846 http fetch GET 200 https://registry.npmjs.org/@chevrotain%2fgast 110ms (cache miss)
847 silly packumentCache corgi:https://registry.npmjs.org/@chevrotain%2fgast set size:undefined disposed:false
848 http fetch GET 200 https://registry.npmjs.org/@chevrotain%2fcst-dts-gen 114ms (cache miss)
849 silly packumentCache corgi:https://registry.npmjs.org/@chevrotain%2fcst-dts-gen set size:undefined disposed:false
850 silly packumentCache corgi:https://registry.npmjs.org/prisma cache-miss
851 http fetch GET 200 https://registry.npmjs.org/@electric-sql/pglite/-/pglite-0.3.15.tgz 1187ms (cache miss)
852 http fetch GET 200 https://registry.npmjs.org/prisma/-/prisma-7.5.0.tgz 1440ms (cache miss)
853 http fetch GET 200 https://registry.npmjs.org/prisma 549ms (cache miss)
854 silly packumentCache corgi:https://registry.npmjs.org/prisma set size:undefined disposed:false
855 silly packumentCache corgi:https://registry.npmjs.org/@mrleebo%2fprisma-ast cache-miss
856 http fetch GET 200 https://registry.npmjs.org/@mrleebo%2fprisma-ast 97ms (cache miss)
857 silly packumentCache corgi:https://registry.npmjs.org/@mrleebo%2fprisma-ast set size:undefined disposed:false
858 silly packumentCache corgi:https://registry.npmjs.org/@prisma%2fclient cache-miss
859 http fetch GET 200 https://registry.npmjs.org/@prisma/client/-/client-7.5.0.tgz 2004ms (cache miss)
860 http fetch GET 200 https://registry.npmjs.org/effect/-/effect-3.18.4.tgz 2032ms (cache miss)
861 http fetch GET 200 https://registry.npmjs.org/@prisma%2fclient 774ms (cache miss)
862 silly packumentCache corgi:https://registry.npmjs.org/@prisma%2fclient set size:undefined disposed:false
863 http fetch GET 200 https://registry.npmjs.org/@prisma/studio-core/-/studio-core-0.21.1.tgz 3030ms (cache miss)
864 info run prisma@7.5.0 preinstall node_modules/prisma node scripts/preinstall-entry.js
865 info run prisma@7.5.0 preinstall { code: 0, signal: null }
866 info run @prisma/engines@7.5.0 postinstall node_modules/@prisma/engines node scripts/postinstall.js
867 info run @prisma/engines@7.5.0 postinstall { code: 0, signal: null }
868 silly ADD node_modules/graphmatch
869 silly ADD node_modules/grammex
870 silly ADD node_modules/destr
871 silly ADD node_modules/retry
872 silly ADD node_modules/tinyexec
873 silly ADD node_modules/safer-buffer
874 silly ADD node_modules/is-property
875 silly ADD node_modules/sqlstring
876 silly ADD node_modules/seq-queue
877 silly ADD node_modules/named-placeholders
878 silly ADD node_modules/lru.min
879 silly ADD node_modules/long
880 silly ADD node_modules/iconv-lite
881 silly ADD node_modules/generate-function
882 silly ADD node_modules/denque
883 silly ADD node_modules/aws-ssl-profiles
884 silly ADD node_modules/nypm
885 silly ADD node_modules/nypm/node_modules/citty
886 silly ADD node_modules/node-fetch-native
887 silly ADD node_modules/consola
888 silly ADD node_modules/citty
889 silly ADD node_modules/signal-exit
890 silly ADD node_modules/pure-rand
891 silly ADD node_modules/fast-check
892 silly ADD node_modules/@standard-schema/spec
893 silly ADD node_modules/readdirp
894 silly ADD node_modules/regexp-to-ast
895 silly ADD node_modules/lodash
896 silly ADD node_modules/@chevrotain/utils
897 silly ADD node_modules/@chevrotain/types
898 silly ADD node_modules/@chevrotain/gast
899 silly ADD node_modules/@chevrotain/cst-dts-gen
900 silly ADD node_modules/rc9
901 silly ADD node_modules/pkg-types
902 silly ADD node_modules/perfect-debounce
903 silly ADD node_modules/ohash
904 silly ADD node_modules/giget
905 silly ADD node_modules/exsolve
906 silly ADD node_modules/dotenv
907 silly ADD node_modules/defu
908 silly ADD node_modules/confbox
909 silly ADD node_modules/chokidar
910 silly ADD node_modules/@prisma/fetch-engine
911 silly ADD node_modules/@prisma/fetch-engine/node_modules/@prisma/get-platform
912 silly ADD node_modules/@prisma/engines-version
913 silly ADD node_modules/@prisma/debug
914 silly ADD node_modules/lilconfig
915 silly ADD node_modules/chevrotain
916 silly ADD node_modules/zeptomatch
917 silly ADD node_modules/valibot
918 silly ADD node_modules/std-env
919 silly ADD node_modules/remeda
920 silly ADD node_modules/proper-lockfile
921 silly ADD node_modules/proper-lockfile/node_modules/signal-exit
922 silly ADD node_modules/pathe
923 silly ADD node_modules/http-status-codes
924 silly ADD node_modules/get-port-please
925 silly ADD node_modules/foreground-child
926 silly ADD node_modules/@prisma/query-plan-executor
927 silly ADD node_modules/@prisma/get-platform
928 silly ADD node_modules/@prisma/get-platform/node_modules/@prisma/debug
929 silly ADD node_modules/@mrleebo/prisma-ast
930 silly ADD node_modules/hono
931 silly ADD node_modules/@hono/node-server
932 silly ADD node_modules/@electric-sql/pglite-tools
933 silly ADD node_modules/@electric-sql/pglite-socket
934 silly ADD node_modules/@electric-sql/pglite
935 silly ADD node_modules/empathic
936 silly ADD node_modules/effect
937 silly ADD node_modules/deepmerge-ts
938 silly ADD node_modules/c12
939 silly ADD node_modules/postgres
940 silly ADD node_modules/mysql2
941 silly ADD node_modules/@prisma/studio-core
942 silly ADD node_modules/@prisma/engines
943 silly ADD node_modules/@prisma/engines/node_modules/@prisma/get-platform
944 silly ADD node_modules/@prisma/dev
945 silly ADD node_modules/@prisma/config
946 silly ADD node_modules/@prisma/client-runtime-utils
947 silly ADD node_modules/prisma
948 silly ADD node_modules/@prisma/client
949 silly ADD
950 silly ADD
951 silly ADD
952 silly ADD
953 silly ADD
954 silly ADD
955 silly ADD
956 silly ADD
957 silly ADD
958 silly ADD
959 silly ADD
960 silly ADD
961 silly ADD
962 silly ADD
963 silly ADD
964 silly ADD
965 silly ADD
966 silly ADD
967 silly ADD
968 silly ADD
969 silly ADD
970 silly ADD
971 silly ADD
972 silly ADD
973 silly ADD
974 silly ADD
975 silly ADD
976 silly ADD
977 silly ADD
978 silly ADD
979 silly ADD
980 silly ADD
981 silly ADD
982 silly ADD
983 silly ADD
984 silly ADD
985 silly ADD
986 silly ADD
987 silly ADD
988 silly ADD
989 silly ADD
990 silly ADD
991 silly ADD
992 silly ADD
993 silly ADD
994 silly ADD
995 silly ADD
996 silly ADD
997 silly ADD
998 silly ADD
999 silly ADD
1000 silly ADD
1001 silly ADD
1002 silly ADD
1003 silly ADD
1004 silly ADD
1005 silly ADD
1006 silly ADD
1007 silly ADD
1008 silly ADD
1009 silly ADD
1010 silly ADD
1011 silly ADD
1012 silly ADD
1013 silly ADD
1014 silly ADD
1015 silly ADD
1016 silly ADD
1017 verbose cwd /Users/davecarr/Desktop/Floral pos system/floravision
1018 verbose os Darwin 25.3.0
1019 verbose node v22.16.0
1020 verbose npm  v10.9.2
1021 verbose exit 0
1022 info ok
