0 verbose cli /usr/local/bin/node /usr/local/bin/npm
1 info using npm@10.9.2
2 info using node@v22.16.0
3 silly config load:file:/usr/local/lib/node_modules/npm/npmrc
4 silly config load:file:/Users/davecarr/Desktop/Floral pos system/floravision/.npmrc
5 silly config load:file:/Users/davecarr/.npmrc
6 silly config load:file:/usr/local/etc/npmrc
7 verbose title npm install
8 verbose argv "install" "--cache" ".npm-cache"
9 verbose logfile logs-max:10 dir:/Users/davecarr/Desktop/Floral pos system/floravision/.npm-cache/_logs/2026-03-11T20_45_57_739Z-
10 verbose logfile /Users/davecarr/Desktop/Floral pos system/floravision/.npm-cache/_logs/2026-03-11T20_45_57_739Z-debug-0.log
11 silly logfile done cleaning log files
12 silly packumentCache heap:2197815296 maxSize:549453824 maxEntrySize:274726912
13 silly idealTree buildDeps
14 silly fetch manifest next@16.1.6
15 silly packumentCache full:https://registry.npmjs.org/next cache-miss
16 http fetch GET 200 https://registry.npmjs.org/npm 285ms
17 http fetch GET 200 https://registry.npmjs.org/next 517ms (cache miss)
18 silly packumentCache full:https://registry.npmjs.org/next set size:undefined disposed:false
19 silly fetch manifest @opentelemetry/api@^1.1.0
20 silly packumentCache full:https://registry.npmjs.org/@opentelemetry%2fapi cache-miss
21 http fetch GET 200 https://registry.npmjs.org/@opentelemetry%2fapi 112ms (cache miss)
22 silly packumentCache full:https://registry.npmjs.org/@opentelemetry%2fapi set size:undefined disposed:false
23 silly fetch manifest @playwright/test@^1.51.1
24 silly packumentCache full:https://registry.npmjs.org/@playwright%2ftest cache-miss
25 http fetch GET 200 https://registry.npmjs.org/@playwright%2ftest 332ms (cache miss)
26 silly packumentCache full:https://registry.npmjs.org/@playwright%2ftest set size:undefined disposed:false
27 silly fetch manifest babel-plugin-react-compiler@*
28 silly packumentCache full:https://registry.npmjs.org/babel-plugin-react-compiler cache-miss
29 http fetch GET 200 https://registry.npmjs.org/babel-plugin-react-compiler 157ms (cache miss)
30 silly packumentCache full:https://registry.npmjs.org/babel-plugin-react-compiler set size:undefined disposed:false
31 silly fetch manifest react@19.2.3
32 silly packumentCache full:https://registry.npmjs.org/react cache-miss
33 http fetch GET 200 https://registry.npmjs.org/react 205ms (cache miss)
34 silly packumentCache full:https://registry.npmjs.org/react set size:undefined disposed:false
35 silly fetch manifest react-dom@19.2.3
36 silly packumentCache full:https://registry.npmjs.org/react-dom cache-miss
37 http fetch GET 200 https://registry.npmjs.org/react-dom 244ms (cache miss)
38 silly packumentCache full:https://registry.npmjs.org/react-dom set size:undefined disposed:false
39 silly fetch manifest sass@^1.3.0
40 silly packumentCache full:https://registry.npmjs.org/sass cache-miss
41 http fetch GET 200 https://registry.npmjs.org/sass 67ms (cache miss)
42 silly packumentCache full:https://registry.npmjs.org/sass set size:undefined disposed:false
43 silly fetch manifest @tailwindcss/postcss@^4
44 silly packumentCache full:https://registry.npmjs.org/@tailwindcss%2fpostcss cache-miss
45 http fetch GET 200 https://registry.npmjs.org/@tailwindcss%2fpostcss 197ms (cache miss)
46 silly packumentCache full:https://registry.npmjs.org/@tailwindcss%2fpostcss set size:undefined disposed:false
47 silly fetch manifest @types/node@^20
48 silly packumentCache full:https://registry.npmjs.org/@types%2fnode cache-miss
49 http fetch GET 200 https://registry.npmjs.org/@types%2fnode 196ms (cache miss)
50 silly packumentCache full:https://registry.npmjs.org/@types%2fnode set size:undefined disposed:false
51 silly fetch manifest @types/react@^19
52 silly packumentCache full:https://registry.npmjs.org/@types%2freact cache-miss
53 http fetch GET 200 https://registry.npmjs.org/@types%2freact 175ms (cache miss)
54 silly packumentCache full:https://registry.npmjs.org/@types%2freact set size:undefined disposed:false
55 silly fetch manifest @types/react-dom@^19
56 silly packumentCache full:https://registry.npmjs.org/@types%2freact-dom cache-miss
57 http fetch GET 200 https://registry.npmjs.org/@types%2freact-dom 91ms (cache miss)
58 silly packumentCache full:https://registry.npmjs.org/@types%2freact-dom set size:undefined disposed:false
59 silly fetch manifest eslint@^9
60 silly packumentCache full:https://registry.npmjs.org/eslint cache-miss
61 http fetch GET 200 https://registry.npmjs.org/eslint 82ms (cache miss)
62 silly packumentCache full:https://registry.npmjs.org/eslint set size:undefined disposed:false
63 silly fetch manifest jiti@*
64 silly packumentCache full:https://registry.npmjs.org/jiti cache-miss
65 http fetch GET 200 https://registry.npmjs.org/jiti 74ms (cache miss)
66 silly packumentCache full:https://registry.npmjs.org/jiti set size:undefined disposed:false
67 silly fetch manifest eslint-config-next@16.1.6
68 silly packumentCache full:https://registry.npmjs.org/eslint-config-next cache-miss
69 http fetch GET 200 https://registry.npmjs.org/eslint-config-next 600ms (cache miss)
70 silly packumentCache full:https://registry.npmjs.org/eslint-config-next set size:undefined disposed:false
71 silly fetch manifest typescript@^5
72 silly packumentCache full:https://registry.npmjs.org/typescript cache-miss
73 http fetch GET 200 https://registry.npmjs.org/typescript 522ms (cache miss)
74 silly packumentCache full:https://registry.npmjs.org/typescript set size:undefined disposed:false
75 silly fetch manifest tailwindcss@^4
76 silly packumentCache full:https://registry.npmjs.org/tailwindcss cache-miss
77 http fetch GET 200 https://registry.npmjs.org/tailwindcss 376ms (cache miss)
78 silly packumentCache full:https://registry.npmjs.org/tailwindcss set size:undefined disposed:false
79 silly placeDep ROOT @tailwindcss/postcss@4.2.1 OK for: floravision@0.1.0 want: ^4
80 silly placeDep ROOT @types/node@20.19.37 OK for: floravision@0.1.0 want: ^20
81 silly placeDep ROOT @types/react@19.2.14 OK for: floravision@0.1.0 want: ^19
82 silly placeDep ROOT @types/react-dom@19.2.3 OK for: floravision@0.1.0 want: ^19
83 silly placeDep ROOT eslint@9.39.4 OK for: floravision@0.1.0 want: ^9
84 silly placeDep ROOT eslint-config-next@16.1.6 OK for: floravision@0.1.0 want: 16.1.6
85 silly placeDep ROOT next@16.1.6 OK for: floravision@0.1.0 want: 16.1.6
86 silly placeDep ROOT react@19.2.3 OK for: next@16.1.6 want: ^18.2.0 || 19.0.0-rc-de68d2f4-20241204 || ^19.0.0
87 silly placeDep ROOT react-dom@19.2.3 OK for: next@16.1.6 want: ^18.2.0 || 19.0.0-rc-de68d2f4-20241204 || ^19.0.0
88 silly placeDep ROOT tailwindcss@4.2.1 OK for: floravision@0.1.0 want: ^4
89 silly placeDep ROOT typescript@5.9.3 OK for: floravision@0.1.0 want: ^5
90 silly fetch manifest postcss@^8.5.6
91 silly packumentCache full:https://registry.npmjs.org/postcss cache-miss
92 silly fetch manifest tailwindcss@4.2.1
93 silly packumentCache full:https://registry.npmjs.org/tailwindcss cache-miss
94 silly fetch manifest @alloc/quick-lru@^5.2.0
95 silly packumentCache full:https://registry.npmjs.org/@alloc%2fquick-lru cache-miss
96 silly fetch manifest @tailwindcss/node@4.2.1
97 silly packumentCache full:https://registry.npmjs.org/@tailwindcss%2fnode cache-miss
98 silly fetch manifest @tailwindcss/oxide@4.2.1
99 silly packumentCache full:https://registry.npmjs.org/@tailwindcss%2foxide cache-miss
100 silly fetch manifest undici-types@~6.21.0
101 silly packumentCache full:https://registry.npmjs.org/undici-types cache-miss
102 silly fetch manifest csstype@^3.2.2
103 silly packumentCache full:https://registry.npmjs.org/csstype cache-miss
104 http cache https://registry.npmjs.org/tailwindcss 15ms (cache hit)
105 silly packumentCache full:https://registry.npmjs.org/tailwindcss set size:10238644 disposed:false
106 silly fetch manifest ajv@^6.14.0
107 silly packumentCache full:https://registry.npmjs.org/ajv cache-miss
108 http fetch GET 200 https://registry.npmjs.org/@alloc%2fquick-lru 85ms (cache miss)
109 silly packumentCache full:https://registry.npmjs.org/@alloc%2fquick-lru set size:undefined disposed:false
110 silly fetch manifest chalk@^4.0.0
111 silly packumentCache full:https://registry.npmjs.org/chalk cache-miss
112 http fetch GET 200 https://registry.npmjs.org/postcss 96ms (cache miss)
113 silly packumentCache full:https://registry.npmjs.org/postcss set size:undefined disposed:false
114 silly fetch manifest debug@^4.3.2
115 silly packumentCache full:https://registry.npmjs.org/debug cache-miss
116 http fetch GET 200 https://registry.npmjs.org/debug 63ms (cache miss)
117 silly packumentCache full:https://registry.npmjs.org/debug set size:undefined disposed:false
118 silly fetch manifest espree@^10.4.0
119 silly packumentCache full:https://registry.npmjs.org/espree cache-miss
120 http fetch GET 200 https://registry.npmjs.org/chalk 79ms (cache miss)
121 silly packumentCache full:https://registry.npmjs.org/chalk set size:undefined disposed:false
122 silly fetch manifest ignore@^5.2.0
123 silly packumentCache full:https://registry.npmjs.org/ignore cache-miss
124 http fetch GET 200 https://registry.npmjs.org/undici-types 188ms (cache miss)
125 silly packumentCache full:https://registry.npmjs.org/undici-types set size:undefined disposed:false
126 silly fetch manifest esquery@^1.5.0
127 silly packumentCache full:https://registry.npmjs.org/esquery cache-miss
128 http fetch GET 200 https://registry.npmjs.org/csstype 200ms (cache miss)
129 silly packumentCache full:https://registry.npmjs.org/csstype set size:undefined disposed:false
130 silly fetch manifest esutils@^2.0.2
131 silly packumentCache full:https://registry.npmjs.org/esutils cache-miss
132 http fetch GET 200 https://registry.npmjs.org/ignore 57ms (cache miss)
133 silly packumentCache full:https://registry.npmjs.org/ignore set size:undefined disposed:false
134 silly fetch manifest find-up@^5.0.0
135 silly packumentCache full:https://registry.npmjs.org/find-up cache-miss
136 http fetch GET 200 https://registry.npmjs.org/espree 62ms (cache miss)
137 silly packumentCache full:https://registry.npmjs.org/espree set size:undefined disposed:false
138 silly fetch manifest is-glob@^4.0.0
139 silly packumentCache full:https://registry.npmjs.org/is-glob cache-miss
140 http fetch GET 200 https://registry.npmjs.org/ajv 193ms (cache miss)
141 silly packumentCache full:https://registry.npmjs.org/ajv set size:undefined disposed:false
142 silly fetch manifest minimatch@^3.1.5
143 silly packumentCache full:https://registry.npmjs.org/minimatch cache-miss
144 http fetch GET 200 https://registry.npmjs.org/esquery 67ms (cache miss)
145 silly packumentCache full:https://registry.npmjs.org/esquery set size:undefined disposed:false
146 silly fetch manifest @eslint/js@9.39.4
147 silly packumentCache full:https://registry.npmjs.org/@eslint%2fjs cache-miss
148 http fetch GET 200 https://registry.npmjs.org/@tailwindcss%2fnode 259ms (cache miss)
149 silly packumentCache full:https://registry.npmjs.org/@tailwindcss%2fnode set size:undefined disposed:false
150 silly fetch manifest optionator@^0.9.3
151 silly packumentCache full:https://registry.npmjs.org/optionator cache-miss
152 http fetch GET 200 https://registry.npmjs.org/esutils 81ms (cache miss)
153 silly packumentCache full:https://registry.npmjs.org/esutils set size:undefined disposed:false
154 silly fetch manifest cross-spawn@^7.0.6
155 silly packumentCache full:https://registry.npmjs.org/cross-spawn cache-miss
156 http fetch GET 200 https://registry.npmjs.org/is-glob 56ms (cache miss)
157 silly packumentCache full:https://registry.npmjs.org/is-glob set size:undefined disposed:false
158 silly fetch manifest glob-parent@^6.0.2
159 silly packumentCache full:https://registry.npmjs.org/glob-parent cache-miss
160 http fetch GET 200 https://registry.npmjs.org/find-up 60ms (cache miss)
161 silly packumentCache full:https://registry.npmjs.org/find-up set size:undefined disposed:false
162 silly fetch manifest imurmurhash@^0.1.4
163 silly packumentCache full:https://registry.npmjs.org/imurmurhash cache-miss
164 http fetch GET 200 https://registry.npmjs.org/@tailwindcss%2foxide 297ms (cache miss)
165 silly packumentCache full:https://registry.npmjs.org/@tailwindcss%2foxide set size:undefined disposed:false
166 silly fetch manifest @eslint/core@^0.17.0
167 silly packumentCache full:https://registry.npmjs.org/@eslint%2fcore cache-miss
168 http fetch GET 200 https://registry.npmjs.org/optionator 62ms (cache miss)
169 silly packumentCache full:https://registry.npmjs.org/optionator set size:undefined disposed:false
170 silly fetch manifest eslint-scope@^8.4.0
171 silly packumentCache full:https://registry.npmjs.org/eslint-scope cache-miss
172 http fetch GET 200 https://registry.npmjs.org/minimatch 104ms (cache miss)
173 silly packumentCache full:https://registry.npmjs.org/minimatch set size:undefined disposed:false
174 silly fetch manifest lodash.merge@^4.6.2
175 silly packumentCache full:https://registry.npmjs.org/lodash.merge cache-miss
176 http fetch GET 200 https://registry.npmjs.org/cross-spawn 61ms (cache miss)
177 silly packumentCache full:https://registry.npmjs.org/cross-spawn set size:undefined disposed:false
178 silly fetch manifest @humanfs/node@^0.16.6
179 silly packumentCache full:https://registry.npmjs.org/@humanfs%2fnode cache-miss
180 http fetch GET 200 https://registry.npmjs.org/imurmurhash 59ms (cache miss)
181 silly packumentCache full:https://registry.npmjs.org/imurmurhash set size:undefined disposed:false
182 silly fetch manifest @types/estree@^1.0.6
183 silly packumentCache full:https://registry.npmjs.org/@types%2festree cache-miss
184 http fetch GET 200 https://registry.npmjs.org/@eslint%2fjs 92ms (cache miss)
185 silly packumentCache full:https://registry.npmjs.org/@eslint%2fjs set size:undefined disposed:false
186 silly fetch manifest fast-deep-equal@^3.1.3
187 silly packumentCache full:https://registry.npmjs.org/fast-deep-equal cache-miss
188 http fetch GET 200 https://registry.npmjs.org/glob-parent 72ms (cache miss)
189 silly packumentCache full:https://registry.npmjs.org/glob-parent set size:undefined disposed:false
190 silly fetch manifest natural-compare@^1.4.0
191 silly packumentCache full:https://registry.npmjs.org/natural-compare cache-miss
192 http fetch GET 200 https://registry.npmjs.org/eslint-scope 68ms (cache miss)
193 silly packumentCache full:https://registry.npmjs.org/eslint-scope set size:undefined disposed:false
194 silly fetch manifest @eslint/eslintrc@^3.3.5
195 silly packumentCache full:https://registry.npmjs.org/@eslint%2feslintrc cache-miss
196 http fetch GET 200 https://registry.npmjs.org/@eslint%2fcore 92ms (cache miss)
197 silly packumentCache full:https://registry.npmjs.org/@eslint%2fcore set size:undefined disposed:false
198 silly fetch manifest file-entry-cache@^8.0.0
199 silly packumentCache full:https://registry.npmjs.org/file-entry-cache cache-miss
200 http fetch GET 200 https://registry.npmjs.org/natural-compare 53ms (cache miss)
201 silly packumentCache full:https://registry.npmjs.org/natural-compare set size:undefined disposed:false
202 silly fetch manifest @eslint/plugin-kit@^0.4.1
203 silly packumentCache full:https://registry.npmjs.org/@eslint%2fplugin-kit cache-miss
204 http fetch GET 200 https://registry.npmjs.org/fast-deep-equal 60ms (cache miss)
205 silly packumentCache full:https://registry.npmjs.org/fast-deep-equal set size:undefined disposed:false
206 silly fetch manifest eslint-visitor-keys@^4.2.1
207 silly packumentCache full:https://registry.npmjs.org/eslint-visitor-keys cache-miss
208 http fetch GET 200 https://registry.npmjs.org/@types%2festree 71ms (cache miss)
209 silly packumentCache full:https://registry.npmjs.org/@types%2festree set size:undefined disposed:false
210 silly fetch manifest @eslint/config-array@^0.21.2
211 silly packumentCache full:https://registry.npmjs.org/@eslint%2fconfig-array cache-miss
212 http fetch GET 200 https://registry.npmjs.org/lodash.merge 78ms (cache miss)
213 silly packumentCache full:https://registry.npmjs.org/lodash.merge set size:undefined disposed:false
214 silly fetch manifest @humanwhocodes/retry@^0.4.2
215 silly packumentCache full:https://registry.npmjs.org/@humanwhocodes%2fretry cache-miss
216 http fetch GET 200 https://registry.npmjs.org/@humanfs%2fnode 93ms (cache miss)
217 silly packumentCache full:https://registry.npmjs.org/@humanfs%2fnode set size:undefined disposed:false
218 silly fetch manifest escape-string-regexp@^4.0.0
219 silly packumentCache full:https://registry.npmjs.org/escape-string-regexp cache-miss
220 http fetch GET 200 https://registry.npmjs.org/file-entry-cache 69ms (cache miss)
221 silly packumentCache full:https://registry.npmjs.org/file-entry-cache set size:undefined disposed:false
222 silly fetch manifest @eslint/config-helpers@^0.4.2
223 silly packumentCache full:https://registry.npmjs.org/@eslint%2fconfig-helpers cache-miss
224 http fetch GET 200 https://registry.npmjs.org/eslint-visitor-keys 66ms (cache miss)
225 silly packumentCache full:https://registry.npmjs.org/eslint-visitor-keys set size:undefined disposed:false
226 silly fetch manifest @eslint-community/regexpp@^4.12.1
227 silly packumentCache full:https://registry.npmjs.org/@eslint-community%2fregexpp cache-miss
228 http fetch GET 200 https://registry.npmjs.org/@eslint%2fconfig-array 78ms (cache miss)
229 silly packumentCache full:https://registry.npmjs.org/@eslint%2fconfig-array set size:undefined disposed:false
230 silly fetch manifest @eslint-community/eslint-utils@^4.8.0
231 silly packumentCache full:https://registry.npmjs.org/@eslint-community%2feslint-utils cache-miss
232 http fetch GET 200 https://registry.npmjs.org/escape-string-regexp 64ms (cache miss)
233 silly packumentCache full:https://registry.npmjs.org/escape-string-regexp set size:undefined disposed:false
234 silly fetch manifest @humanwhocodes/module-importer@^1.0.1
235 silly packumentCache full:https://registry.npmjs.org/@humanwhocodes%2fmodule-importer cache-miss
236 http fetch GET 200 https://registry.npmjs.org/@eslint%2fplugin-kit 94ms (cache miss)
237 silly packumentCache full:https://registry.npmjs.org/@eslint%2fplugin-kit set size:undefined disposed:false
238 silly fetch manifest json-stable-stringify-without-jsonify@^1.0.1
239 silly packumentCache full:https://registry.npmjs.org/json-stable-stringify-without-jsonify cache-miss
240 http fetch GET 200 https://registry.npmjs.org/@eslint%2feslintrc 110ms (cache miss)
241 silly packumentCache full:https://registry.npmjs.org/@eslint%2feslintrc set size:undefined disposed:false
242 silly fetch manifest globals@16.4.0
243 silly packumentCache full:https://registry.npmjs.org/globals cache-miss
244 http fetch GET 200 https://registry.npmjs.org/@humanwhocodes%2fretry 106ms (cache miss)
245 silly packumentCache full:https://registry.npmjs.org/@humanwhocodes%2fretry set size:undefined disposed:false
246 silly fetch manifest typescript-eslint@^8.46.0
247 silly packumentCache full:https://registry.npmjs.org/typescript-eslint cache-miss
248 http fetch GET 200 https://registry.npmjs.org/@eslint%2fconfig-helpers 92ms (cache miss)
249 silly packumentCache full:https://registry.npmjs.org/@eslint%2fconfig-helpers set size:undefined disposed:false
250 silly fetch manifest eslint-plugin-react@^7.37.0
251 silly packumentCache full:https://registry.npmjs.org/eslint-plugin-react cache-miss
252 http fetch GET 200 https://registry.npmjs.org/json-stable-stringify-without-jsonify 63ms (cache miss)
253 silly packumentCache full:https://registry.npmjs.org/json-stable-stringify-without-jsonify set size:undefined disposed:false
254 silly fetch manifest eslint-plugin-import@^2.32.0
255 silly packumentCache full:https://registry.npmjs.org/eslint-plugin-import cache-miss
256 http fetch GET 200 https://registry.npmjs.org/globals 63ms (cache miss)
257 silly packumentCache full:https://registry.npmjs.org/globals set size:undefined disposed:false
258 silly fetch manifest eslint-plugin-jsx-a11y@^6.10.0
259 silly packumentCache full:https://registry.npmjs.org/eslint-plugin-jsx-a11y cache-miss
260 http fetch GET 200 https://registry.npmjs.org/@humanwhocodes%2fmodule-importer 84ms (cache miss)
261 silly packumentCache full:https://registry.npmjs.org/@humanwhocodes%2fmodule-importer set size:undefined disposed:false
262 silly fetch manifest @next/eslint-plugin-next@16.1.6
263 silly packumentCache full:https://registry.npmjs.org/@next%2feslint-plugin-next cache-miss
264 http fetch GET 200 https://registry.npmjs.org/@eslint-community%2fregexpp 113ms (cache miss)
265 silly packumentCache full:https://registry.npmjs.org/@eslint-community%2fregexpp set size:undefined disposed:false
266 silly fetch manifest eslint-plugin-react-hooks@^7.0.0
267 silly packumentCache full:https://registry.npmjs.org/eslint-plugin-react-hooks cache-miss
268 http fetch GET 200 https://registry.npmjs.org/@eslint-community%2feslint-utils 110ms (cache miss)
269 silly packumentCache full:https://registry.npmjs.org/@eslint-community%2feslint-utils set size:undefined disposed:false
270 silly fetch manifest eslint-import-resolver-node@^0.3.6
271 silly packumentCache full:https://registry.npmjs.org/eslint-import-resolver-node cache-miss
272 http fetch GET 200 https://registry.npmjs.org/typescript-eslint 109ms (cache miss)
273 silly packumentCache full:https://registry.npmjs.org/typescript-eslint set size:undefined disposed:false
274 silly fetch manifest eslint-import-resolver-typescript@^3.5.2
275 silly packumentCache full:https://registry.npmjs.org/eslint-import-resolver-typescript cache-miss
276 http fetch GET 200 https://registry.npmjs.org/eslint-plugin-import 86ms (cache miss)
277 silly packumentCache full:https://registry.npmjs.org/eslint-plugin-import set size:undefined disposed:false
278 silly fetch manifest postcss@8.4.31
279 silly packumentCache full:https://registry.npmjs.org/postcss cache-miss
280 http fetch GET 200 https://registry.npmjs.org/eslint-plugin-react 97ms (cache miss)
281 silly packumentCache full:https://registry.npmjs.org/eslint-plugin-react set size:undefined disposed:false
282 silly fetch manifest @next/env@16.1.6
283 silly packumentCache full:https://registry.npmjs.org/@next%2fenv cache-miss
284 http cache https://registry.npmjs.org/postcss 6ms (cache hit)
285 silly packumentCache full:https://registry.npmjs.org/postcss set size:702266 disposed:false
286 silly fetch manifest styled-jsx@5.1.6
287 silly packumentCache full:https://registry.npmjs.org/styled-jsx cache-miss
288 http fetch GET 200 https://registry.npmjs.org/eslint-plugin-jsx-a11y 100ms (cache miss)
289 silly packumentCache full:https://registry.npmjs.org/eslint-plugin-jsx-a11y set size:undefined disposed:false
290 silly fetch manifest @swc/helpers@0.5.15
291 silly packumentCache full:https://registry.npmjs.org/@swc%2fhelpers cache-miss
292 http fetch GET 200 https://registry.npmjs.org/eslint-import-resolver-node 86ms (cache miss)
293 silly packumentCache full:https://registry.npmjs.org/eslint-import-resolver-node set size:undefined disposed:false
294 silly fetch manifest caniuse-lite@^1.0.30001579
295 silly packumentCache full:https://registry.npmjs.org/caniuse-lite cache-miss
296 http fetch GET 200 https://registry.npmjs.org/eslint-import-resolver-typescript 101ms (cache miss)
297 silly packumentCache full:https://registry.npmjs.org/eslint-import-resolver-typescript set size:undefined disposed:false
298 silly fetch manifest baseline-browser-mapping@^2.8.3
299 silly packumentCache full:https://registry.npmjs.org/baseline-browser-mapping cache-miss
300 http fetch GET 200 https://registry.npmjs.org/styled-jsx 89ms (cache miss)
301 silly packumentCache full:https://registry.npmjs.org/styled-jsx set size:undefined disposed:false
302 silly fetch manifest sharp@^0.34.4
303 silly packumentCache full:https://registry.npmjs.org/sharp cache-miss
304 http fetch GET 200 https://registry.npmjs.org/@swc%2fhelpers 100ms (cache miss)
305 silly packumentCache full:https://registry.npmjs.org/@swc%2fhelpers set size:undefined disposed:false
306 silly fetch manifest @next/swc-darwin-x64@16.1.6
307 silly packumentCache full:https://registry.npmjs.org/@next%2fswc-darwin-x64 cache-miss
308 http fetch GET 200 https://registry.npmjs.org/caniuse-lite 100ms (cache miss)
309 silly packumentCache full:https://registry.npmjs.org/caniuse-lite set size:undefined disposed:false
310 silly fetch manifest @next/swc-darwin-arm64@16.1.6
311 silly packumentCache full:https://registry.npmjs.org/@next%2fswc-darwin-arm64 cache-miss
312 http fetch GET 200 https://registry.npmjs.org/eslint-plugin-react-hooks 226ms (cache miss)
313 silly packumentCache full:https://registry.npmjs.org/eslint-plugin-react-hooks set size:undefined disposed:false
314 silly fetch manifest @next/swc-linux-x64-gnu@16.1.6
315 silly packumentCache full:https://registry.npmjs.org/@next%2fswc-linux-x64-gnu cache-miss
316 http fetch GET 200 https://registry.npmjs.org/baseline-browser-mapping 89ms (cache miss)
317 silly packumentCache full:https://registry.npmjs.org/baseline-browser-mapping set size:undefined disposed:false
318 silly fetch manifest @next/swc-linux-x64-musl@16.1.6
319 silly packumentCache full:https://registry.npmjs.org/@next%2fswc-linux-x64-musl cache-miss
320 http fetch GET 200 https://registry.npmjs.org/sharp 92ms (cache miss)
321 silly packumentCache full:https://registry.npmjs.org/sharp set size:undefined disposed:false
322 silly fetch manifest @next/swc-win32-x64-msvc@16.1.6
323 silly packumentCache full:https://registry.npmjs.org/@next%2fswc-win32-x64-msvc cache-miss
324 http fetch GET 200 https://registry.npmjs.org/@next%2feslint-plugin-next 276ms (cache miss)
325 silly packumentCache full:https://registry.npmjs.org/@next%2feslint-plugin-next set size:undefined disposed:false
326 silly fetch manifest @next/swc-linux-arm64-gnu@16.1.6
327 silly packumentCache full:https://registry.npmjs.org/@next%2fswc-linux-arm64-gnu cache-miss
328 http fetch GET 200 https://registry.npmjs.org/@next%2fenv 226ms (cache miss)
329 silly packumentCache full:https://registry.npmjs.org/@next%2fenv set size:undefined disposed:false
330 silly fetch manifest @next/swc-linux-arm64-musl@16.1.6
331 silly packumentCache full:https://registry.npmjs.org/@next%2fswc-linux-arm64-musl cache-miss
332 http fetch GET 200 https://registry.npmjs.org/@next%2fswc-darwin-x64 184ms (cache miss)
333 silly packumentCache full:https://registry.npmjs.org/@next%2fswc-darwin-x64 set size:undefined disposed:false
334 silly fetch manifest @next/swc-win32-arm64-msvc@16.1.6
335 silly packumentCache full:https://registry.npmjs.org/@next%2fswc-win32-arm64-msvc cache-miss
336 http fetch GET 200 https://registry.npmjs.org/@next%2fswc-darwin-arm64 187ms (cache miss)
337 silly packumentCache full:https://registry.npmjs.org/@next%2fswc-darwin-arm64 set size:undefined disposed:false
338 silly fetch manifest scheduler@^0.27.0
339 silly packumentCache full:https://registry.npmjs.org/scheduler cache-miss
340 http fetch GET 200 https://registry.npmjs.org/@next%2fswc-linux-x64-gnu 248ms (cache miss)
341 silly packumentCache full:https://registry.npmjs.org/@next%2fswc-linux-x64-gnu set size:undefined disposed:false
342 http fetch GET 200 https://registry.npmjs.org/@next%2fswc-linux-arm64-gnu 227ms (cache miss)
343 silly packumentCache full:https://registry.npmjs.org/@next%2fswc-linux-arm64-gnu set size:undefined disposed:false
344 http fetch GET 200 https://registry.npmjs.org/@next%2fswc-linux-x64-musl 315ms (cache miss)
345 silly packumentCache full:https://registry.npmjs.org/@next%2fswc-linux-x64-musl set size:undefined disposed:false
346 http fetch GET 200 https://registry.npmjs.org/@next%2fswc-linux-arm64-musl 277ms (cache miss)
347 silly packumentCache full:https://registry.npmjs.org/@next%2fswc-linux-arm64-musl set size:undefined disposed:false
348 http fetch GET 200 https://registry.npmjs.org/@next%2fswc-win32-arm64-msvc 221ms (cache miss)
349 silly packumentCache full:https://registry.npmjs.org/@next%2fswc-win32-arm64-msvc set size:undefined disposed:false
350 http fetch GET 200 https://registry.npmjs.org/scheduler 221ms (cache miss)
351 silly packumentCache full:https://registry.npmjs.org/scheduler set size:undefined disposed:false
352 http fetch GET 200 https://registry.npmjs.org/@next%2fswc-win32-x64-msvc 381ms (cache miss)
353 silly packumentCache full:https://registry.npmjs.org/@next%2fswc-win32-x64-msvc set size:undefined disposed:false
354 silly placeDep ROOT @alloc/quick-lru@5.2.0 OK for: @tailwindcss/postcss@4.2.1 want: ^5.2.0
355 silly placeDep ROOT @tailwindcss/node@4.2.1 OK for: @tailwindcss/postcss@4.2.1 want: 4.2.1
356 silly placeDep ROOT @tailwindcss/oxide@4.2.1 OK for: @tailwindcss/postcss@4.2.1 want: 4.2.1
357 silly placeDep ROOT postcss@8.5.8 OK for: @tailwindcss/postcss@4.2.1 want: ^8.5.6
358 silly fetch manifest jiti@^2.6.1
359 silly packumentCache full:https://registry.npmjs.org/jiti cache-miss
360 silly fetch manifest lightningcss@1.31.1
361 silly packumentCache full:https://registry.npmjs.org/lightningcss cache-miss
362 silly fetch manifest magic-string@^0.30.21
363 silly packumentCache full:https://registry.npmjs.org/magic-string cache-miss
364 silly fetch manifest source-map-js@^1.2.1
365 silly packumentCache full:https://registry.npmjs.org/source-map-js cache-miss
366 silly fetch manifest enhanced-resolve@^5.19.0
367 silly packumentCache full:https://registry.npmjs.org/enhanced-resolve cache-miss
368 silly fetch manifest @jridgewell/remapping@^2.3.5
369 silly packumentCache full:https://registry.npmjs.org/@jridgewell%2fremapping cache-miss
370 silly fetch manifest @tailwindcss/oxide-darwin-x64@4.2.1
371 silly packumentCache full:https://registry.npmjs.org/@tailwindcss%2foxide-darwin-x64 cache-miss
372 http cache https://registry.npmjs.org/jiti 19ms (cache hit)
373 silly packumentCache full:https://registry.npmjs.org/jiti set size:382310 disposed:false
374 silly fetch manifest @tailwindcss/oxide-freebsd-x64@4.2.1
375 silly packumentCache full:https://registry.npmjs.org/@tailwindcss%2foxide-freebsd-x64 cache-miss
376 http fetch GET 200 https://registry.npmjs.org/lightningcss 77ms (cache miss)
377 silly packumentCache full:https://registry.npmjs.org/lightningcss set size:undefined disposed:false
378 silly fetch manifest @tailwindcss/oxide-wasm32-wasi@4.2.1
379 silly packumentCache full:https://registry.npmjs.org/@tailwindcss%2foxide-wasm32-wasi cache-miss
380 http fetch GET 200 https://registry.npmjs.org/enhanced-resolve 110ms (cache miss)
381 silly packumentCache full:https://registry.npmjs.org/enhanced-resolve set size:undefined disposed:false
382 silly fetch manifest @tailwindcss/oxide-darwin-arm64@4.2.1
383 silly packumentCache full:https://registry.npmjs.org/@tailwindcss%2foxide-darwin-arm64 cache-miss
384 http fetch GET 200 https://registry.npmjs.org/source-map-js 115ms (cache miss)
385 silly packumentCache full:https://registry.npmjs.org/source-map-js set size:undefined disposed:false
386 silly fetch manifest @tailwindcss/oxide-android-arm64@4.2.1
387 silly packumentCache full:https://registry.npmjs.org/@tailwindcss%2foxide-android-arm64 cache-miss
388 http fetch GET 200 https://registry.npmjs.org/magic-string 118ms (cache miss)
389 silly packumentCache full:https://registry.npmjs.org/magic-string set size:undefined disposed:false
390 silly fetch manifest @tailwindcss/oxide-linux-x64-gnu@4.2.1
391 silly packumentCache full:https://registry.npmjs.org/@tailwindcss%2foxide-linux-x64-gnu cache-miss
392 http fetch GET 200 https://registry.npmjs.org/@jridgewell%2fremapping 122ms (cache miss)
393 silly packumentCache full:https://registry.npmjs.org/@jridgewell%2fremapping set size:undefined disposed:false
394 silly fetch manifest @tailwindcss/oxide-linux-x64-musl@4.2.1
395 silly packumentCache full:https://registry.npmjs.org/@tailwindcss%2foxide-linux-x64-musl cache-miss
396 http fetch GET 200 https://registry.npmjs.org/@tailwindcss%2foxide-darwin-x64 133ms (cache miss)
397 silly packumentCache full:https://registry.npmjs.org/@tailwindcss%2foxide-darwin-x64 set size:undefined disposed:false
398 silly fetch manifest @tailwindcss/oxide-win32-x64-msvc@4.2.1
399 silly packumentCache full:https://registry.npmjs.org/@tailwindcss%2foxide-win32-x64-msvc cache-miss
400 http fetch GET 200 https://registry.npmjs.org/@tailwindcss%2foxide-freebsd-x64 165ms (cache miss)
401 silly packumentCache full:https://registry.npmjs.org/@tailwindcss%2foxide-freebsd-x64 set size:undefined disposed:false
402 silly fetch manifest @tailwindcss/oxide-linux-arm64-gnu@4.2.1
403 silly packumentCache full:https://registry.npmjs.org/@tailwindcss%2foxide-linux-arm64-gnu cache-miss
404 http fetch GET 200 https://registry.npmjs.org/@tailwindcss%2foxide-wasm32-wasi 127ms (cache miss)
405 silly packumentCache full:https://registry.npmjs.org/@tailwindcss%2foxide-wasm32-wasi set size:undefined disposed:false
406 silly fetch manifest @tailwindcss/oxide-linux-arm64-musl@4.2.1
407 silly packumentCache full:https://registry.npmjs.org/@tailwindcss%2foxide-linux-arm64-musl cache-miss
408 http fetch GET 200 https://registry.npmjs.org/@tailwindcss%2foxide-darwin-arm64 109ms (cache miss)
409 silly packumentCache full:https://registry.npmjs.org/@tailwindcss%2foxide-darwin-arm64 set size:undefined disposed:false
410 silly fetch manifest @tailwindcss/oxide-win32-arm64-msvc@4.2.1
411 silly packumentCache full:https://registry.npmjs.org/@tailwindcss%2foxide-win32-arm64-msvc cache-miss
412 http fetch GET 200 https://registry.npmjs.org/@tailwindcss%2foxide-android-arm64 124ms (cache miss)
413 silly packumentCache full:https://registry.npmjs.org/@tailwindcss%2foxide-android-arm64 set size:undefined disposed:false
414 silly fetch manifest @tailwindcss/oxide-linux-arm-gnueabihf@4.2.1
415 silly packumentCache full:https://registry.npmjs.org/@tailwindcss%2foxide-linux-arm-gnueabihf cache-miss
416 http fetch GET 200 https://registry.npmjs.org/@tailwindcss%2foxide-linux-x64-gnu 138ms (cache miss)
417 silly packumentCache full:https://registry.npmjs.org/@tailwindcss%2foxide-linux-x64-gnu set size:undefined disposed:false
418 silly fetch manifest nanoid@^3.3.11
419 silly packumentCache full:https://registry.npmjs.org/nanoid cache-miss
420 http fetch GET 200 https://registry.npmjs.org/@tailwindcss%2foxide-linux-arm64-gnu 104ms (cache miss)
421 silly packumentCache full:https://registry.npmjs.org/@tailwindcss%2foxide-linux-arm64-gnu set size:undefined disposed:false
422 silly fetch manifest picocolors@^1.1.1
423 silly packumentCache full:https://registry.npmjs.org/picocolors cache-miss
424 http fetch GET 200 https://registry.npmjs.org/@tailwindcss%2foxide-win32-x64-msvc 166ms (cache miss)
425 silly packumentCache full:https://registry.npmjs.org/@tailwindcss%2foxide-win32-x64-msvc set size:undefined disposed:false
426 http fetch GET 200 https://registry.npmjs.org/@tailwindcss%2foxide-linux-x64-musl 193ms (cache miss)
427 silly packumentCache full:https://registry.npmjs.org/@tailwindcss%2foxide-linux-x64-musl set size:undefined disposed:false
428 http fetch GET 200 https://registry.npmjs.org/@tailwindcss%2foxide-linux-arm64-musl 122ms (cache miss)
429 silly packumentCache full:https://registry.npmjs.org/@tailwindcss%2foxide-linux-arm64-musl set size:undefined disposed:false
430 http fetch GET 200 https://registry.npmjs.org/nanoid 75ms (cache miss)
431 silly packumentCache full:https://registry.npmjs.org/nanoid set size:undefined disposed:false
432 http fetch GET 200 https://registry.npmjs.org/@tailwindcss%2foxide-win32-arm64-msvc 128ms (cache miss)
433 silly packumentCache full:https://registry.npmjs.org/@tailwindcss%2foxide-win32-arm64-msvc set size:undefined disposed:false
434 http fetch GET 200 https://registry.npmjs.org/picocolors 58ms (cache miss)
435 silly packumentCache full:https://registry.npmjs.org/picocolors set size:undefined disposed:false
436 http fetch GET 200 https://registry.npmjs.org/@tailwindcss%2foxide-linux-arm-gnueabihf 135ms (cache miss)
437 silly packumentCache full:https://registry.npmjs.org/@tailwindcss%2foxide-linux-arm-gnueabihf set size:undefined disposed:false
438 silly placeDep ROOT @jridgewell/remapping@2.3.5 OK for: @tailwindcss/node@4.2.1 want: ^2.3.5
439 silly placeDep ROOT enhanced-resolve@5.20.0 OK for: @tailwindcss/node@4.2.1 want: ^5.19.0
440 silly placeDep ROOT jiti@2.6.1 OK for: @tailwindcss/node@4.2.1 want: ^2.6.1
441 silly placeDep ROOT lightningcss@1.31.1 OK for: @tailwindcss/node@4.2.1 want: 1.31.1
442 silly placeDep ROOT magic-string@0.30.21 OK for: @tailwindcss/node@4.2.1 want: ^0.30.21
443 silly placeDep ROOT source-map-js@1.2.1 OK for: @tailwindcss/node@4.2.1 want: ^1.2.1
444 silly fetch manifest @jridgewell/gen-mapping@^0.3.5
445 silly packumentCache full:https://registry.npmjs.org/@jridgewell%2fgen-mapping cache-miss
446 silly fetch manifest @jridgewell/trace-mapping@^0.3.24
447 silly packumentCache full:https://registry.npmjs.org/@jridgewell%2ftrace-mapping cache-miss
448 silly fetch manifest graceful-fs@^4.2.4
449 silly packumentCache full:https://registry.npmjs.org/graceful-fs cache-miss
450 silly fetch manifest tapable@^2.3.0
451 silly packumentCache full:https://registry.npmjs.org/tapable cache-miss
452 silly fetch manifest detect-libc@^2.0.3
453 silly packumentCache full:https://registry.npmjs.org/detect-libc cache-miss
454 silly fetch manifest lightningcss-darwin-x64@1.31.1
455 silly packumentCache full:https://registry.npmjs.org/lightningcss-darwin-x64 cache-miss
456 silly fetch manifest lightningcss-freebsd-x64@1.31.1
457 silly packumentCache full:https://registry.npmjs.org/lightningcss-freebsd-x64 cache-miss
458 http fetch GET 200 https://registry.npmjs.org/detect-libc 56ms (cache miss)
459 silly packumentCache full:https://registry.npmjs.org/detect-libc set size:undefined disposed:false
460 silly fetch manifest lightningcss-darwin-arm64@1.31.1
461 silly packumentCache full:https://registry.npmjs.org/lightningcss-darwin-arm64 cache-miss
462 http fetch GET 200 https://registry.npmjs.org/graceful-fs 59ms (cache miss)
463 silly packumentCache full:https://registry.npmjs.org/graceful-fs set size:undefined disposed:false
464 silly fetch manifest lightningcss-android-arm64@1.31.1
465 silly packumentCache full:https://registry.npmjs.org/lightningcss-android-arm64 cache-miss
466 http fetch GET 200 https://registry.npmjs.org/lightningcss-darwin-x64 66ms (cache miss)
467 silly packumentCache full:https://registry.npmjs.org/lightningcss-darwin-x64 set size:undefined disposed:false
468 silly fetch manifest lightningcss-linux-x64-gnu@1.31.1
469 silly packumentCache full:https://registry.npmjs.org/lightningcss-linux-x64-gnu cache-miss
470 http fetch GET 200 https://registry.npmjs.org/lightningcss-freebsd-x64 69ms (cache miss)
471 silly packumentCache full:https://registry.npmjs.org/lightningcss-freebsd-x64 set size:undefined disposed:false
472 silly fetch manifest lightningcss-linux-x64-musl@1.31.1
473 silly packumentCache full:https://registry.npmjs.org/lightningcss-linux-x64-musl cache-miss
474 http fetch GET 200 https://registry.npmjs.org/tapable 69ms (cache miss)
475 silly packumentCache full:https://registry.npmjs.org/tapable set size:undefined disposed:false
476 silly fetch manifest lightningcss-win32-x64-msvc@1.31.1
477 silly packumentCache full:https://registry.npmjs.org/lightningcss-win32-x64-msvc cache-miss
478 http fetch GET 200 https://registry.npmjs.org/@jridgewell%2ftrace-mapping 96ms (cache miss)
479 silly packumentCache full:https://registry.npmjs.org/@jridgewell%2ftrace-mapping set size:undefined disposed:false
480 silly fetch manifest lightningcss-linux-arm64-gnu@1.31.1
481 silly packumentCache full:https://registry.npmjs.org/lightningcss-linux-arm64-gnu cache-miss
482 http fetch GET 200 https://registry.npmjs.org/@jridgewell%2fgen-mapping 101ms (cache miss)
483 silly packumentCache full:https://registry.npmjs.org/@jridgewell%2fgen-mapping set size:undefined disposed:false
484 silly fetch manifest lightningcss-linux-arm64-musl@1.31.1
485 silly packumentCache full:https://registry.npmjs.org/lightningcss-linux-arm64-musl cache-miss
486 http fetch GET 200 https://registry.npmjs.org/lightningcss-darwin-arm64 54ms (cache miss)
487 silly packumentCache full:https://registry.npmjs.org/lightningcss-darwin-arm64 set size:undefined disposed:false
488 silly fetch manifest lightningcss-win32-arm64-msvc@1.31.1
489 silly packumentCache full:https://registry.npmjs.org/lightningcss-win32-arm64-msvc cache-miss
490 http fetch GET 200 https://registry.npmjs.org/lightningcss-android-arm64 54ms (cache miss)
491 silly packumentCache full:https://registry.npmjs.org/lightningcss-android-arm64 set size:undefined disposed:false
492 silly fetch manifest lightningcss-linux-arm-gnueabihf@1.31.1
493 silly packumentCache full:https://registry.npmjs.org/lightningcss-linux-arm-gnueabihf cache-miss
494 http fetch GET 200 https://registry.npmjs.org/lightningcss-win32-x64-msvc 72ms (cache miss)
495 silly packumentCache full:https://registry.npmjs.org/lightningcss-win32-x64-msvc set size:undefined disposed:false
496 silly fetch manifest @jridgewell/sourcemap-codec@^1.5.5
497 silly packumentCache full:https://registry.npmjs.org/@jridgewell%2fsourcemap-codec cache-miss
498 http fetch GET 200 https://registry.npmjs.org/lightningcss-linux-x64-musl 77ms (cache miss)
499 silly packumentCache full:https://registry.npmjs.org/lightningcss-linux-x64-musl set size:undefined disposed:false
500 http fetch GET 200 https://registry.npmjs.org/lightningcss-linux-x64-gnu 81ms (cache miss)
501 silly packumentCache full:https://registry.npmjs.org/lightningcss-linux-x64-gnu set size:undefined disposed:false
502 http fetch GET 200 https://registry.npmjs.org/lightningcss-linux-arm64-musl 71ms (cache miss)
503 silly packumentCache full:https://registry.npmjs.org/lightningcss-linux-arm64-musl set size:undefined disposed:false
504 http fetch GET 200 https://registry.npmjs.org/lightningcss-linux-arm-gnueabihf 57ms (cache miss)
505 silly packumentCache full:https://registry.npmjs.org/lightningcss-linux-arm-gnueabihf set size:undefined disposed:false
506 http fetch GET 200 https://registry.npmjs.org/lightningcss-win32-arm64-msvc 63ms (cache miss)
507 silly packumentCache full:https://registry.npmjs.org/lightningcss-win32-arm64-msvc set size:undefined disposed:false
508 http fetch GET 200 https://registry.npmjs.org/lightningcss-linux-arm64-gnu 81ms (cache miss)
509 silly packumentCache full:https://registry.npmjs.org/lightningcss-linux-arm64-gnu set size:undefined disposed:false
510 http fetch GET 200 https://registry.npmjs.org/@jridgewell%2fsourcemap-codec 79ms (cache miss)
511 silly packumentCache full:https://registry.npmjs.org/@jridgewell%2fsourcemap-codec set size:undefined disposed:false
512 silly placeDep ROOT @jridgewell/gen-mapping@0.3.13 OK for: @jridgewell/remapping@2.3.5 want: ^0.3.5
513 silly placeDep ROOT @jridgewell/trace-mapping@0.3.31 OK for: @jridgewell/remapping@2.3.5 want: ^0.3.24
514 silly fetch manifest @jridgewell/sourcemap-codec@^1.5.0
515 silly packumentCache full:https://registry.npmjs.org/@jridgewell%2fsourcemap-codec cache-miss
516 silly fetch manifest @jridgewell/resolve-uri@^3.1.0
517 silly packumentCache full:https://registry.npmjs.org/@jridgewell%2fresolve-uri cache-miss
518 silly fetch manifest @jridgewell/sourcemap-codec@^1.4.14
519 silly packumentCache full:https://registry.npmjs.org/@jridgewell%2fsourcemap-codec cache-miss
520 http cache https://registry.npmjs.org/@jridgewell%2fsourcemap-codec 4ms (cache hit)
521 silly packumentCache full:https://registry.npmjs.org/@jridgewell%2fsourcemap-codec set size:59275 disposed:false
522 http cache https://registry.npmjs.org/@jridgewell%2fsourcemap-codec 3ms (cache hit)
523 silly packumentCache full:https://registry.npmjs.org/@jridgewell%2fsourcemap-codec set size:59275 disposed:false
524 silly packumentCache full:https://registry.npmjs.org/@jridgewell%2fsourcemap-codec dispose
525 http fetch GET 200 https://registry.npmjs.org/@jridgewell%2fresolve-uri 96ms (cache miss)
526 silly packumentCache full:https://registry.npmjs.org/@jridgewell%2fresolve-uri set size:undefined disposed:false
527 silly placeDep ROOT @jridgewell/sourcemap-codec@1.5.5 OK for: @jridgewell/gen-mapping@0.3.13 want: ^1.5.0
528 silly placeDep ROOT @jridgewell/resolve-uri@3.1.2 OK for: @jridgewell/trace-mapping@0.3.31 want: ^3.1.0
529 silly placeDep ROOT @tailwindcss/oxide-android-arm64@4.2.1 OK for: @tailwindcss/oxide@4.2.1 want: 4.2.1
530 silly placeDep ROOT @tailwindcss/oxide-darwin-arm64@4.2.1 OK for: @tailwindcss/oxide@4.2.1 want: 4.2.1
531 silly placeDep ROOT @tailwindcss/oxide-darwin-x64@4.2.1 OK for: @tailwindcss/oxide@4.2.1 want: 4.2.1
532 silly placeDep ROOT @tailwindcss/oxide-freebsd-x64@4.2.1 OK for: @tailwindcss/oxide@4.2.1 want: 4.2.1
533 silly placeDep ROOT @tailwindcss/oxide-linux-arm-gnueabihf@4.2.1 OK for: @tailwindcss/oxide@4.2.1 want: 4.2.1
534 silly placeDep ROOT @tailwindcss/oxide-linux-arm64-gnu@4.2.1 OK for: @tailwindcss/oxide@4.2.1 want: 4.2.1
535 silly placeDep ROOT @tailwindcss/oxide-linux-arm64-musl@4.2.1 OK for: @tailwindcss/oxide@4.2.1 want: 4.2.1
536 silly placeDep ROOT @tailwindcss/oxide-linux-x64-gnu@4.2.1 OK for: @tailwindcss/oxide@4.2.1 want: 4.2.1
537 silly placeDep ROOT @tailwindcss/oxide-linux-x64-musl@4.2.1 OK for: @tailwindcss/oxide@4.2.1 want: 4.2.1
538 silly placeDep ROOT @tailwindcss/oxide-wasm32-wasi@4.2.1 OK for: @tailwindcss/oxide@4.2.1 want: 4.2.1
539 silly placeDep ROOT @tailwindcss/oxide-win32-arm64-msvc@4.2.1 OK for: @tailwindcss/oxide@4.2.1 want: 4.2.1
540 silly placeDep ROOT @tailwindcss/oxide-win32-x64-msvc@4.2.1 OK for: @tailwindcss/oxide@4.2.1 want: 4.2.1
541 silly placeDep ROOT undici-types@6.21.0 OK for: @types/node@20.19.37 want: ~6.21.0
542 silly placeDep ROOT csstype@3.2.3 OK for: @types/react@19.2.14 want: ^3.2.2
543 silly placeDep ROOT graceful-fs@4.2.11 OK for: enhanced-resolve@5.20.0 want: ^4.2.4
544 silly placeDep ROOT tapable@2.3.0 OK for: enhanced-resolve@5.20.0 want: ^2.3.0
545 silly fetch manifest eslint@^6.0.0 || ^7.0.0 || >=8.0.0
546 silly packumentCache full:https://registry.npmjs.org/eslint cache-miss
547 http cache https://registry.npmjs.org/eslint 6ms (cache hit)
548 silly packumentCache full:https://registry.npmjs.org/eslint set size:1963267 disposed:false
549 silly placeDep ROOT @eslint-community/eslint-utils@4.9.1 OK for: eslint@9.39.4 want: ^4.8.0
550 silly placeDep ROOT @eslint-community/regexpp@4.12.2 OK for: eslint@9.39.4 want: ^4.12.1
551 silly placeDep ROOT @eslint/config-array@0.21.2 OK for: eslint@9.39.4 want: ^0.21.2
552 silly placeDep ROOT @eslint/config-helpers@0.4.2 OK for: eslint@9.39.4 want: ^0.4.2
553 silly placeDep ROOT @eslint/core@0.17.0 OK for: eslint@9.39.4 want: ^0.17.0
554 silly placeDep ROOT @eslint/eslintrc@3.3.5 OK for: eslint@9.39.4 want: ^3.3.5
555 silly placeDep ROOT @eslint/js@9.39.4 OK for: eslint@9.39.4 want: 9.39.4
556 silly placeDep ROOT @eslint/plugin-kit@0.4.1 OK for: eslint@9.39.4 want: ^0.4.1
557 silly placeDep ROOT @humanfs/node@0.16.7 OK for: eslint@9.39.4 want: ^0.16.6
558 silly placeDep ROOT @humanwhocodes/module-importer@1.0.1 OK for: eslint@9.39.4 want: ^1.0.1
559 silly placeDep ROOT @humanwhocodes/retry@0.4.3 OK for: eslint@9.39.4 want: ^0.4.2
560 silly placeDep ROOT @types/estree@1.0.8 OK for: eslint@9.39.4 want: ^1.0.6
561 silly placeDep ROOT ajv@6.14.0 OK for: eslint@9.39.4 want: ^6.14.0
562 silly placeDep ROOT chalk@4.1.2 OK for: eslint@9.39.4 want: ^4.0.0
563 silly placeDep ROOT cross-spawn@7.0.6 OK for: eslint@9.39.4 want: ^7.0.6
564 silly placeDep ROOT debug@4.4.3 OK for: eslint@9.39.4 want: ^4.3.2
565 silly placeDep ROOT escape-string-regexp@4.0.0 OK for: eslint@9.39.4 want: ^4.0.0
566 silly placeDep ROOT eslint-scope@8.4.0 OK for: eslint@9.39.4 want: ^8.4.0
567 silly placeDep ROOT eslint-visitor-keys@4.2.1 OK for: eslint@9.39.4 want: ^4.2.1
568 silly placeDep ROOT espree@10.4.0 OK for: eslint@9.39.4 want: ^10.4.0
569 silly placeDep ROOT esquery@1.7.0 OK for: eslint@9.39.4 want: ^1.5.0
570 silly placeDep ROOT esutils@2.0.3 OK for: eslint@9.39.4 want: ^2.0.2
571 silly placeDep ROOT fast-deep-equal@3.1.3 OK for: eslint@9.39.4 want: ^3.1.3
572 silly placeDep ROOT file-entry-cache@8.0.0 OK for: eslint@9.39.4 want: ^8.0.0
573 silly placeDep ROOT find-up@5.0.0 OK for: eslint@9.39.4 want: ^5.0.0
574 silly placeDep ROOT glob-parent@6.0.2 OK for: eslint@9.39.4 want: ^6.0.2
575 silly placeDep ROOT ignore@5.3.2 OK for: eslint@9.39.4 want: ^5.2.0
576 silly placeDep ROOT imurmurhash@0.1.4 OK for: eslint@9.39.4 want: ^0.1.4
577 silly placeDep ROOT is-glob@4.0.3 OK for: eslint@9.39.4 want: ^4.0.0
578 silly placeDep ROOT json-stable-stringify-without-jsonify@1.0.1 OK for: eslint@9.39.4 want: ^1.0.1
579 silly placeDep ROOT lodash.merge@4.6.2 OK for: eslint@9.39.4 want: ^4.6.2
580 silly placeDep ROOT minimatch@3.1.5 OK for: eslint@9.39.4 want: ^3.1.5
581 silly placeDep ROOT natural-compare@1.4.0 OK for: eslint@9.39.4 want: ^1.4.0
582 silly placeDep ROOT optionator@0.9.4 OK for: eslint@9.39.4 want: ^0.9.3
583 silly fetch manifest eslint-visitor-keys@^3.4.3
584 silly packumentCache full:https://registry.npmjs.org/eslint-visitor-keys cache-miss
585 silly fetch manifest debug@^4.3.1
586 silly packumentCache full:https://registry.npmjs.org/debug cache-miss
587 silly fetch manifest @eslint/object-schema@^2.1.7
588 silly packumentCache full:https://registry.npmjs.org/@eslint%2fobject-schema cache-miss
589 silly fetch manifest @types/json-schema@^7.0.15
590 silly packumentCache full:https://registry.npmjs.org/@types%2fjson-schema cache-miss
591 silly fetch manifest espree@^10.0.1
592 silly packumentCache full:https://registry.npmjs.org/espree cache-miss
593 silly fetch manifest globals@^14.0.0
594 silly packumentCache full:https://registry.npmjs.org/globals cache-miss
595 silly fetch manifest import-fresh@^3.2.1
596 silly packumentCache full:https://registry.npmjs.org/import-fresh cache-miss
597 http cache https://registry.npmjs.org/eslint-visitor-keys 4ms (cache hit)
598 silly packumentCache full:https://registry.npmjs.org/eslint-visitor-keys set size:69949 disposed:false
599 silly fetch manifest js-yaml@^4.1.1
600 silly packumentCache full:https://registry.npmjs.org/js-yaml cache-miss
601 http cache https://registry.npmjs.org/globals 4ms (cache hit)
602 silly packumentCache full:https://registry.npmjs.org/globals set size:308609 disposed:false
603 silly fetch manifest strip-json-comments@^3.1.1
604 silly packumentCache full:https://registry.npmjs.org/strip-json-comments cache-miss
605 http cache https://registry.npmjs.org/debug 7ms (cache hit)
606 silly packumentCache full:https://registry.npmjs.org/debug set size:195840 disposed:false
607 silly fetch manifest levn@^0.4.1
608 silly packumentCache full:https://registry.npmjs.org/levn cache-miss
609 http cache https://registry.npmjs.org/espree 9ms (cache hit)
610 silly packumentCache full:https://registry.npmjs.org/espree set size:326080 disposed:false
611 silly fetch manifest @humanwhocodes/retry@^0.4.0
612 silly packumentCache full:https://registry.npmjs.org/@humanwhocodes%2fretry cache-miss
613 http cache https://registry.npmjs.org/@humanwhocodes%2fretry 1ms (cache hit)
614 silly packumentCache full:https://registry.npmjs.org/@humanwhocodes%2fretry set size:42348 disposed:false
615 silly fetch manifest @humanfs/core@^0.19.1
616 silly packumentCache full:https://registry.npmjs.org/@humanfs%2fcore cache-miss
617 http fetch GET 200 https://registry.npmjs.org/import-fresh 67ms (cache miss)
618 silly packumentCache full:https://registry.npmjs.org/import-fresh set size:undefined disposed:false
619 silly fetch manifest fast-deep-equal@^3.1.1
620 silly packumentCache full:https://registry.npmjs.org/fast-deep-equal cache-miss
621 http fetch GET 200 https://registry.npmjs.org/strip-json-comments 63ms (cache miss)
622 silly packumentCache full:https://registry.npmjs.org/strip-json-comments set size:undefined disposed:false
623 silly fetch manifest fast-json-stable-stringify@^2.0.0
624 silly packumentCache full:https://registry.npmjs.org/fast-json-stable-stringify cache-miss
625 http cache https://registry.npmjs.org/fast-deep-equal 2ms (cache hit)
626 silly packumentCache full:https://registry.npmjs.org/fast-deep-equal set size:48634 disposed:false
627 silly fetch manifest json-schema-traverse@^0.4.1
628 silly packumentCache full:https://registry.npmjs.org/json-schema-traverse cache-miss
629 http fetch GET 200 https://registry.npmjs.org/@types%2fjson-schema 78ms (cache miss)
630 silly packumentCache full:https://registry.npmjs.org/@types%2fjson-schema set size:undefined disposed:false
631 silly fetch manifest uri-js@^4.2.2
632 silly packumentCache full:https://registry.npmjs.org/uri-js cache-miss
633 http fetch GET 200 https://registry.npmjs.org/levn 70ms (cache miss)
634 silly packumentCache full:https://registry.npmjs.org/levn set size:undefined disposed:false
635 silly fetch manifest ansi-styles@^4.1.0
636 silly packumentCache full:https://registry.npmjs.org/ansi-styles cache-miss
637 http fetch GET 200 https://registry.npmjs.org/js-yaml 77ms (cache miss)
638 silly packumentCache full:https://registry.npmjs.org/js-yaml set size:undefined disposed:false
639 silly fetch manifest supports-color@^7.1.0
640 silly packumentCache full:https://registry.npmjs.org/supports-color cache-miss
641 http fetch GET 200 https://registry.npmjs.org/@eslint%2fobject-schema 99ms (cache miss)
642 silly packumentCache full:https://registry.npmjs.org/@eslint%2fobject-schema set size:undefined disposed:false
643 silly fetch manifest which@^2.0.1
644 silly packumentCache full:https://registry.npmjs.org/which cache-miss
645 http fetch GET 200 https://registry.npmjs.org/@humanfs%2fcore 109ms (cache miss)
646 silly packumentCache full:https://registry.npmjs.org/@humanfs%2fcore set size:undefined disposed:false
647 silly fetch manifest path-key@^3.1.0
648 silly packumentCache full:https://registry.npmjs.org/path-key cache-miss
649 http fetch GET 200 https://registry.npmjs.org/fast-json-stable-stringify 67ms (cache miss)
650 silly packumentCache full:https://registry.npmjs.org/fast-json-stable-stringify set size:undefined disposed:false
651 silly fetch manifest shebang-command@^2.0.0
652 silly packumentCache full:https://registry.npmjs.org/shebang-command cache-miss
653 http fetch GET 200 https://registry.npmjs.org/ansi-styles 59ms (cache miss)
654 silly packumentCache full:https://registry.npmjs.org/ansi-styles set size:undefined disposed:false
655 silly fetch manifest ms@^2.1.3
656 silly packumentCache full:https://registry.npmjs.org/ms cache-miss
657 http fetch GET 200 https://registry.npmjs.org/uri-js 62ms (cache miss)
658 silly packumentCache full:https://registry.npmjs.org/uri-js set size:undefined disposed:false
659 silly fetch manifest esrecurse@^4.3.0
660 silly packumentCache full:https://registry.npmjs.org/esrecurse cache-miss
661 http fetch GET 200 https://registry.npmjs.org/json-schema-traverse 85ms (cache miss)
662 silly packumentCache full:https://registry.npmjs.org/json-schema-traverse set size:undefined disposed:false
663 silly fetch manifest estraverse@^5.2.0
664 silly packumentCache full:https://registry.npmjs.org/estraverse cache-miss
665 http fetch GET 200 https://registry.npmjs.org/supports-color 76ms (cache miss)
666 silly packumentCache full:https://registry.npmjs.org/supports-color set size:undefined disposed:false
667 silly fetch manifest acorn@^8.15.0
668 silly packumentCache full:https://registry.npmjs.org/acorn cache-miss
669 http fetch GET 200 https://registry.npmjs.org/which 73ms (cache miss)
670 silly packumentCache full:https://registry.npmjs.org/which set size:undefined disposed:false
671 silly fetch manifest acorn-jsx@^5.3.2
672 silly packumentCache full:https://registry.npmjs.org/acorn-jsx cache-miss
673 http fetch GET 200 https://registry.npmjs.org/esrecurse 63ms (cache miss)
674 silly packumentCache full:https://registry.npmjs.org/esrecurse set size:undefined disposed:false
675 silly fetch manifest estraverse@^5.1.0
676 silly packumentCache full:https://registry.npmjs.org/estraverse cache-miss
677 http fetch GET 200 https://registry.npmjs.org/ms 70ms (cache miss)
678 silly packumentCache full:https://registry.npmjs.org/ms set size:undefined disposed:false
679 silly fetch manifest flat-cache@^4.0.0
680 silly packumentCache full:https://registry.npmjs.org/flat-cache cache-miss
681 http fetch GET 200 https://registry.npmjs.org/path-key 91ms (cache miss)
682 silly packumentCache full:https://registry.npmjs.org/path-key set size:undefined disposed:false
683 silly fetch manifest locate-path@^6.0.0
684 silly packumentCache full:https://registry.npmjs.org/locate-path cache-miss
685 http fetch GET 200 https://registry.npmjs.org/shebang-command 98ms (cache miss)
686 silly packumentCache full:https://registry.npmjs.org/shebang-command set size:undefined disposed:false
687 silly fetch manifest path-exists@^4.0.0
688 silly packumentCache full:https://registry.npmjs.org/path-exists cache-miss
689 http fetch GET 200 https://registry.npmjs.org/estraverse 79ms (cache miss)
690 silly packumentCache full:https://registry.npmjs.org/estraverse set size:undefined disposed:false
691 silly fetch manifest is-glob@^4.0.3
692 silly packumentCache full:https://registry.npmjs.org/is-glob cache-miss
693 http cache https://registry.npmjs.org/is-glob 2ms (cache hit)
694 silly packumentCache full:https://registry.npmjs.org/is-glob set size:40530 disposed:false
695 silly fetch manifest is-extglob@^2.1.1
696 silly packumentCache full:https://registry.npmjs.org/is-extglob cache-miss
697 http fetch GET 200 https://registry.npmjs.org/acorn 96ms (cache miss)
698 silly packumentCache full:https://registry.npmjs.org/acorn set size:undefined disposed:false
699 silly fetch manifest brace-expansion@^1.1.7
700 silly packumentCache full:https://registry.npmjs.org/brace-expansion cache-miss
701 http fetch GET 200 https://registry.npmjs.org/acorn-jsx 101ms (cache miss)
702 silly packumentCache full:https://registry.npmjs.org/acorn-jsx set size:undefined disposed:false
703 silly fetch manifest prelude-ls@^1.2.1
704 silly packumentCache full:https://registry.npmjs.org/prelude-ls cache-miss
705 http fetch GET 200 https://registry.npmjs.org/estraverse 90ms (cache miss)
706 silly packumentCache full:https://registry.npmjs.org/estraverse set size:undefined disposed:false
707 silly fetch manifest deep-is@^0.1.3
708 silly packumentCache full:https://registry.npmjs.org/deep-is cache-miss
709 http fetch GET 200 https://registry.npmjs.org/flat-cache 86ms (cache miss)
710 silly packumentCache full:https://registry.npmjs.org/flat-cache set size:undefined disposed:false
711 silly fetch manifest word-wrap@^1.2.5
712 silly packumentCache full:https://registry.npmjs.org/word-wrap cache-miss
713 http fetch GET 200 https://registry.npmjs.org/locate-path 84ms (cache miss)
714 silly packumentCache full:https://registry.npmjs.org/locate-path set size:undefined disposed:false
715 silly fetch manifest type-check@^0.4.0
716 silly packumentCache full:https://registry.npmjs.org/type-check cache-miss
717 http fetch GET 200 https://registry.npmjs.org/is-extglob 72ms (cache miss)
718 silly packumentCache full:https://registry.npmjs.org/is-extglob set size:undefined disposed:false
719 silly fetch manifest fast-levenshtein@^2.0.6
720 silly packumentCache full:https://registry.npmjs.org/fast-levenshtein cache-miss
721 http fetch GET 200 https://registry.npmjs.org/path-exists 87ms (cache miss)
722 silly packumentCache full:https://registry.npmjs.org/path-exists set size:undefined disposed:false
723 http fetch GET 200 https://registry.npmjs.org/brace-expansion 65ms (cache miss)
724 silly packumentCache full:https://registry.npmjs.org/brace-expansion set size:undefined disposed:false
725 http fetch GET 200 https://registry.npmjs.org/prelude-ls 63ms (cache miss)
726 silly packumentCache full:https://registry.npmjs.org/prelude-ls set size:undefined disposed:false
727 http fetch GET 200 https://registry.npmjs.org/word-wrap 73ms (cache miss)
728 silly packumentCache full:https://registry.npmjs.org/word-wrap set size:undefined disposed:false
729 http fetch GET 200 https://registry.npmjs.org/deep-is 75ms (cache miss)
730 silly packumentCache full:https://registry.npmjs.org/deep-is set size:undefined disposed:false
731 http fetch GET 200 https://registry.npmjs.org/fast-levenshtein 73ms (cache miss)
732 silly packumentCache full:https://registry.npmjs.org/fast-levenshtein set size:undefined disposed:false
733 http fetch GET 200 https://registry.npmjs.org/type-check 112ms (cache miss)
734 silly packumentCache full:https://registry.npmjs.org/type-check set size:undefined disposed:false
735 silly placeDep node_modules/@eslint-community/eslint-utils eslint-visitor-keys@3.4.3 OK for: @eslint-community/eslint-utils@4.9.1 want: ^3.4.3
736 silly placeDep ROOT @eslint/object-schema@2.1.7 OK for: @eslint/config-array@0.21.2 want: ^2.1.7
737 silly placeDep ROOT @types/json-schema@7.0.15 OK for: @eslint/core@0.17.0 want: ^7.0.15
738 silly placeDep ROOT globals@14.0.0 OK for: @eslint/eslintrc@3.3.5 want: ^14.0.0
739 silly placeDep ROOT import-fresh@3.3.1 OK for: @eslint/eslintrc@3.3.5 want: ^3.2.1
740 silly placeDep ROOT js-yaml@4.1.1 OK for: @eslint/eslintrc@3.3.5 want: ^4.1.1
741 silly placeDep ROOT strip-json-comments@3.1.1 OK for: @eslint/eslintrc@3.3.5 want: ^3.1.1
742 silly fetch manifest resolve-from@^4.0.0
743 silly packumentCache full:https://registry.npmjs.org/resolve-from cache-miss
744 silly fetch manifest parent-module@^1.0.0
745 silly packumentCache full:https://registry.npmjs.org/parent-module cache-miss
746 silly fetch manifest argparse@^2.0.1
747 silly packumentCache full:https://registry.npmjs.org/argparse cache-miss
748 http fetch GET 200 https://registry.npmjs.org/argparse 78ms (cache miss)
749 silly packumentCache full:https://registry.npmjs.org/argparse set size:undefined disposed:false
750 http fetch GET 200 https://registry.npmjs.org/resolve-from 78ms (cache miss)
751 silly packumentCache full:https://registry.npmjs.org/resolve-from set size:undefined disposed:false
752 http fetch GET 200 https://registry.npmjs.org/parent-module 111ms (cache miss)
753 silly packumentCache full:https://registry.npmjs.org/parent-module set size:undefined disposed:false
754 silly placeDep ROOT levn@0.4.1 OK for: @eslint/plugin-kit@0.4.1 want: ^0.4.1
755 silly fetch manifest type-check@~0.4.0
756 silly packumentCache full:https://registry.npmjs.org/type-check cache-miss
757 http cache https://registry.npmjs.org/type-check 1ms (cache hit)
758 silly packumentCache full:https://registry.npmjs.org/type-check set size:21221 disposed:false
759 silly placeDep ROOT @humanfs/core@0.19.1 OK for: @humanfs/node@0.16.7 want: ^0.19.1
760 silly placeDep ROOT fast-json-stable-stringify@2.1.0 OK for: ajv@6.14.0 want: ^2.0.0
761 silly placeDep ROOT json-schema-traverse@0.4.1 OK for: ajv@6.14.0 want: ^0.4.1
762 silly placeDep ROOT uri-js@4.4.1 OK for: ajv@6.14.0 want: ^4.2.2
763 silly fetch manifest punycode@^2.1.0
764 silly packumentCache full:https://registry.npmjs.org/punycode cache-miss
765 http fetch GET 200 https://registry.npmjs.org/punycode 76ms (cache miss)
766 silly packumentCache full:https://registry.npmjs.org/punycode set size:undefined disposed:false
767 silly placeDep ROOT ansi-styles@4.3.0 OK for: chalk@4.1.2 want: ^4.1.0
768 silly placeDep ROOT supports-color@7.2.0 OK for: chalk@4.1.2 want: ^7.1.0
769 silly fetch manifest color-convert@^2.0.1
770 silly packumentCache full:https://registry.npmjs.org/color-convert cache-miss
771 silly fetch manifest has-flag@^4.0.0
772 silly packumentCache full:https://registry.npmjs.org/has-flag cache-miss
773 http fetch GET 200 https://registry.npmjs.org/has-flag 87ms (cache miss)
774 silly packumentCache full:https://registry.npmjs.org/has-flag set size:undefined disposed:false
775 http fetch GET 200 https://registry.npmjs.org/color-convert 108ms (cache miss)
776 silly packumentCache full:https://registry.npmjs.org/color-convert set size:undefined disposed:false
777 silly placeDep ROOT color-convert@2.0.1 OK for: ansi-styles@4.3.0 want: ^2.0.1
778 silly fetch manifest color-name@~1.1.4
779 silly packumentCache full:https://registry.npmjs.org/color-name cache-miss
780 http fetch GET 200 https://registry.npmjs.org/color-name 120ms (cache miss)
781 silly packumentCache full:https://registry.npmjs.org/color-name set size:undefined disposed:false
782 silly placeDep ROOT color-name@1.1.4 OK for: color-convert@2.0.1 want: ~1.1.4
783 silly placeDep ROOT path-key@3.1.1 OK for: cross-spawn@7.0.6 want: ^3.1.0
784 silly placeDep ROOT shebang-command@2.0.0 OK for: cross-spawn@7.0.6 want: ^2.0.0
785 silly placeDep ROOT which@2.0.2 OK for: cross-spawn@7.0.6 want: ^2.0.1
786 silly fetch manifest shebang-regex@^3.0.0
787 silly packumentCache full:https://registry.npmjs.org/shebang-regex cache-miss
788 silly fetch manifest isexe@^2.0.0
789 silly packumentCache full:https://registry.npmjs.org/isexe cache-miss
790 http fetch GET 200 https://registry.npmjs.org/isexe 82ms (cache miss)
791 silly packumentCache full:https://registry.npmjs.org/isexe set size:undefined disposed:false
792 http fetch GET 200 https://registry.npmjs.org/shebang-regex 106ms (cache miss)
793 silly packumentCache full:https://registry.npmjs.org/shebang-regex set size:undefined disposed:false
794 silly placeDep ROOT ms@2.1.3 OK for: debug@4.4.3 want: ^2.1.3
795 silly fetch manifest eslint@>=9.0.0
796 silly packumentCache full:https://registry.npmjs.org/eslint cache-miss
797 http cache https://registry.npmjs.org/eslint 5ms (cache hit)
798 silly packumentCache full:https://registry.npmjs.org/eslint set size:1963267 disposed:false
799 silly fetch manifest typescript@>=3.3.1
800 silly packumentCache full:https://registry.npmjs.org/typescript cache-miss
801 http cache https://registry.npmjs.org/typescript 27ms (cache hit)
802 silly packumentCache full:https://registry.npmjs.org/typescript set size:15343725 disposed:false
803 silly fetch manifest eslint@^3 || ^4 || ^5 || ^6 || ^7 || ^8 || ^9.7
804 silly packumentCache full:https://registry.npmjs.org/eslint cache-miss
805 http cache https://registry.npmjs.org/eslint 6ms (cache hit)
806 silly packumentCache full:https://registry.npmjs.org/eslint set size:1963267 disposed:false
807 silly fetch manifest eslint@^2 || ^3 || ^4 || ^5 || ^6 || ^7.2.0 || ^8 || ^9
808 silly packumentCache full:https://registry.npmjs.org/eslint cache-miss
809 http cache https://registry.npmjs.org/eslint 2ms (cache hit)
810 silly packumentCache full:https://registry.npmjs.org/eslint set size:1963267 disposed:false
811 silly fetch manifest eslint@^3 || ^4 || ^5 || ^6 || ^7 || ^8 || ^9
812 silly packumentCache full:https://registry.npmjs.org/eslint cache-miss
813 http cache https://registry.npmjs.org/eslint 2ms (cache hit)
814 silly packumentCache full:https://registry.npmjs.org/eslint set size:1963267 disposed:false
815 silly fetch manifest eslint@^3.0.0 || ^4.0.0 || ^5.0.0 || ^6.0.0 || ^7.0.0 || ^8.0.0-0 || ^9.0.0
816 silly packumentCache full:https://registry.npmjs.org/eslint cache-miss
817 http cache https://registry.npmjs.org/eslint 3ms (cache hit)
818 silly packumentCache full:https://registry.npmjs.org/eslint set size:1963267 disposed:false
819 silly fetch manifest eslint-plugin-import-x@*
820 silly packumentCache full:https://registry.npmjs.org/eslint-plugin-import-x cache-miss
821 http fetch GET 200 https://registry.npmjs.org/eslint-plugin-import-x 70ms (cache miss)
822 silly packumentCache full:https://registry.npmjs.org/eslint-plugin-import-x set size:undefined disposed:false
823 silly fetch manifest @typescript-eslint/utils@^8.56.0
824 silly packumentCache full:https://registry.npmjs.org/@typescript-eslint%2futils cache-miss
825 http fetch GET 200 https://registry.npmjs.org/@typescript-eslint%2futils 235ms (cache miss)
826 silly packumentCache full:https://registry.npmjs.org/@typescript-eslint%2futils set size:undefined disposed:false
827 silly placeDep ROOT @next/eslint-plugin-next@16.1.6 OK for: eslint-config-next@16.1.6 want: 16.1.6
828 silly placeDep ROOT eslint-import-resolver-node@0.3.9 OK for: eslint-config-next@16.1.6 want: ^0.3.6
829 silly placeDep ROOT eslint-import-resolver-typescript@3.10.1 OK for: eslint-config-next@16.1.6 want: ^3.5.2
830 silly placeDep ROOT eslint-plugin-import@2.32.0 OK for: eslint-config-next@16.1.6 want: ^2.32.0
831 silly placeDep ROOT eslint-plugin-jsx-a11y@6.10.2 OK for: eslint-config-next@16.1.6 want: ^6.10.0
832 silly placeDep ROOT eslint-plugin-react@7.37.5 OK for: eslint-config-next@16.1.6 want: ^7.37.0
833 silly placeDep ROOT eslint-plugin-react-hooks@7.0.1 OK for: eslint-config-next@16.1.6 want: ^7.0.0
834 silly placeDep node_modules/eslint-config-next globals@16.4.0 OK for: eslint-config-next@16.1.6 want: 16.4.0
835 silly placeDep ROOT typescript-eslint@8.57.0 OK for: eslint-config-next@16.1.6 want: ^8.46.0
836 silly fetch manifest fast-glob@3.3.1
837 silly packumentCache full:https://registry.npmjs.org/fast-glob cache-miss
838 silly fetch manifest debug@^3.2.7
839 silly packumentCache full:https://registry.npmjs.org/debug cache-hit
840 silly fetch manifest is-core-module@^2.13.0
841 silly packumentCache full:https://registry.npmjs.org/is-core-module cache-miss
842 silly fetch manifest resolve@^1.22.4
843 silly packumentCache full:https://registry.npmjs.org/resolve cache-miss
844 silly fetch manifest tinyglobby@^0.2.13
845 silly packumentCache full:https://registry.npmjs.org/tinyglobby cache-miss
846 silly fetch manifest stable-hash@^0.0.5
847 silly packumentCache full:https://registry.npmjs.org/stable-hash cache-miss
848 silly fetch manifest get-tsconfig@^4.10.0
849 silly packumentCache full:https://registry.npmjs.org/get-tsconfig cache-miss
850 silly fetch manifest is-bun-module@^2.0.0
851 silly packumentCache full:https://registry.npmjs.org/is-bun-module cache-miss
852 http fetch GET 200 https://registry.npmjs.org/stable-hash 62ms (cache miss)
853 silly packumentCache full:https://registry.npmjs.org/stable-hash set size:undefined disposed:false
854 silly fetch manifest unrs-resolver@^1.6.2
855 silly packumentCache full:https://registry.npmjs.org/unrs-resolver cache-miss
856 http fetch GET 200 https://registry.npmjs.org/is-bun-module 63ms (cache miss)
857 silly packumentCache full:https://registry.npmjs.org/is-bun-module set size:undefined disposed:false
858 silly fetch manifest @nolyfill/is-core-module@1.0.39
859 silly packumentCache full:https://registry.npmjs.org/@nolyfill%2fis-core-module cache-miss
860 http fetch GET 200 https://registry.npmjs.org/fast-glob 66ms (cache miss)
861 silly packumentCache full:https://registry.npmjs.org/fast-glob set size:undefined disposed:false
862 silly fetch manifest @rtsao/scc@^1.1.0
863 silly packumentCache full:https://registry.npmjs.org/@rtsao%2fscc cache-miss
864 http fetch GET 200 https://registry.npmjs.org/tinyglobby 67ms (cache miss)
865 silly packumentCache full:https://registry.npmjs.org/tinyglobby set size:undefined disposed:false
866 silly fetch manifest array-includes@^3.1.9
867 silly packumentCache full:https://registry.npmjs.org/array-includes cache-miss
868 http fetch GET 200 https://registry.npmjs.org/is-core-module 70ms (cache miss)
869 silly packumentCache full:https://registry.npmjs.org/is-core-module set size:undefined disposed:false
870 silly fetch manifest array.prototype.findlastindex@^1.2.6
871 silly packumentCache full:https://registry.npmjs.org/array.prototype.findlastindex cache-miss
872 http fetch GET 200 https://registry.npmjs.org/resolve 72ms (cache miss)
873 silly packumentCache full:https://registry.npmjs.org/resolve set size:undefined disposed:false
874 silly fetch manifest array.prototype.flat@^1.3.3
875 silly packumentCache full:https://registry.npmjs.org/array.prototype.flat cache-miss
876 http fetch GET 200 https://registry.npmjs.org/get-tsconfig 95ms (cache miss)
877 silly packumentCache full:https://registry.npmjs.org/get-tsconfig set size:undefined disposed:false
878 silly fetch manifest array.prototype.flatmap@^1.3.3
879 silly packumentCache full:https://registry.npmjs.org/array.prototype.flatmap cache-miss
880 http fetch GET 200 https://registry.npmjs.org/unrs-resolver 55ms (cache miss)
881 silly packumentCache full:https://registry.npmjs.org/unrs-resolver set size:undefined disposed:false
882 silly fetch manifest doctrine@^2.1.0
883 silly packumentCache full:https://registry.npmjs.org/doctrine cache-miss
884 http fetch GET 200 https://registry.npmjs.org/array.prototype.flat 58ms (cache miss)
885 silly packumentCache full:https://registry.npmjs.org/array.prototype.flat set size:undefined disposed:false
886 silly fetch manifest eslint-module-utils@^2.12.1
887 silly packumentCache full:https://registry.npmjs.org/eslint-module-utils cache-miss
888 http fetch GET 200 https://registry.npmjs.org/@rtsao%2fscc 88ms (cache miss)
889 silly packumentCache full:https://registry.npmjs.org/@rtsao%2fscc set size:undefined disposed:false
890 silly fetch manifest hasown@^2.0.2
891 silly packumentCache full:https://registry.npmjs.org/hasown cache-miss
892 http fetch GET 200 https://registry.npmjs.org/array-includes 88ms (cache miss)
893 silly packumentCache full:https://registry.npmjs.org/array-includes set size:undefined disposed:false
894 silly fetch manifest is-core-module@^2.16.1
895 silly packumentCache full:https://registry.npmjs.org/is-core-module cache-miss
896 http cache https://registry.npmjs.org/is-core-module 1ms (cache hit)
897 silly packumentCache full:https://registry.npmjs.org/is-core-module set size:71788 disposed:false
898 silly fetch manifest object.fromentries@^2.0.8
899 silly packumentCache full:https://registry.npmjs.org/object.fromentries cache-miss
900 http fetch GET 200 https://registry.npmjs.org/@nolyfill%2fis-core-module 98ms (cache miss)
901 silly packumentCache full:https://registry.npmjs.org/@nolyfill%2fis-core-module set size:undefined disposed:false
902 silly fetch manifest object.groupby@^1.0.3
903 silly packumentCache full:https://registry.npmjs.org/object.groupby cache-miss
904 http fetch GET 200 https://registry.npmjs.org/doctrine 57ms (cache miss)
905 silly packumentCache full:https://registry.npmjs.org/doctrine set size:undefined disposed:false
906 silly fetch manifest object.values@^1.2.1
907 silly packumentCache full:https://registry.npmjs.org/object.values cache-miss
908 http fetch GET 200 https://registry.npmjs.org/array.prototype.flatmap 83ms (cache miss)
909 silly packumentCache full:https://registry.npmjs.org/array.prototype.flatmap set size:undefined disposed:false
910 silly fetch manifest semver@^6.3.1
911 silly packumentCache full:https://registry.npmjs.org/semver cache-miss
912 http fetch GET 200 https://registry.npmjs.org/eslint-module-utils 66ms (cache miss)
913 silly packumentCache full:https://registry.npmjs.org/eslint-module-utils set size:undefined disposed:false
914 silly fetch manifest string.prototype.trimend@^1.0.9
915 silly packumentCache full:https://registry.npmjs.org/string.prototype.trimend cache-miss
916 http fetch GET 200 https://registry.npmjs.org/hasown 58ms (cache miss)
917 silly packumentCache full:https://registry.npmjs.org/hasown set size:undefined disposed:false
918 silly fetch manifest tsconfig-paths@^3.15.0
919 silly packumentCache full:https://registry.npmjs.org/tsconfig-paths cache-miss
920 http fetch GET 200 https://registry.npmjs.org/object.groupby 59ms (cache miss)
921 silly packumentCache full:https://registry.npmjs.org/object.groupby set size:undefined disposed:false
922 silly fetch manifest aria-query@^5.3.2
923 silly packumentCache full:https://registry.npmjs.org/aria-query cache-miss
924 http fetch GET 200 https://registry.npmjs.org/object.values 56ms (cache miss)
925 silly packumentCache full:https://registry.npmjs.org/object.values set size:undefined disposed:false
926 silly fetch manifest array-includes@^3.1.8
927 silly packumentCache full:https://registry.npmjs.org/array-includes cache-miss
928 http cache https://registry.npmjs.org/array-includes 1ms (cache hit)
929 silly packumentCache full:https://registry.npmjs.org/array-includes set size:77143 disposed:false
930 silly fetch manifest array.prototype.flatmap@^1.3.2
931 silly packumentCache full:https://registry.npmjs.org/array.prototype.flatmap cache-miss
932 http cache https://registry.npmjs.org/array.prototype.flatmap 1ms (cache hit)
933 silly packumentCache full:https://registry.npmjs.org/array.prototype.flatmap set size:51458 disposed:false
934 silly fetch manifest ast-types-flow@^0.0.8
935 silly packumentCache full:https://registry.npmjs.org/ast-types-flow cache-miss
936 http fetch GET 200 https://registry.npmjs.org/array.prototype.findlastindex 172ms (cache miss)
937 silly packumentCache full:https://registry.npmjs.org/array.prototype.findlastindex set size:undefined disposed:false
938 silly fetch manifest axe-core@^4.10.0
939 silly packumentCache full:https://registry.npmjs.org/axe-core cache-miss
940 http fetch GET 200 https://registry.npmjs.org/object.fromentries 92ms (cache miss)
941 silly packumentCache full:https://registry.npmjs.org/object.fromentries set size:undefined disposed:false
942 silly fetch manifest axobject-query@^4.1.0
943 silly packumentCache full:https://registry.npmjs.org/axobject-query cache-miss
944 http fetch GET 200 https://registry.npmjs.org/string.prototype.trimend 57ms (cache miss)
945 silly packumentCache full:https://registry.npmjs.org/string.prototype.trimend set size:undefined disposed:false
946 silly fetch manifest damerau-levenshtein@^1.0.8
947 silly packumentCache full:https://registry.npmjs.org/damerau-levenshtein cache-miss
948 http fetch GET 200 https://registry.npmjs.org/semver 91ms (cache miss)
949 silly packumentCache full:https://registry.npmjs.org/semver set size:undefined disposed:false
950 silly fetch manifest emoji-regex@^9.2.2
951 silly packumentCache full:https://registry.npmjs.org/emoji-regex cache-miss
952 http fetch GET 200 https://registry.npmjs.org/tsconfig-paths 64ms (cache miss)
953 silly packumentCache full:https://registry.npmjs.org/tsconfig-paths set size:undefined disposed:false
954 silly fetch manifest jsx-ast-utils@^3.3.5
955 silly packumentCache full:https://registry.npmjs.org/jsx-ast-utils cache-miss
956 http fetch GET 200 https://registry.npmjs.org/aria-query 75ms (cache miss)
957 silly packumentCache full:https://registry.npmjs.org/aria-query set size:undefined disposed:false
958 silly fetch manifest language-tags@^1.0.9
959 silly packumentCache full:https://registry.npmjs.org/language-tags cache-miss
960 http fetch GET 200 https://registry.npmjs.org/ast-types-flow 63ms (cache miss)
961 silly packumentCache full:https://registry.npmjs.org/ast-types-flow set size:undefined disposed:false
962 silly fetch manifest safe-regex-test@^1.0.3
963 silly packumentCache full:https://registry.npmjs.org/safe-regex-test cache-miss
964 http fetch GET 200 https://registry.npmjs.org/damerau-levenshtein 71ms (cache miss)
965 silly packumentCache full:https://registry.npmjs.org/damerau-levenshtein set size:undefined disposed:false
966 silly fetch manifest string.prototype.includes@^2.0.1
967 silly packumentCache full:https://registry.npmjs.org/string.prototype.includes cache-miss
968 http fetch GET 200 https://registry.npmjs.org/axobject-query 89ms (cache miss)
969 silly packumentCache full:https://registry.npmjs.org/axobject-query set size:undefined disposed:false
970 silly fetch manifest array.prototype.findlast@^1.2.5
971 silly packumentCache full:https://registry.npmjs.org/array.prototype.findlast cache-miss
972 http fetch GET 200 https://registry.npmjs.org/emoji-regex 68ms (cache miss)
973 silly packumentCache full:https://registry.npmjs.org/emoji-regex set size:undefined disposed:false
974 silly fetch manifest array.prototype.tosorted@^1.1.4
975 silly packumentCache full:https://registry.npmjs.org/array.prototype.tosorted cache-miss
976 http fetch GET 200 https://registry.npmjs.org/jsx-ast-utils 63ms (cache miss)
977 silly packumentCache full:https://registry.npmjs.org/jsx-ast-utils set size:undefined disposed:false
978 silly fetch manifest es-iterator-helpers@^1.2.1
979 silly packumentCache full:https://registry.npmjs.org/es-iterator-helpers cache-miss
980 http fetch GET 200 https://registry.npmjs.org/language-tags 78ms (cache miss)
981 silly packumentCache full:https://registry.npmjs.org/language-tags set size:undefined disposed:false
982 silly fetch manifest estraverse@^5.3.0
983 silly packumentCache full:https://registry.npmjs.org/estraverse cache-miss
984 http cache https://registry.npmjs.org/estraverse 2ms (cache hit)
985 silly packumentCache full:https://registry.npmjs.org/estraverse set size:62412 disposed:false
986 silly fetch manifest jsx-ast-utils@^2.4.1 || ^3.0.0
987 silly packumentCache full:https://registry.npmjs.org/jsx-ast-utils cache-miss
988 http cache https://registry.npmjs.org/jsx-ast-utils 3ms (cache hit)
989 silly packumentCache full:https://registry.npmjs.org/jsx-ast-utils set size:115998 disposed:false
990 silly fetch manifest object.entries@^1.1.9
991 silly packumentCache full:https://registry.npmjs.org/object.entries cache-miss
992 http fetch GET 200 https://registry.npmjs.org/string.prototype.includes 68ms (cache miss)
993 silly packumentCache full:https://registry.npmjs.org/string.prototype.includes set size:undefined disposed:false
994 silly fetch manifest prop-types@^15.8.1
995 silly packumentCache full:https://registry.npmjs.org/prop-types cache-miss
996 http fetch GET 200 https://registry.npmjs.org/safe-regex-test 111ms (cache miss)
997 silly packumentCache full:https://registry.npmjs.org/safe-regex-test set size:undefined disposed:false
998 silly fetch manifest resolve@^2.0.0-next.5
999 silly packumentCache full:https://registry.npmjs.org/resolve cache-miss
1000 http fetch GET 200 https://registry.npmjs.org/es-iterator-helpers 72ms (cache miss)
1001 silly packumentCache full:https://registry.npmjs.org/es-iterator-helpers set size:undefined disposed:false
1002 silly fetch manifest string.prototype.matchall@^4.0.12
1003 silly packumentCache full:https://registry.npmjs.org/string.prototype.matchall cache-miss
1004 http fetch GET 200 https://registry.npmjs.org/array.prototype.findlast 78ms (cache miss)
1005 silly packumentCache full:https://registry.npmjs.org/array.prototype.findlast set size:undefined disposed:false
1006 silly fetch manifest string.prototype.repeat@^1.0.0
1007 silly packumentCache full:https://registry.npmjs.org/string.prototype.repeat cache-miss
1008 http cache https://registry.npmjs.org/resolve 5ms (cache hit)
1009 silly packumentCache full:https://registry.npmjs.org/resolve set size:238156 disposed:false
1010 silly fetch manifest zod@^3.25.0 || ^4.0.0
1011 silly packumentCache full:https://registry.npmjs.org/zod cache-miss
1012 http fetch GET 200 https://registry.npmjs.org/array.prototype.tosorted 80ms (cache miss)
1013 silly packumentCache full:https://registry.npmjs.org/array.prototype.tosorted set size:undefined disposed:false
1014 silly fetch manifest @babel/core@^7.24.4
1015 silly packumentCache full:https://registry.npmjs.org/@babel%2fcore cache-miss
1016 http fetch GET 200 https://registry.npmjs.org/object.entries 62ms (cache miss)
1017 silly packumentCache full:https://registry.npmjs.org/object.entries set size:undefined disposed:false
1018 silly fetch manifest @babel/parser@^7.24.4
1019 silly packumentCache full:https://registry.npmjs.org/@babel%2fparser cache-miss
1020 http fetch GET 200 https://registry.npmjs.org/prop-types 58ms (cache miss)
1021 silly packumentCache full:https://registry.npmjs.org/prop-types set size:undefined disposed:false
1022 silly fetch manifest hermes-parser@^0.25.1
1023 silly packumentCache full:https://registry.npmjs.org/hermes-parser cache-miss
1024 http fetch GET 200 https://registry.npmjs.org/string.prototype.matchall 52ms (cache miss)
1025 silly packumentCache full:https://registry.npmjs.org/string.prototype.matchall set size:undefined disposed:false
1026 silly fetch manifest zod-validation-error@^3.5.0 || ^4.0.0
1027 silly packumentCache full:https://registry.npmjs.org/zod-validation-error cache-miss
1028 http fetch GET 200 https://registry.npmjs.org/string.prototype.repeat 56ms (cache miss)
1029 silly packumentCache full:https://registry.npmjs.org/string.prototype.repeat set size:undefined disposed:false
1030 silly fetch manifest @typescript-eslint/utils@8.57.0
1031 silly packumentCache full:https://registry.npmjs.org/@typescript-eslint%2futils cache-miss
1032 http cache https://registry.npmjs.org/@typescript-eslint%2futils 13ms (cache hit)
1033 silly packumentCache full:https://registry.npmjs.org/@typescript-eslint%2futils set size:9790880 disposed:false
1034 silly fetch manifest @typescript-eslint/parser@8.57.0
1035 silly packumentCache full:https://registry.npmjs.org/@typescript-eslint%2fparser cache-miss
1036 http fetch GET 200 https://registry.npmjs.org/zod-validation-error 58ms (cache miss)
1037 silly packumentCache full:https://registry.npmjs.org/zod-validation-error set size:undefined disposed:false
1038 silly fetch manifest @typescript-eslint/eslint-plugin@8.57.0
1039 silly packumentCache full:https://registry.npmjs.org/@typescript-eslint%2feslint-plugin cache-miss
1040 http fetch GET 200 https://registry.npmjs.org/hermes-parser 78ms (cache miss)
1041 silly packumentCache full:https://registry.npmjs.org/hermes-parser set size:undefined disposed:false
1042 silly fetch manifest @typescript-eslint/typescript-estree@8.57.0
1043 silly packumentCache full:https://registry.npmjs.org/@typescript-eslint%2ftypescript-estree cache-miss
1044 http fetch GET 200 https://registry.npmjs.org/@babel%2fparser 98ms (cache miss)
1045 silly packumentCache full:https://registry.npmjs.org/@babel%2fparser set size:undefined disposed:false
1046 http fetch GET 200 https://registry.npmjs.org/zod 123ms (cache miss)
1047 silly packumentCache full:https://registry.npmjs.org/zod set size:undefined disposed:false
1048 http fetch GET 200 https://registry.npmjs.org/@babel%2fcore 132ms (cache miss)
1049 silly packumentCache full:https://registry.npmjs.org/@babel%2fcore set size:undefined disposed:false
1050 http fetch GET 200 https://registry.npmjs.org/axe-core 624ms (cache miss)
1051 silly packumentCache full:https://registry.npmjs.org/axe-core set size:undefined disposed:false
1052 http fetch GET 200 https://registry.npmjs.org/@typescript-eslint%2ftypescript-estree 406ms (cache miss)
1053 silly packumentCache full:https://registry.npmjs.org/@typescript-eslint%2ftypescript-estree set size:undefined disposed:false
1054 http fetch GET 200 https://registry.npmjs.org/@typescript-eslint%2feslint-plugin 497ms (cache miss)
1055 silly packumentCache full:https://registry.npmjs.org/@typescript-eslint%2feslint-plugin set size:undefined disposed:false
1056 http fetch GET 200 https://registry.npmjs.org/@typescript-eslint%2fparser 571ms (cache miss)
1057 silly packumentCache full:https://registry.npmjs.org/@typescript-eslint%2fparser set size:undefined disposed:false
1058 silly placeDep ROOT fast-glob@3.3.1 OK for: @next/eslint-plugin-next@16.1.6 want: 3.3.1
1059 silly fetch manifest merge2@^1.3.0
1060 silly packumentCache full:https://registry.npmjs.org/merge2 cache-miss
1061 silly fetch manifest micromatch@^4.0.4
1062 silly packumentCache full:https://registry.npmjs.org/micromatch cache-miss
1063 silly fetch manifest glob-parent@^5.1.2
1064 silly packumentCache full:https://registry.npmjs.org/glob-parent cache-miss
1065 silly fetch manifest @nodelib/fs.stat@^2.0.2
1066 silly packumentCache full:https://registry.npmjs.org/@nodelib%2ffs.stat cache-miss
1067 silly fetch manifest @nodelib/fs.walk@^1.2.3
1068 silly packumentCache full:https://registry.npmjs.org/@nodelib%2ffs.walk cache-miss
1069 http cache https://registry.npmjs.org/glob-parent 3ms (cache hit)
1070 silly packumentCache full:https://registry.npmjs.org/glob-parent set size:42445 disposed:false
1071 http fetch GET 200 https://registry.npmjs.org/merge2 61ms (cache miss)
1072 silly packumentCache full:https://registry.npmjs.org/merge2 set size:undefined disposed:false
1073 http fetch GET 200 https://registry.npmjs.org/micromatch 64ms (cache miss)
1074 silly packumentCache full:https://registry.npmjs.org/micromatch set size:undefined disposed:false
1075 http fetch GET 200 https://registry.npmjs.org/@nodelib%2ffs.walk 82ms (cache miss)
1076 silly packumentCache full:https://registry.npmjs.org/@nodelib%2ffs.walk set size:undefined disposed:false
1077 http fetch GET 200 https://registry.npmjs.org/@nodelib%2ffs.stat 93ms (cache miss)
1078 silly packumentCache full:https://registry.npmjs.org/@nodelib%2ffs.stat set size:undefined disposed:false
1079 silly placeDep node_modules/eslint-import-resolver-node debug@3.2.7 OK for: eslint-import-resolver-node@0.3.9 want: ^3.2.7
1080 silly placeDep ROOT is-core-module@2.16.1 OK for: eslint-import-resolver-node@0.3.9 want: ^2.13.0
1081 silly placeDep ROOT resolve@1.22.11 OK for: eslint-import-resolver-node@0.3.9 want: ^1.22.4
1082 silly fetch manifest path-parse@^1.0.7
1083 silly packumentCache full:https://registry.npmjs.org/path-parse cache-miss
1084 silly fetch manifest supports-preserve-symlinks-flag@^1.0.0
1085 silly packumentCache full:https://registry.npmjs.org/supports-preserve-symlinks-flag cache-miss
1086 http fetch GET 200 https://registry.npmjs.org/path-parse 60ms (cache miss)
1087 silly packumentCache full:https://registry.npmjs.org/path-parse set size:undefined disposed:false
1088 http fetch GET 200 https://registry.npmjs.org/supports-preserve-symlinks-flag 74ms (cache miss)
1089 silly packumentCache full:https://registry.npmjs.org/supports-preserve-symlinks-flag set size:undefined disposed:false
1090 silly placeDep ROOT @nolyfill/is-core-module@1.0.39 OK for: eslint-import-resolver-typescript@3.10.1 want: 1.0.39
1091 silly placeDep ROOT get-tsconfig@4.13.6 OK for: eslint-import-resolver-typescript@3.10.1 want: ^4.10.0
1092 silly placeDep ROOT is-bun-module@2.0.0 OK for: eslint-import-resolver-typescript@3.10.1 want: ^2.0.0
1093 silly placeDep ROOT stable-hash@0.0.5 OK for: eslint-import-resolver-typescript@3.10.1 want: ^0.0.5
1094 silly placeDep ROOT tinyglobby@0.2.15 OK for: eslint-import-resolver-typescript@3.10.1 want: ^0.2.13
1095 silly placeDep ROOT unrs-resolver@1.11.1 OK for: eslint-import-resolver-typescript@3.10.1 want: ^1.6.2
1096 silly fetch manifest resolve-pkg-maps@^1.0.0
1097 silly packumentCache full:https://registry.npmjs.org/resolve-pkg-maps cache-miss
1098 silly fetch manifest semver@^7.7.1
1099 silly packumentCache full:https://registry.npmjs.org/semver cache-miss
1100 silly fetch manifest fdir@^6.5.0
1101 silly packumentCache full:https://registry.npmjs.org/fdir cache-miss
1102 silly fetch manifest picomatch@^4.0.3
1103 silly packumentCache full:https://registry.npmjs.org/picomatch cache-miss
1104 silly fetch manifest napi-postinstall@^0.3.0
1105 silly packumentCache full:https://registry.npmjs.org/napi-postinstall cache-miss
1106 silly fetch manifest @unrs/resolver-binding-win32-x64-msvc@1.11.1
1107 silly packumentCache full:https://registry.npmjs.org/@unrs%2fresolver-binding-win32-x64-msvc cache-miss
1108 silly fetch manifest @unrs/resolver-binding-win32-arm64-msvc@1.11.1
1109 silly packumentCache full:https://registry.npmjs.org/@unrs%2fresolver-binding-win32-arm64-msvc cache-miss
1110 http cache https://registry.npmjs.org/semver 3ms (cache hit)
1111 silly packumentCache full:https://registry.npmjs.org/semver set size:229678 disposed:false
1112 silly fetch manifest @unrs/resolver-binding-win32-ia32-msvc@1.11.1
1113 silly packumentCache full:https://registry.npmjs.org/@unrs%2fresolver-binding-win32-ia32-msvc cache-miss
1114 http fetch GET 200 https://registry.npmjs.org/picomatch 61ms (cache miss)
1115 silly packumentCache full:https://registry.npmjs.org/picomatch set size:undefined disposed:false
1116 silly fetch manifest @unrs/resolver-binding-linux-x64-gnu@1.11.1
1117 silly packumentCache full:https://registry.npmjs.org/@unrs%2fresolver-binding-linux-x64-gnu cache-miss
1118 http fetch GET 200 https://registry.npmjs.org/resolve-pkg-maps 67ms (cache miss)
1119 silly packumentCache full:https://registry.npmjs.org/resolve-pkg-maps set size:undefined disposed:false
1120 silly fetch manifest @unrs/resolver-binding-linux-x64-musl@1.11.1
1121 silly packumentCache full:https://registry.npmjs.org/@unrs%2fresolver-binding-linux-x64-musl cache-miss
1122 http fetch GET 200 https://registry.npmjs.org/fdir 77ms (cache miss)
1123 silly packumentCache full:https://registry.npmjs.org/fdir set size:undefined disposed:false
1124 silly fetch manifest @unrs/resolver-binding-freebsd-x64@1.11.1
1125 silly packumentCache full:https://registry.npmjs.org/@unrs%2fresolver-binding-freebsd-x64 cache-miss
1126 http fetch GET 200 https://registry.npmjs.org/@unrs%2fresolver-binding-win32-ia32-msvc 77ms (cache miss)
1127 silly packumentCache full:https://registry.npmjs.org/@unrs%2fresolver-binding-win32-ia32-msvc set size:undefined disposed:false
1128 silly fetch manifest @unrs/resolver-binding-android-arm64@1.11.1
1129 silly packumentCache full:https://registry.npmjs.org/@unrs%2fresolver-binding-android-arm64 cache-miss
1130 http fetch GET 200 https://registry.npmjs.org/@unrs%2fresolver-binding-win32-arm64-msvc 87ms (cache miss)
1131 silly packumentCache full:https://registry.npmjs.org/@unrs%2fresolver-binding-win32-arm64-msvc set size:undefined disposed:false
1132 silly fetch manifest @unrs/resolver-binding-linux-arm64-gnu@1.11.1
1133 silly packumentCache full:https://registry.npmjs.org/@unrs%2fresolver-binding-linux-arm64-gnu cache-miss
1134 http fetch GET 200 https://registry.npmjs.org/napi-postinstall 91ms (cache miss)
1135 silly packumentCache full:https://registry.npmjs.org/napi-postinstall set size:undefined disposed:false
1136 silly fetch manifest @unrs/resolver-binding-linux-arm64-musl@1.11.1
1137 silly packumentCache full:https://registry.npmjs.org/@unrs%2fresolver-binding-linux-arm64-musl cache-miss
1138 http fetch GET 200 https://registry.npmjs.org/@unrs%2fresolver-binding-win32-x64-msvc 125ms (cache miss)
1139 silly packumentCache full:https://registry.npmjs.org/@unrs%2fresolver-binding-win32-x64-msvc set size:undefined disposed:false
1140 silly fetch manifest @unrs/resolver-binding-android-arm-eabi@1.11.1
1141 silly packumentCache full:https://registry.npmjs.org/@unrs%2fresolver-binding-android-arm-eabi cache-miss
1142 http fetch GET 200 https://registry.npmjs.org/@unrs%2fresolver-binding-linux-x64-musl 91ms (cache miss)
1143 silly packumentCache full:https://registry.npmjs.org/@unrs%2fresolver-binding-linux-x64-musl set size:undefined disposed:false
1144 silly fetch manifest @unrs/resolver-binding-linux-arm-gnueabihf@1.11.1
1145 silly packumentCache full:https://registry.npmjs.org/@unrs%2fresolver-binding-linux-arm-gnueabihf cache-miss
1146 http fetch GET 200 https://registry.npmjs.org/@unrs%2fresolver-binding-linux-x64-gnu 98ms (cache miss)
1147 silly packumentCache full:https://registry.npmjs.org/@unrs%2fresolver-binding-linux-x64-gnu set size:undefined disposed:false
1148 silly fetch manifest @unrs/resolver-binding-linux-arm-musleabihf@1.11.1
1149 silly packumentCache full:https://registry.npmjs.org/@unrs%2fresolver-binding-linux-arm-musleabihf cache-miss
1150 http fetch GET 200 https://registry.npmjs.org/@unrs%2fresolver-binding-freebsd-x64 83ms (cache miss)
1151 silly packumentCache full:https://registry.npmjs.org/@unrs%2fresolver-binding-freebsd-x64 set size:undefined disposed:false
1152 silly fetch manifest @unrs/resolver-binding-linux-ppc64-gnu@1.11.1
1153 silly packumentCache full:https://registry.npmjs.org/@unrs%2fresolver-binding-linux-ppc64-gnu cache-miss
1154 http fetch GET 200 https://registry.npmjs.org/@unrs%2fresolver-binding-android-arm64 90ms (cache miss)
1155 silly packumentCache full:https://registry.npmjs.org/@unrs%2fresolver-binding-android-arm64 set size:undefined disposed:false
1156 silly fetch manifest @unrs/resolver-binding-linux-riscv64-gnu@1.11.1
1157 silly packumentCache full:https://registry.npmjs.org/@unrs%2fresolver-binding-linux-riscv64-gnu cache-miss
1158 http fetch GET 200 https://registry.npmjs.org/@unrs%2fresolver-binding-linux-arm64-musl 93ms (cache miss)
1159 silly packumentCache full:https://registry.npmjs.org/@unrs%2fresolver-binding-linux-arm64-musl set size:undefined disposed:false
1160 silly fetch manifest @unrs/resolver-binding-linux-riscv64-musl@1.11.1
1161 silly packumentCache full:https://registry.npmjs.org/@unrs%2fresolver-binding-linux-riscv64-musl cache-miss
1162 http fetch GET 200 https://registry.npmjs.org/@unrs%2fresolver-binding-linux-arm64-gnu 99ms (cache miss)
1163 silly packumentCache full:https://registry.npmjs.org/@unrs%2fresolver-binding-linux-arm64-gnu set size:undefined disposed:false
1164 silly fetch manifest @unrs/resolver-binding-linux-s390x-gnu@1.11.1
1165 silly packumentCache full:https://registry.npmjs.org/@unrs%2fresolver-binding-linux-s390x-gnu cache-miss
1166 http fetch GET 200 https://registry.npmjs.org/@unrs%2fresolver-binding-android-arm-eabi 117ms (cache miss)
1167 silly packumentCache full:https://registry.npmjs.org/@unrs%2fresolver-binding-android-arm-eabi set size:undefined disposed:false
1168 silly fetch manifest @unrs/resolver-binding-darwin-x64@1.11.1
1169 silly packumentCache full:https://registry.npmjs.org/@unrs%2fresolver-binding-darwin-x64 cache-miss
1170 http fetch GET 200 https://registry.npmjs.org/@unrs%2fresolver-binding-linux-arm-musleabihf 87ms (cache miss)
1171 silly packumentCache full:https://registry.npmjs.org/@unrs%2fresolver-binding-linux-arm-musleabihf set size:undefined disposed:false
1172 silly fetch manifest @unrs/resolver-binding-darwin-arm64@1.11.1
1173 silly packumentCache full:https://registry.npmjs.org/@unrs%2fresolver-binding-darwin-arm64 cache-miss
1174 http fetch GET 200 https://registry.npmjs.org/@unrs%2fresolver-binding-linux-ppc64-gnu 92ms (cache miss)
1175 silly packumentCache full:https://registry.npmjs.org/@unrs%2fresolver-binding-linux-ppc64-gnu set size:undefined disposed:false
1176 silly fetch manifest @unrs/resolver-binding-wasm32-wasi@1.11.1
1177 silly packumentCache full:https://registry.npmjs.org/@unrs%2fresolver-binding-wasm32-wasi cache-miss
1178 http fetch GET 200 https://registry.npmjs.org/@unrs%2fresolver-binding-linux-riscv64-gnu 83ms (cache miss)
1179 silly packumentCache full:https://registry.npmjs.org/@unrs%2fresolver-binding-linux-riscv64-gnu set size:undefined disposed:false
1180 http fetch GET 200 https://registry.npmjs.org/@unrs%2fresolver-binding-linux-arm-gnueabihf 103ms (cache miss)
1181 silly packumentCache full:https://registry.npmjs.org/@unrs%2fresolver-binding-linux-arm-gnueabihf set size:undefined disposed:false
1182 http fetch GET 200 https://registry.npmjs.org/@unrs%2fresolver-binding-linux-riscv64-musl 80ms (cache miss)
1183 silly packumentCache full:https://registry.npmjs.org/@unrs%2fresolver-binding-linux-riscv64-musl set size:undefined disposed:false
1184 http fetch GET 200 https://registry.npmjs.org/@unrs%2fresolver-binding-linux-s390x-gnu 92ms (cache miss)
1185 silly packumentCache full:https://registry.npmjs.org/@unrs%2fresolver-binding-linux-s390x-gnu set size:undefined disposed:false
1186 http fetch GET 200 https://registry.npmjs.org/@unrs%2fresolver-binding-wasm32-wasi 78ms (cache miss)
1187 silly packumentCache full:https://registry.npmjs.org/@unrs%2fresolver-binding-wasm32-wasi set size:undefined disposed:false
1188 http fetch GET 200 https://registry.npmjs.org/@unrs%2fresolver-binding-darwin-arm64 100ms (cache miss)
1189 silly packumentCache full:https://registry.npmjs.org/@unrs%2fresolver-binding-darwin-arm64 set size:undefined disposed:false
1190 http fetch GET 200 https://registry.npmjs.org/@unrs%2fresolver-binding-darwin-x64 106ms (cache miss)
1191 silly packumentCache full:https://registry.npmjs.org/@unrs%2fresolver-binding-darwin-x64 set size:undefined disposed:false
1192 silly placeDep ROOT @rtsao/scc@1.1.0 OK for: eslint-plugin-import@2.32.0 want: ^1.1.0
1193 silly placeDep ROOT array-includes@3.1.9 OK for: eslint-plugin-import@2.32.0 want: ^3.1.9
1194 silly placeDep ROOT array.prototype.findlastindex@1.2.6 OK for: eslint-plugin-import@2.32.0 want: ^1.2.6
1195 silly placeDep ROOT array.prototype.flat@1.3.3 OK for: eslint-plugin-import@2.32.0 want: ^1.3.3
1196 silly placeDep ROOT array.prototype.flatmap@1.3.3 OK for: eslint-plugin-import@2.32.0 want: ^1.3.3
1197 silly placeDep node_modules/eslint-plugin-import debug@3.2.7 OK for: eslint-plugin-import@2.32.0 want: ^3.2.7
1198 silly placeDep ROOT doctrine@2.1.0 OK for: eslint-plugin-import@2.32.0 want: ^2.1.0
1199 silly placeDep ROOT eslint-module-utils@2.12.1 OK for: eslint-plugin-import@2.32.0 want: ^2.12.1
1200 silly placeDep ROOT hasown@2.0.2 OK for: eslint-plugin-import@2.32.0 want: ^2.0.2
1201 silly placeDep ROOT object.fromentries@2.0.8 OK for: eslint-plugin-import@2.32.0 want: ^2.0.8
1202 silly placeDep ROOT object.groupby@1.0.3 OK for: eslint-plugin-import@2.32.0 want: ^1.0.3
1203 silly placeDep ROOT object.values@1.2.1 OK for: eslint-plugin-import@2.32.0 want: ^1.2.1
1204 silly placeDep ROOT semver@6.3.1 OK for: eslint-plugin-import@2.32.0 want: ^6.3.1
1205 silly placeDep ROOT string.prototype.trimend@1.0.9 OK for: eslint-plugin-import@2.32.0 want: ^1.0.9
1206 silly placeDep ROOT tsconfig-paths@3.15.0 OK for: eslint-plugin-import@2.32.0 want: ^3.15.0
1207 silly fetch manifest call-bind@^1.0.8
1208 silly packumentCache full:https://registry.npmjs.org/call-bind cache-miss
1209 silly fetch manifest call-bound@^1.0.4
1210 silly packumentCache full:https://registry.npmjs.org/call-bound cache-miss
1211 silly fetch manifest define-properties@^1.2.1
1212 silly packumentCache full:https://registry.npmjs.org/define-properties cache-miss
1213 silly fetch manifest es-abstract@^1.24.0
1214 silly packumentCache full:https://registry.npmjs.org/es-abstract cache-miss
1215 silly fetch manifest es-object-atoms@^1.1.1
1216 silly packumentCache full:https://registry.npmjs.org/es-object-atoms cache-miss
1217 silly fetch manifest get-intrinsic@^1.3.0
1218 silly packumentCache full:https://registry.npmjs.org/get-intrinsic cache-miss
1219 silly fetch manifest is-string@^1.1.1
1220 silly packumentCache full:https://registry.npmjs.org/is-string cache-miss
1221 http fetch GET 200 https://registry.npmjs.org/es-object-atoms 62ms (cache miss)
1222 silly packumentCache full:https://registry.npmjs.org/es-object-atoms set size:undefined disposed:false
1223 silly fetch manifest math-intrinsics@^1.1.0
1224 silly packumentCache full:https://registry.npmjs.org/math-intrinsics cache-miss
1225 http fetch GET 200 https://registry.npmjs.org/is-string 79ms (cache miss)
1226 silly packumentCache full:https://registry.npmjs.org/is-string set size:undefined disposed:false
1227 silly fetch manifest call-bind@^1.0.8
1228 silly packumentCache full:https://registry.npmjs.org/call-bind cache-miss
1229 http fetch GET 200 https://registry.npmjs.org/call-bind 81ms (cache miss)
1230 silly packumentCache full:https://registry.npmjs.org/call-bind set size:undefined disposed:false
1231 silly fetch manifest call-bound@^1.0.4
1232 silly packumentCache full:https://registry.npmjs.org/call-bound cache-miss
1233 http fetch GET 200 https://registry.npmjs.org/call-bound 82ms (cache miss)
1234 silly packumentCache full:https://registry.npmjs.org/call-bound set size:undefined disposed:false
1235 silly fetch manifest define-properties@^1.2.1
1236 silly packumentCache full:https://registry.npmjs.org/define-properties cache-miss
1237 http fetch GET 200 https://registry.npmjs.org/define-properties 82ms (cache miss)
1238 silly packumentCache full:https://registry.npmjs.org/define-properties set size:undefined disposed:false
1239 silly fetch manifest es-abstract@^1.23.9
1240 silly packumentCache full:https://registry.npmjs.org/es-abstract cache-miss
1241 http cache https://registry.npmjs.org/call-bind 5ms (cache hit)
1242 silly packumentCache full:https://registry.npmjs.org/call-bind set size:30096 disposed:false
1243 silly fetch manifest es-errors@^1.3.0
1244 silly packumentCache full:https://registry.npmjs.org/es-errors cache-miss
1245 http cache https://registry.npmjs.org/call-bound 5ms (cache hit)
1246 silly packumentCache full:https://registry.npmjs.org/call-bound set size:15317 disposed:false
1247 silly fetch manifest es-shim-unscopables@^1.1.0
1248 silly packumentCache full:https://registry.npmjs.org/es-shim-unscopables cache-miss
1249 http cache https://registry.npmjs.org/define-properties 6ms (cache hit)
1250 silly packumentCache full:https://registry.npmjs.org/define-properties set size:31491 disposed:false
1251 silly fetch manifest es-abstract@^1.23.5
1252 silly packumentCache full:https://registry.npmjs.org/es-abstract cache-miss
1253 http fetch GET 200 https://registry.npmjs.org/es-abstract 88ms (cache miss)
1254 silly packumentCache full:https://registry.npmjs.org/es-abstract set size:undefined disposed:false
1255 silly fetch manifest es-shim-unscopables@^1.0.2
1256 silly packumentCache full:https://registry.npmjs.org/es-shim-unscopables cache-miss
1257 http cache https://registry.npmjs.org/es-abstract 9ms (cache hit)
1258 silly packumentCache full:https://registry.npmjs.org/es-abstract set size:378584 disposed:false
1259 silly fetch manifest es-shim-unscopables@^1.0.2
1260 silly packumentCache full:https://registry.npmjs.org/es-shim-unscopables cache-miss
1261 http fetch GET 200 https://registry.npmjs.org/get-intrinsic 98ms (cache miss)
1262 silly packumentCache full:https://registry.npmjs.org/get-intrinsic set size:undefined disposed:false
1263 silly fetch manifest function-bind@^1.1.2
1264 silly packumentCache full:https://registry.npmjs.org/function-bind cache-miss
1265 http fetch GET 200 https://registry.npmjs.org/math-intrinsics 77ms (cache miss)
1266 silly packumentCache full:https://registry.npmjs.org/math-intrinsics set size:undefined disposed:false
1267 silly fetch manifest call-bind@^1.0.7
1268 silly packumentCache full:https://registry.npmjs.org/call-bind cache-hit
1269 silly fetch manifest es-abstract@^1.23.2
1270 silly packumentCache full:https://registry.npmjs.org/es-abstract cache-hit
1271 silly fetch manifest es-object-atoms@^1.0.0
1272 silly packumentCache full:https://registry.npmjs.org/es-object-atoms cache-miss
1273 http cache https://registry.npmjs.org/es-object-atoms 1ms (cache hit)
1274 silly packumentCache full:https://registry.npmjs.org/es-object-atoms set size:15304 disposed:false
1275 silly fetch manifest call-bound@^1.0.3
1276 silly packumentCache full:https://registry.npmjs.org/call-bound cache-hit
1277 silly fetch manifest call-bound@^1.0.2
1278 silly packumentCache full:https://registry.npmjs.org/call-bound cache-hit
1279 silly fetch manifest json5@^1.0.2
1280 silly packumentCache full:https://registry.npmjs.org/json5 cache-miss
1281 http fetch GET 200 https://registry.npmjs.org/es-shim-unscopables 72ms (cache miss)
1282 silly packumentCache full:https://registry.npmjs.org/es-shim-unscopables set size:undefined disposed:false
1283 silly fetch manifest minimist@^1.2.6
1284 silly packumentCache full:https://registry.npmjs.org/minimist cache-miss
1285 http fetch GET 200 https://registry.npmjs.org/es-errors 75ms (cache miss)
1286 silly packumentCache full:https://registry.npmjs.org/es-errors set size:undefined disposed:false
1287 silly fetch manifest strip-bom@^3.0.0
1288 silly packumentCache full:https://registry.npmjs.org/strip-bom cache-miss
1289 http fetch GET 200 https://registry.npmjs.org/es-shim-unscopables 69ms (cache miss)
1290 silly packumentCache full:https://registry.npmjs.org/es-shim-unscopables set size:undefined disposed:false
1291 silly fetch manifest @types/json5@^0.0.29
1292 silly packumentCache full:https://registry.npmjs.org/@types%2fjson5 cache-miss
1293 http fetch GET 200 https://registry.npmjs.org/es-abstract 82ms (cache miss)
1294 silly packumentCache full:https://registry.npmjs.org/es-abstract set size:undefined disposed:false
1295 silly packumentCache full:https://registry.npmjs.org/es-abstract dispose
1296 http fetch GET 200 https://registry.npmjs.org/es-shim-unscopables 85ms (cache miss)
1297 silly packumentCache full:https://registry.npmjs.org/es-shim-unscopables set size:undefined disposed:false
1298 http fetch GET 200 https://registry.npmjs.org/json5 83ms (cache miss)
1299 silly packumentCache full:https://registry.npmjs.org/json5 set size:undefined disposed:false
1300 http fetch GET 200 https://registry.npmjs.org/function-bind 129ms (cache miss)
1301 silly packumentCache full:https://registry.npmjs.org/function-bind set size:undefined disposed:false
1302 http fetch GET 200 https://registry.npmjs.org/minimist 71ms (cache miss)
1303 silly packumentCache full:https://registry.npmjs.org/minimist set size:undefined disposed:false
1304 http fetch GET 200 https://registry.npmjs.org/strip-bom 86ms (cache miss)
1305 silly packumentCache full:https://registry.npmjs.org/strip-bom set size:undefined disposed:false
1306 http fetch GET 200 https://registry.npmjs.org/@types%2fjson5 84ms (cache miss)
1307 silly packumentCache full:https://registry.npmjs.org/@types%2fjson5 set size:undefined disposed:false
1308 silly placeDep ROOT call-bind@1.0.8 OK for: array-includes@3.1.9 want: ^1.0.8
1309 silly placeDep ROOT call-bound@1.0.4 OK for: array-includes@3.1.9 want: ^1.0.4
1310 silly placeDep ROOT define-properties@1.2.1 OK for: array-includes@3.1.9 want: ^1.2.1
1311 silly placeDep ROOT es-abstract@1.24.1 OK for: array-includes@3.1.9 want: ^1.24.0
1312 silly placeDep ROOT es-object-atoms@1.1.1 OK for: array-includes@3.1.9 want: ^1.1.1
1313 silly placeDep ROOT get-intrinsic@1.3.0 OK for: array-includes@3.1.9 want: ^1.3.0
1314 silly placeDep ROOT is-string@1.1.1 OK for: array-includes@3.1.9 want: ^1.1.1
1315 silly placeDep ROOT math-intrinsics@1.1.0 OK for: array-includes@3.1.9 want: ^1.1.0
1316 silly fetch manifest call-bind-apply-helpers@^1.0.0
1317 silly packumentCache full:https://registry.npmjs.org/call-bind-apply-helpers cache-miss
1318 silly fetch manifest es-define-property@^1.0.0
1319 silly packumentCache full:https://registry.npmjs.org/es-define-property cache-miss
1320 silly fetch manifest get-intrinsic@^1.2.4
1321 silly packumentCache full:https://registry.npmjs.org/get-intrinsic cache-miss
1322 silly fetch manifest set-function-length@^1.2.2
1323 silly packumentCache full:https://registry.npmjs.org/set-function-length cache-miss
1324 silly fetch manifest call-bind-apply-helpers@^1.0.2
1325 silly packumentCache full:https://registry.npmjs.org/call-bind-apply-helpers cache-miss
1326 silly fetch manifest define-data-property@^1.0.1
1327 silly packumentCache full:https://registry.npmjs.org/define-data-property cache-miss
1328 silly fetch manifest has-property-descriptors@^1.0.0
1329 silly packumentCache full:https://registry.npmjs.org/has-property-descriptors cache-miss
1330 http cache https://registry.npmjs.org/get-intrinsic 3ms (cache hit)
1331 silly packumentCache full:https://registry.npmjs.org/get-intrinsic set size:60985 disposed:false
1332 silly fetch manifest object-keys@^1.1.1
1333 silly packumentCache full:https://registry.npmjs.org/object-keys cache-miss
1334 http fetch GET 200 https://registry.npmjs.org/set-function-length 57ms (cache miss)
1335 silly packumentCache full:https://registry.npmjs.org/set-function-length set size:undefined disposed:false
1336 silly fetch manifest array-buffer-byte-length@^1.0.2
1337 silly packumentCache full:https://registry.npmjs.org/array-buffer-byte-length cache-miss
1338 http fetch GET 200 https://registry.npmjs.org/define-data-property 59ms (cache miss)
1339 silly packumentCache full:https://registry.npmjs.org/define-data-property set size:undefined disposed:false
1340 silly fetch manifest arraybuffer.prototype.slice@^1.0.4
1341 silly packumentCache full:https://registry.npmjs.org/arraybuffer.prototype.slice cache-miss
1342 http fetch GET 200 https://registry.npmjs.org/es-define-property 61ms (cache miss)
1343 silly packumentCache full:https://registry.npmjs.org/es-define-property set size:undefined disposed:false
1344 silly fetch manifest available-typed-arrays@^1.0.7
1345 silly packumentCache full:https://registry.npmjs.org/available-typed-arrays cache-miss
1346 http fetch GET 200 https://registry.npmjs.org/has-property-descriptors 61ms (cache miss)
1347 silly packumentCache full:https://registry.npmjs.org/has-property-descriptors set size:undefined disposed:false
1348 silly fetch manifest data-view-buffer@^1.0.2
1349 silly packumentCache full:https://registry.npmjs.org/data-view-buffer cache-miss
1350 http fetch GET 200 https://registry.npmjs.org/call-bind-apply-helpers 75ms (cache miss)
1351 silly packumentCache full:https://registry.npmjs.org/call-bind-apply-helpers set size:undefined disposed:false
1352 silly fetch manifest data-view-byte-length@^1.0.2
1353 silly packumentCache full:https://registry.npmjs.org/data-view-byte-length cache-miss
1354 http fetch GET 200 https://registry.npmjs.org/object-keys 75ms (cache miss)
1355 silly packumentCache full:https://registry.npmjs.org/object-keys set size:undefined disposed:false
1356 silly fetch manifest data-view-byte-offset@^1.0.1
1357 silly packumentCache full:https://registry.npmjs.org/data-view-byte-offset cache-miss
1358 http fetch GET 200 https://registry.npmjs.org/call-bind-apply-helpers 101ms (cache miss)
1359 silly packumentCache full:https://registry.npmjs.org/call-bind-apply-helpers set size:undefined disposed:false
1360 silly fetch manifest es-define-property@^1.0.1
1361 silly packumentCache full:https://registry.npmjs.org/es-define-property cache-miss
1362 http cache https://registry.npmjs.org/es-define-property 1ms (cache hit)
1363 silly packumentCache full:https://registry.npmjs.org/es-define-property set size:8542 disposed:false
1364 silly fetch manifest es-set-tostringtag@^2.1.0
1365 silly packumentCache full:https://registry.npmjs.org/es-set-tostringtag cache-miss
1366 http fetch GET 200 https://registry.npmjs.org/available-typed-arrays 58ms (cache miss)
1367 silly packumentCache full:https://registry.npmjs.org/available-typed-arrays set size:undefined disposed:false
1368 silly fetch manifest es-to-primitive@^1.3.0
1369 silly packumentCache full:https://registry.npmjs.org/es-to-primitive cache-miss
1370 http fetch GET 200 https://registry.npmjs.org/array-buffer-byte-length 62ms (cache miss)
1371 silly packumentCache full:https://registry.npmjs.org/array-buffer-byte-length set size:undefined disposed:false
1372 silly fetch manifest function.prototype.name@^1.1.8
1373 silly packumentCache full:https://registry.npmjs.org/function.prototype.name cache-miss
1374 http fetch GET 200 https://registry.npmjs.org/arraybuffer.prototype.slice 66ms (cache miss)
1375 silly packumentCache full:https://registry.npmjs.org/arraybuffer.prototype.slice set size:undefined disposed:false
1376 silly fetch manifest get-proto@^1.0.1
1377 silly packumentCache full:https://registry.npmjs.org/get-proto cache-miss
1378 http fetch GET 200 https://registry.npmjs.org/data-view-buffer 66ms (cache miss)
1379 silly packumentCache full:https://registry.npmjs.org/data-view-buffer set size:undefined disposed:false
1380 silly fetch manifest get-symbol-description@^1.1.0
1381 silly packumentCache full:https://registry.npmjs.org/get-symbol-description cache-miss
1382 http fetch GET 200 https://registry.npmjs.org/data-view-byte-offset 54ms (cache miss)
1383 silly packumentCache full:https://registry.npmjs.org/data-view-byte-offset set size:undefined disposed:false
1384 silly fetch manifest globalthis@^1.0.4
1385 silly packumentCache full:https://registry.npmjs.org/globalthis cache-miss
1386 http fetch GET 200 https://registry.npmjs.org/data-view-byte-length 66ms (cache miss)
1387 silly packumentCache full:https://registry.npmjs.org/data-view-byte-length set size:undefined disposed:false
1388 silly fetch manifest gopd@^1.2.0
1389 silly packumentCache full:https://registry.npmjs.org/gopd cache-miss
1390 http fetch GET 200 https://registry.npmjs.org/es-set-tostringtag 70ms (cache miss)
1391 silly packumentCache full:https://registry.npmjs.org/es-set-tostringtag set size:undefined disposed:false
1392 silly fetch manifest has-property-descriptors@^1.0.2
1393 silly packumentCache full:https://registry.npmjs.org/has-property-descriptors cache-miss
1394 http cache https://registry.npmjs.org/has-property-descriptors 4ms (cache hit)
1395 silly packumentCache full:https://registry.npmjs.org/has-property-descriptors set size:12452 disposed:false
1396 silly fetch manifest has-proto@^1.2.0
1397 silly packumentCache full:https://registry.npmjs.org/has-proto cache-miss
1398 http fetch GET 200 https://registry.npmjs.org/es-to-primitive 60ms (cache miss)
1399 silly packumentCache full:https://registry.npmjs.org/es-to-primitive set size:undefined disposed:false
1400 silly fetch manifest has-symbols@^1.1.0
1401 silly packumentCache full:https://registry.npmjs.org/has-symbols cache-miss
1402 http fetch GET 200 https://registry.npmjs.org/function.prototype.name 61ms (cache miss)
1403 silly packumentCache full:https://registry.npmjs.org/function.prototype.name set size:undefined disposed:false
1404 silly fetch manifest internal-slot@^1.1.0
1405 silly packumentCache full:https://registry.npmjs.org/internal-slot cache-miss
1406 http fetch GET 200 https://registry.npmjs.org/get-proto 59ms (cache miss)
1407 silly packumentCache full:https://registry.npmjs.org/get-proto set size:undefined disposed:false
1408 silly fetch manifest is-array-buffer@^3.0.5
1409 silly packumentCache full:https://registry.npmjs.org/is-array-buffer cache-miss
1410 http fetch GET 200 https://registry.npmjs.org/get-symbol-description 62ms (cache miss)
1411 silly packumentCache full:https://registry.npmjs.org/get-symbol-description set size:undefined disposed:false
1412 silly fetch manifest is-callable@^1.2.7
1413 silly packumentCache full:https://registry.npmjs.org/is-callable cache-miss
1414 http fetch GET 200 https://registry.npmjs.org/globalthis 58ms (cache miss)
1415 silly packumentCache full:https://registry.npmjs.org/globalthis set size:undefined disposed:false
1416 silly fetch manifest is-data-view@^1.0.2
1417 silly packumentCache full:https://registry.npmjs.org/is-data-view cache-miss
1418 http fetch GET 200 https://registry.npmjs.org/gopd 67ms (cache miss)
1419 silly packumentCache full:https://registry.npmjs.org/gopd set size:undefined disposed:false
1420 silly fetch manifest is-negative-zero@^2.0.3
1421 silly packumentCache full:https://registry.npmjs.org/is-negative-zero cache-miss
1422 http fetch GET 200 https://registry.npmjs.org/has-symbols 63ms (cache miss)
1423 silly packumentCache full:https://registry.npmjs.org/has-symbols set size:undefined disposed:false
1424 silly fetch manifest is-regex@^1.2.1
1425 silly packumentCache full:https://registry.npmjs.org/is-regex cache-miss
1426 http fetch GET 200 https://registry.npmjs.org/has-proto 64ms (cache miss)
1427 silly packumentCache full:https://registry.npmjs.org/has-proto set size:undefined disposed:false
1428 silly fetch manifest is-set@^2.0.3
1429 silly packumentCache full:https://registry.npmjs.org/is-set cache-miss
1430 http fetch GET 200 https://registry.npmjs.org/internal-slot 65ms (cache miss)
1431 silly packumentCache full:https://registry.npmjs.org/internal-slot set size:undefined disposed:false
1432 silly fetch manifest is-shared-array-buffer@^1.0.4
1433 silly packumentCache full:https://registry.npmjs.org/is-shared-array-buffer cache-miss
1434 http fetch GET 200 https://registry.npmjs.org/is-callable 59ms (cache miss)
1435 silly packumentCache full:https://registry.npmjs.org/is-callable set size:undefined disposed:false
1436 silly fetch manifest is-typed-array@^1.1.15
1437 silly packumentCache full:https://registry.npmjs.org/is-typed-array cache-miss
1438 http fetch GET 200 https://registry.npmjs.org/is-data-view 78ms (cache miss)
1439 silly packumentCache full:https://registry.npmjs.org/is-data-view set size:undefined disposed:false
1440 silly fetch manifest is-weakref@^1.1.1
1441 silly packumentCache full:https://registry.npmjs.org/is-weakref cache-miss
1442 http fetch GET 200 https://registry.npmjs.org/is-negative-zero 68ms (cache miss)
1443 silly packumentCache full:https://registry.npmjs.org/is-negative-zero set size:undefined disposed:false
1444 silly fetch manifest object-inspect@^1.13.4
1445 silly packumentCache full:https://registry.npmjs.org/object-inspect cache-miss
1446 http fetch GET 200 https://registry.npmjs.org/is-array-buffer 91ms (cache miss)
1447 silly packumentCache full:https://registry.npmjs.org/is-array-buffer set size:undefined disposed:false
1448 silly fetch manifest object.assign@^4.1.7
1449 silly packumentCache full:https://registry.npmjs.org/object.assign cache-miss
1450 http fetch GET 200 https://registry.npmjs.org/is-regex 58ms (cache miss)
1451 silly packumentCache full:https://registry.npmjs.org/is-regex set size:undefined disposed:false
1452 silly fetch manifest own-keys@^1.0.1
1453 silly packumentCache full:https://registry.npmjs.org/own-keys cache-miss
1454 http fetch GET 200 https://registry.npmjs.org/is-set 57ms (cache miss)
1455 silly packumentCache full:https://registry.npmjs.org/is-set set size:undefined disposed:false
1456 silly fetch manifest regexp.prototype.flags@^1.5.4
1457 silly packumentCache full:https://registry.npmjs.org/regexp.prototype.flags cache-miss
1458 http fetch GET 200 https://registry.npmjs.org/is-shared-array-buffer 58ms (cache miss)
1459 silly packumentCache full:https://registry.npmjs.org/is-shared-array-buffer set size:undefined disposed:false
1460 silly fetch manifest safe-array-concat@^1.1.3
1461 silly packumentCache full:https://registry.npmjs.org/safe-array-concat cache-miss
1462 http fetch GET 200 https://registry.npmjs.org/is-typed-array 59ms (cache miss)
1463 silly packumentCache full:https://registry.npmjs.org/is-typed-array set size:undefined disposed:false
1464 silly fetch manifest safe-push-apply@^1.0.0
1465 silly packumentCache full:https://registry.npmjs.org/safe-push-apply cache-miss
1466 http fetch GET 200 https://registry.npmjs.org/object.assign 54ms (cache miss)
1467 silly packumentCache full:https://registry.npmjs.org/object.assign set size:undefined disposed:false
1468 silly fetch manifest safe-regex-test@^1.1.0
1469 silly packumentCache full:https://registry.npmjs.org/safe-regex-test cache-miss
1470 http cache https://registry.npmjs.org/safe-regex-test 1ms (cache hit)
1471 silly packumentCache full:https://registry.npmjs.org/safe-regex-test set size:17412 disposed:false
1472 silly fetch manifest set-proto@^1.0.0
1473 silly packumentCache full:https://registry.npmjs.org/set-proto cache-miss
1474 http fetch GET 200 https://registry.npmjs.org/object-inspect 75ms (cache miss)
1475 silly packumentCache full:https://registry.npmjs.org/object-inspect set size:undefined disposed:false
1476 silly fetch manifest stop-iteration-iterator@^1.1.0
1477 silly packumentCache full:https://registry.npmjs.org/stop-iteration-iterator cache-miss
1478 http fetch GET 200 https://registry.npmjs.org/regexp.prototype.flags 58ms (cache miss)
1479 silly packumentCache full:https://registry.npmjs.org/regexp.prototype.flags set size:undefined disposed:false
1480 silly fetch manifest string.prototype.trim@^1.2.10
1481 silly packumentCache full:https://registry.npmjs.org/string.prototype.trim cache-miss
1482 http fetch GET 200 https://registry.npmjs.org/safe-push-apply 54ms (cache miss)
1483 silly packumentCache full:https://registry.npmjs.org/safe-push-apply set size:undefined disposed:false
1484 silly fetch manifest string.prototype.trimstart@^1.0.8
1485 silly packumentCache full:https://registry.npmjs.org/string.prototype.trimstart cache-miss
1486 http fetch GET 200 https://registry.npmjs.org/safe-array-concat 59ms (cache miss)
1487 silly packumentCache full:https://registry.npmjs.org/safe-array-concat set size:undefined disposed:false
1488 silly fetch manifest typed-array-buffer@^1.0.3
1489 silly packumentCache full:https://registry.npmjs.org/typed-array-buffer cache-miss
1490 http fetch GET 200 https://registry.npmjs.org/is-weakref 104ms (cache miss)
1491 silly packumentCache full:https://registry.npmjs.org/is-weakref set size:undefined disposed:false
1492 silly fetch manifest typed-array-byte-length@^1.0.3
1493 silly packumentCache full:https://registry.npmjs.org/typed-array-byte-length cache-miss
1494 http fetch GET 200 https://registry.npmjs.org/own-keys 77ms (cache miss)
1495 silly packumentCache full:https://registry.npmjs.org/own-keys set size:undefined disposed:false
1496 silly fetch manifest typed-array-byte-offset@^1.0.4
1497 silly packumentCache full:https://registry.npmjs.org/typed-array-byte-offset cache-miss
1498 http fetch GET 200 https://registry.npmjs.org/set-proto 53ms (cache miss)
1499 silly packumentCache full:https://registry.npmjs.org/set-proto set size:undefined disposed:false
1500 silly fetch manifest typed-array-length@^1.0.7
1501 silly packumentCache full:https://registry.npmjs.org/typed-array-length cache-miss
1502 http fetch GET 200 https://registry.npmjs.org/string.prototype.trim 60ms (cache miss)
1503 silly packumentCache full:https://registry.npmjs.org/string.prototype.trim set size:undefined disposed:false
1504 silly fetch manifest unbox-primitive@^1.1.0
1505 silly packumentCache full:https://registry.npmjs.org/unbox-primitive cache-miss
1506 http fetch GET 200 https://registry.npmjs.org/typed-array-buffer 61ms (cache miss)
1507 silly packumentCache full:https://registry.npmjs.org/typed-array-buffer set size:undefined disposed:false
1508 silly fetch manifest which-typed-array@^1.1.19
1509 silly packumentCache full:https://registry.npmjs.org/which-typed-array cache-miss
1510 http fetch GET 200 https://registry.npmjs.org/string.prototype.trimstart 67ms (cache miss)
1511 silly packumentCache full:https://registry.npmjs.org/string.prototype.trimstart set size:undefined disposed:false
1512 silly fetch manifest has-tostringtag@^1.0.2
1513 silly packumentCache full:https://registry.npmjs.org/has-tostringtag cache-miss
1514 http fetch GET 200 https://registry.npmjs.org/stop-iteration-iterator 82ms (cache miss)
1515 silly packumentCache full:https://registry.npmjs.org/stop-iteration-iterator set size:undefined disposed:false
1516 http fetch GET 200 https://registry.npmjs.org/typed-array-byte-offset 60ms (cache miss)
1517 silly packumentCache full:https://registry.npmjs.org/typed-array-byte-offset set size:undefined disposed:false
1518 http fetch GET 200 https://registry.npmjs.org/typed-array-byte-length 64ms (cache miss)
1519 silly packumentCache full:https://registry.npmjs.org/typed-array-byte-length set size:undefined disposed:false
1520 http fetch GET 200 https://registry.npmjs.org/typed-array-length 65ms (cache miss)
1521 silly packumentCache full:https://registry.npmjs.org/typed-array-length set size:undefined disposed:false
1522 http fetch GET 200 https://registry.npmjs.org/unbox-primitive 66ms (cache miss)
1523 silly packumentCache full:https://registry.npmjs.org/unbox-primitive set size:undefined disposed:false
1524 http fetch GET 200 https://registry.npmjs.org/which-typed-array 58ms (cache miss)
1525 silly packumentCache full:https://registry.npmjs.org/which-typed-array set size:undefined disposed:false
1526 http fetch GET 200 https://registry.npmjs.org/has-tostringtag 59ms (cache miss)
1527 silly packumentCache full:https://registry.npmjs.org/has-tostringtag set size:undefined disposed:false
1528 silly placeDep ROOT es-errors@1.3.0 OK for: array.prototype.findlastindex@1.2.6 want: ^1.3.0
1529 silly placeDep ROOT es-shim-unscopables@1.1.0 OK for: array.prototype.findlastindex@1.2.6 want: ^1.1.0
1530 silly placeDep ROOT call-bind-apply-helpers@1.0.2 OK for: call-bind@1.0.8 want: ^1.0.0
1531 silly placeDep ROOT es-define-property@1.0.1 OK for: call-bind@1.0.8 want: ^1.0.0
1532 silly placeDep ROOT set-function-length@1.2.2 OK for: call-bind@1.0.8 want: ^1.2.2
1533 silly fetch manifest define-data-property@^1.1.4
1534 silly packumentCache full:https://registry.npmjs.org/define-data-property cache-miss
1535 silly fetch manifest gopd@^1.0.1
1536 silly packumentCache full:https://registry.npmjs.org/gopd cache-miss
1537 http cache https://registry.npmjs.org/define-data-property 1ms (cache hit)
1538 silly packumentCache full:https://registry.npmjs.org/define-data-property set size:28048 disposed:false
1539 http cache https://registry.npmjs.org/gopd 2ms (cache hit)
1540 silly packumentCache full:https://registry.npmjs.org/gopd set size:11458 disposed:false
1541 silly placeDep ROOT function-bind@1.1.2 OK for: call-bind-apply-helpers@1.0.2 want: ^1.1.2
1542 silly placeDep ROOT define-data-property@1.1.4 OK for: define-properties@1.2.1 want: ^1.0.1
1543 silly placeDep ROOT has-property-descriptors@1.0.2 OK for: define-properties@1.2.1 want: ^1.0.0
1544 silly placeDep ROOT object-keys@1.1.1 OK for: define-properties@1.2.1 want: ^1.1.1
1545 silly placeDep ROOT gopd@1.2.0 OK for: define-data-property@1.1.4 want: ^1.0.1
1546 silly placeDep ROOT array-buffer-byte-length@1.0.2 OK for: es-abstract@1.24.1 want: ^1.0.2
1547 silly placeDep ROOT arraybuffer.prototype.slice@1.0.4 OK for: es-abstract@1.24.1 want: ^1.0.4
1548 silly placeDep ROOT available-typed-arrays@1.0.7 OK for: es-abstract@1.24.1 want: ^1.0.7
1549 silly placeDep ROOT data-view-buffer@1.0.2 OK for: es-abstract@1.24.1 want: ^1.0.2
1550 silly placeDep ROOT data-view-byte-length@1.0.2 OK for: es-abstract@1.24.1 want: ^1.0.2
1551 silly placeDep ROOT data-view-byte-offset@1.0.1 OK for: es-abstract@1.24.1 want: ^1.0.1
1552 silly placeDep ROOT es-set-tostringtag@2.1.0 OK for: es-abstract@1.24.1 want: ^2.1.0
1553 silly placeDep ROOT es-to-primitive@1.3.0 OK for: es-abstract@1.24.1 want: ^1.3.0
1554 silly placeDep ROOT function.prototype.name@1.1.8 OK for: es-abstract@1.24.1 want: ^1.1.8
1555 silly placeDep ROOT get-proto@1.0.1 OK for: es-abstract@1.24.1 want: ^1.0.1
1556 silly placeDep ROOT get-symbol-description@1.1.0 OK for: es-abstract@1.24.1 want: ^1.1.0
1557 silly placeDep ROOT globalthis@1.0.4 OK for: es-abstract@1.24.1 want: ^1.0.4
1558 silly placeDep ROOT has-proto@1.2.0 OK for: es-abstract@1.24.1 want: ^1.2.0
1559 silly placeDep ROOT has-symbols@1.1.0 OK for: es-abstract@1.24.1 want: ^1.1.0
1560 silly placeDep ROOT internal-slot@1.1.0 OK for: es-abstract@1.24.1 want: ^1.1.0
1561 silly placeDep ROOT is-array-buffer@3.0.5 OK for: es-abstract@1.24.1 want: ^3.0.5
1562 silly placeDep ROOT is-callable@1.2.7 OK for: es-abstract@1.24.1 want: ^1.2.7
1563 silly placeDep ROOT is-data-view@1.0.2 OK for: es-abstract@1.24.1 want: ^1.0.2
1564 silly placeDep ROOT is-negative-zero@2.0.3 OK for: es-abstract@1.24.1 want: ^2.0.3
1565 silly placeDep ROOT is-regex@1.2.1 OK for: es-abstract@1.24.1 want: ^1.2.1
1566 silly placeDep ROOT is-set@2.0.3 OK for: es-abstract@1.24.1 want: ^2.0.3
1567 silly placeDep ROOT is-shared-array-buffer@1.0.4 OK for: es-abstract@1.24.1 want: ^1.0.4
1568 silly placeDep ROOT is-typed-array@1.1.15 OK for: es-abstract@1.24.1 want: ^1.1.15
1569 silly placeDep ROOT is-weakref@1.1.1 OK for: es-abstract@1.24.1 want: ^1.1.1
1570 silly placeDep ROOT object-inspect@1.13.4 OK for: es-abstract@1.24.1 want: ^1.13.4
1571 silly placeDep ROOT object.assign@4.1.7 OK for: es-abstract@1.24.1 want: ^4.1.7
1572 silly placeDep ROOT own-keys@1.0.1 OK for: es-abstract@1.24.1 want: ^1.0.1
1573 silly placeDep ROOT regexp.prototype.flags@1.5.4 OK for: es-abstract@1.24.1 want: ^1.5.4
1574 silly placeDep ROOT safe-array-concat@1.1.3 OK for: es-abstract@1.24.1 want: ^1.1.3
1575 silly placeDep ROOT safe-push-apply@1.0.0 OK for: es-abstract@1.24.1 want: ^1.0.0
1576 silly placeDep ROOT safe-regex-test@1.1.0 OK for: es-abstract@1.24.1 want: ^1.1.0
1577 silly placeDep ROOT set-proto@1.0.0 OK for: es-abstract@1.24.1 want: ^1.0.0
1578 silly placeDep ROOT stop-iteration-iterator@1.1.0 OK for: es-abstract@1.24.1 want: ^1.1.0
1579 silly placeDep ROOT string.prototype.trim@1.2.10 OK for: es-abstract@1.24.1 want: ^1.2.10
1580 silly placeDep ROOT string.prototype.trimstart@1.0.8 OK for: es-abstract@1.24.1 want: ^1.0.8
1581 silly placeDep ROOT typed-array-buffer@1.0.3 OK for: es-abstract@1.24.1 want: ^1.0.3
1582 silly placeDep ROOT typed-array-byte-length@1.0.3 OK for: es-abstract@1.24.1 want: ^1.0.3
1583 silly placeDep ROOT typed-array-byte-offset@1.0.4 OK for: es-abstract@1.24.1 want: ^1.0.4
1584 silly placeDep ROOT typed-array-length@1.0.7 OK for: es-abstract@1.24.1 want: ^1.0.7
1585 silly placeDep ROOT unbox-primitive@1.1.0 OK for: es-abstract@1.24.1 want: ^1.1.0
1586 silly placeDep ROOT which-typed-array@1.1.20 OK for: es-abstract@1.24.1 want: ^1.1.19
1587 silly fetch manifest is-array-buffer@^3.0.4
1588 silly packumentCache full:https://registry.npmjs.org/is-array-buffer cache-miss
1589 silly fetch manifest possible-typed-array-names@^1.0.0
1590 silly packumentCache full:https://registry.npmjs.org/possible-typed-array-names cache-miss
1591 silly fetch manifest is-data-view@^1.0.1
1592 silly packumentCache full:https://registry.npmjs.org/is-data-view cache-miss
1593 silly fetch manifest is-date-object@^1.0.5
1594 silly packumentCache full:https://registry.npmjs.org/is-date-object cache-miss
1595 silly fetch manifest is-symbol@^1.0.4
1596 silly packumentCache full:https://registry.npmjs.org/is-symbol cache-miss
1597 silly fetch manifest functions-have-names@^1.2.3
1598 silly packumentCache full:https://registry.npmjs.org/functions-have-names cache-miss
1599 silly fetch manifest dunder-proto@^1.0.1
1600 silly packumentCache full:https://registry.npmjs.org/dunder-proto cache-miss
1601 http cache https://registry.npmjs.org/is-array-buffer 4ms (cache hit)
1602 silly packumentCache full:https://registry.npmjs.org/is-array-buffer set size:33562 disposed:false
1603 silly fetch manifest dunder-proto@^1.0.0
1604 silly packumentCache full:https://registry.npmjs.org/dunder-proto cache-miss
1605 http cache https://registry.npmjs.org/is-data-view 4ms (cache hit)
1606 silly packumentCache full:https://registry.npmjs.org/is-data-view set size:13756 disposed:false
1607 silly fetch manifest side-channel@^1.1.0
1608 silly packumentCache full:https://registry.npmjs.org/side-channel cache-miss
1609 http fetch GET 200 https://registry.npmjs.org/functions-have-names 53ms (cache miss)
1610 silly packumentCache full:https://registry.npmjs.org/functions-have-names set size:undefined disposed:false
1611 silly fetch manifest is-typed-array@^1.1.13
1612 silly packumentCache full:https://registry.npmjs.org/is-typed-array cache-miss
1613 http cache https://registry.npmjs.org/is-typed-array 1ms (cache hit)
1614 silly packumentCache full:https://registry.npmjs.org/is-typed-array set size:79965 disposed:false
1615 silly fetch manifest which-typed-array@^1.1.16
1616 silly packumentCache full:https://registry.npmjs.org/which-typed-array cache-miss
1617 http cache https://registry.npmjs.org/which-typed-array 1ms (cache hit)
1618 silly packumentCache full:https://registry.npmjs.org/which-typed-array set size:93605 disposed:false
1619 silly fetch manifest set-function-name@^2.0.2
1620 silly packumentCache full:https://registry.npmjs.org/set-function-name cache-miss
1621 http fetch GET 200 https://registry.npmjs.org/is-date-object 60ms (cache miss)
1622 silly packumentCache full:https://registry.npmjs.org/is-date-object set size:undefined disposed:false
1623 silly fetch manifest isarray@^2.0.5
1624 silly packumentCache full:https://registry.npmjs.org/isarray cache-miss
1625 http fetch GET 200 https://registry.npmjs.org/is-symbol 61ms (cache miss)
1626 silly packumentCache full:https://registry.npmjs.org/is-symbol set size:undefined disposed:false
1627 silly fetch manifest isarray@^2.0.5
1628 silly packumentCache full:https://registry.npmjs.org/isarray cache-miss
1629 http fetch GET 200 https://registry.npmjs.org/dunder-proto 59ms (cache miss)
1630 silly packumentCache full:https://registry.npmjs.org/dunder-proto set size:undefined disposed:false
1631 silly fetch manifest dunder-proto@^1.0.1
1632 silly packumentCache full:https://registry.npmjs.org/dunder-proto cache-miss
1633 http cache https://registry.npmjs.org/dunder-proto 1ms (cache hit)
1634 silly packumentCache full:https://registry.npmjs.org/dunder-proto set size:8256 disposed:false
1635 silly fetch manifest for-each@^0.3.3
1636 silly packumentCache full:https://registry.npmjs.org/for-each cache-miss
1637 http fetch GET 200 https://registry.npmjs.org/possible-typed-array-names 67ms (cache miss)
1638 silly packumentCache full:https://registry.npmjs.org/possible-typed-array-names set size:undefined disposed:false
1639 silly fetch manifest for-each@^0.3.3
1640 silly packumentCache full:https://registry.npmjs.org/for-each cache-miss
1641 http fetch GET 200 https://registry.npmjs.org/dunder-proto 72ms (cache miss)
1642 silly packumentCache full:https://registry.npmjs.org/dunder-proto set size:undefined disposed:false
1643 silly packumentCache full:https://registry.npmjs.org/dunder-proto dispose
1644 silly fetch manifest reflect.getprototypeof@^1.0.9
1645 silly packumentCache full:https://registry.npmjs.org/reflect.getprototypeof cache-miss
1646 http fetch GET 200 https://registry.npmjs.org/side-channel 72ms (cache miss)
1647 silly packumentCache full:https://registry.npmjs.org/side-channel set size:undefined disposed:false
1648 silly fetch manifest for-each@^0.3.3
1649 silly packumentCache full:https://registry.npmjs.org/for-each cache-miss
1650 http fetch GET 200 https://registry.npmjs.org/set-function-name 49ms (cache miss)
1651 silly packumentCache full:https://registry.npmjs.org/set-function-name set size:undefined disposed:false
1652 silly fetch manifest reflect.getprototypeof@^1.0.6
1653 silly packumentCache full:https://registry.npmjs.org/reflect.getprototypeof cache-miss
1654 http fetch GET 200 https://registry.npmjs.org/isarray 53ms (cache miss)
1655 silly packumentCache full:https://registry.npmjs.org/isarray set size:undefined disposed:false
1656 silly fetch manifest has-bigints@^1.0.2
1657 silly packumentCache full:https://registry.npmjs.org/has-bigints cache-miss
1658 http fetch GET 200 https://registry.npmjs.org/isarray 55ms (cache miss)
1659 silly packumentCache full:https://registry.npmjs.org/isarray set size:undefined disposed:false
1660 silly fetch manifest which-boxed-primitive@^1.1.1
1661 silly packumentCache full:https://registry.npmjs.org/which-boxed-primitive cache-miss
1662 http fetch GET 200 https://registry.npmjs.org/for-each 64ms (cache miss)
1663 silly packumentCache full:https://registry.npmjs.org/for-each set size:undefined disposed:false
1664 silly fetch manifest for-each@^0.3.5
1665 silly packumentCache full:https://registry.npmjs.org/for-each cache-miss
1666 http fetch GET 200 https://registry.npmjs.org/for-each 66ms (cache miss)
1667 silly packumentCache full:https://registry.npmjs.org/for-each set size:undefined disposed:false
1668 http cache https://registry.npmjs.org/for-each 1ms (cache hit)
1669 silly packumentCache full:https://registry.npmjs.org/for-each set size:14327 disposed:false
1670 http fetch GET 200 https://registry.npmjs.org/for-each 58ms (cache miss)
1671 silly packumentCache full:https://registry.npmjs.org/for-each set size:undefined disposed:false
1672 silly packumentCache full:https://registry.npmjs.org/for-each dispose
1673 http fetch GET 200 https://registry.npmjs.org/reflect.getprototypeof 62ms (cache miss)
1674 silly packumentCache full:https://registry.npmjs.org/reflect.getprototypeof set size:undefined disposed:false
1675 http fetch GET 200 https://registry.npmjs.org/reflect.getprototypeof 52ms (cache miss)
1676 silly packumentCache full:https://registry.npmjs.org/reflect.getprototypeof set size:undefined disposed:false
1677 http fetch GET 200 https://registry.npmjs.org/has-bigints 63ms (cache miss)
1678 silly packumentCache full:https://registry.npmjs.org/has-bigints set size:undefined disposed:false
1679 http fetch GET 200 https://registry.npmjs.org/which-boxed-primitive 76ms (cache miss)
1680 silly packumentCache full:https://registry.npmjs.org/which-boxed-primitive set size:undefined disposed:false
1681 silly placeDep ROOT possible-typed-array-names@1.1.0 OK for: available-typed-arrays@1.0.7 want: ^1.0.0
1682 silly placeDep ROOT has-tostringtag@1.0.2 OK for: es-set-tostringtag@2.1.0 want: ^1.0.2
1683 silly placeDep ROOT is-date-object@1.1.0 OK for: es-to-primitive@1.3.0 want: ^1.0.5
1684 silly placeDep ROOT is-symbol@1.1.1 OK for: es-to-primitive@1.3.0 want: ^1.0.4
1685 silly placeDep node_modules/eslint-module-utils debug@3.2.7 OK for: eslint-module-utils@2.12.1 want: ^3.2.7
1686 silly placeDep ROOT aria-query@5.3.2 OK for: eslint-plugin-jsx-a11y@6.10.2 want: ^5.3.2
1687 silly placeDep ROOT ast-types-flow@0.0.8 OK for: eslint-plugin-jsx-a11y@6.10.2 want: ^0.0.8
1688 silly placeDep ROOT axe-core@4.11.1 OK for: eslint-plugin-jsx-a11y@6.10.2 want: ^4.10.0
1689 silly placeDep ROOT axobject-query@4.1.0 OK for: eslint-plugin-jsx-a11y@6.10.2 want: ^4.1.0
1690 silly placeDep ROOT damerau-levenshtein@1.0.8 OK for: eslint-plugin-jsx-a11y@6.10.2 want: ^1.0.8
1691 silly placeDep ROOT emoji-regex@9.2.2 OK for: eslint-plugin-jsx-a11y@6.10.2 want: ^9.2.2
1692 silly placeDep ROOT jsx-ast-utils@3.3.5 OK for: eslint-plugin-jsx-a11y@6.10.2 want: ^3.3.5
1693 silly placeDep ROOT language-tags@1.0.9 OK for: eslint-plugin-jsx-a11y@6.10.2 want: ^1.0.9
1694 silly placeDep ROOT string.prototype.includes@2.0.1 OK for: eslint-plugin-jsx-a11y@6.10.2 want: ^2.0.1
1695 silly fetch manifest language-subtag-registry@^0.3.20
1696 silly packumentCache full:https://registry.npmjs.org/language-subtag-registry cache-miss
1697 http fetch GET 200 https://registry.npmjs.org/language-subtag-registry 63ms (cache miss)
1698 silly packumentCache full:https://registry.npmjs.org/language-subtag-registry set size:undefined disposed:false
1699 silly placeDep ROOT array.prototype.findlast@1.2.5 OK for: eslint-plugin-react@7.37.5 want: ^1.2.5
1700 silly placeDep ROOT array.prototype.tosorted@1.1.4 OK for: eslint-plugin-react@7.37.5 want: ^1.1.4
1701 silly placeDep ROOT es-iterator-helpers@1.3.0 OK for: eslint-plugin-react@7.37.5 want: ^1.2.1
1702 silly placeDep ROOT estraverse@5.3.0 OK for: eslint-plugin-react@7.37.5 want: ^5.3.0
1703 silly placeDep ROOT object.entries@1.1.9 OK for: eslint-plugin-react@7.37.5 want: ^1.1.9
1704 silly placeDep ROOT prop-types@15.8.1 OK for: eslint-plugin-react@7.37.5 want: ^15.8.1
1705 silly placeDep node_modules/eslint-plugin-react resolve@2.0.0-next.6 OK for: eslint-plugin-react@7.37.5 want: ^2.0.0-next.5
1706 silly placeDep ROOT string.prototype.matchall@4.0.12 OK for: eslint-plugin-react@7.37.5 want: ^4.0.12
1707 silly placeDep ROOT string.prototype.repeat@1.0.0 OK for: eslint-plugin-react@7.37.5 want: ^1.0.0
1708 silly fetch manifest iterator.prototype@^1.1.5
1709 silly packumentCache full:https://registry.npmjs.org/iterator.prototype cache-miss
1710 silly fetch manifest loose-envify@^1.4.0
1711 silly packumentCache full:https://registry.npmjs.org/loose-envify cache-miss
1712 silly fetch manifest object-assign@^4.1.1
1713 silly packumentCache full:https://registry.npmjs.org/object-assign cache-miss
1714 silly fetch manifest react-is@^16.13.1
1715 silly packumentCache full:https://registry.npmjs.org/react-is cache-miss
1716 silly fetch manifest node-exports-info@^1.6.0
1717 silly packumentCache full:https://registry.npmjs.org/node-exports-info cache-miss
1718 http fetch GET 200 https://registry.npmjs.org/iterator.prototype 56ms (cache miss)
1719 silly packumentCache full:https://registry.npmjs.org/iterator.prototype set size:undefined disposed:false
1720 http fetch GET 200 https://registry.npmjs.org/node-exports-info 59ms (cache miss)
1721 silly packumentCache full:https://registry.npmjs.org/node-exports-info set size:undefined disposed:false
1722 http fetch GET 200 https://registry.npmjs.org/object-assign 60ms (cache miss)
1723 silly packumentCache full:https://registry.npmjs.org/object-assign set size:undefined disposed:false
1724 http fetch GET 200 https://registry.npmjs.org/loose-envify 96ms (cache miss)
1725 silly packumentCache full:https://registry.npmjs.org/loose-envify set size:undefined disposed:false
1726 http fetch GET 200 https://registry.npmjs.org/react-is 209ms (cache miss)
1727 silly packumentCache full:https://registry.npmjs.org/react-is set size:undefined disposed:false
1728 silly placeDep ROOT iterator.prototype@1.1.5 OK for: es-iterator-helpers@1.3.0 want: ^1.1.5
1729 silly placeDep ROOT @babel/core@7.29.0 OK for: eslint-plugin-react-hooks@7.0.1 want: ^7.24.4
1730 silly placeDep ROOT @babel/parser@7.29.0 OK for: eslint-plugin-react-hooks@7.0.1 want: ^7.24.4
1731 silly placeDep ROOT hermes-parser@0.25.1 OK for: eslint-plugin-react-hooks@7.0.1 want: ^0.25.1
1732 silly placeDep ROOT zod@4.3.6 OK for: eslint-plugin-react-hooks@7.0.1 want: ^3.25.0 || ^4.0.0
1733 silly placeDep ROOT zod-validation-error@4.0.2 OK for: eslint-plugin-react-hooks@7.0.1 want: ^3.5.0 || ^4.0.0
1734 silly fetch manifest json5@^2.2.3
1735 silly packumentCache full:https://registry.npmjs.org/json5 cache-miss
1736 silly fetch manifest gensync@^1.0.0-beta.2
1737 silly packumentCache full:https://registry.npmjs.org/gensync cache-miss
1738 silly fetch manifest @babel/types@^7.29.0
1739 silly packumentCache full:https://registry.npmjs.org/@babel%2ftypes cache-miss
1740 silly fetch manifest @babel/parser@^7.29.0
1741 silly packumentCache full:https://registry.npmjs.org/@babel%2fparser cache-miss
1742 silly fetch manifest @babel/helpers@^7.28.6
1743 silly packumentCache full:https://registry.npmjs.org/@babel%2fhelpers cache-miss
1744 silly fetch manifest @babel/template@^7.28.6
1745 silly packumentCache full:https://registry.npmjs.org/@babel%2ftemplate cache-miss
1746 silly fetch manifest @babel/traverse@^7.29.0
1747 silly packumentCache full:https://registry.npmjs.org/@babel%2ftraverse cache-miss
1748 http cache https://registry.npmjs.org/json5 3ms (cache hit)
1749 silly packumentCache full:https://registry.npmjs.org/json5 set size:86136 disposed:false
1750 silly fetch manifest @babel/generator@^7.29.0
1751 silly packumentCache full:https://registry.npmjs.org/@babel%2fgenerator cache-miss
1752 http cache https://registry.npmjs.org/@babel%2fparser 4ms (cache hit)
1753 silly packumentCache full:https://registry.npmjs.org/@babel%2fparser set size:714217 disposed:false
1754 silly fetch manifest @babel/code-frame@^7.29.0
1755 silly packumentCache full:https://registry.npmjs.org/@babel%2fcode-frame cache-miss
1756 http fetch GET 200 https://registry.npmjs.org/gensync 52ms (cache miss)
1757 silly packumentCache full:https://registry.npmjs.org/gensync set size:undefined disposed:false
1758 silly fetch manifest convert-source-map@^2.0.0
1759 silly packumentCache full:https://registry.npmjs.org/convert-source-map cache-miss
1760 http fetch GET 200 https://registry.npmjs.org/@babel%2fcode-frame 70ms (cache miss)
1761 silly packumentCache full:https://registry.npmjs.org/@babel%2fcode-frame set size:undefined disposed:false
1762 silly fetch manifest @babel/helper-module-transforms@^7.28.6
1763 silly packumentCache full:https://registry.npmjs.org/@babel%2fhelper-module-transforms cache-miss
1764 http fetch GET 200 https://registry.npmjs.org/@babel%2ftemplate 79ms (cache miss)
1765 silly packumentCache full:https://registry.npmjs.org/@babel%2ftemplate set size:undefined disposed:false
1766 silly fetch manifest @babel/helper-compilation-targets@^7.28.6
1767 silly packumentCache full:https://registry.npmjs.org/@babel%2fhelper-compilation-targets cache-miss
1768 http fetch GET 200 https://registry.npmjs.org/@babel%2fhelpers 81ms (cache miss)
1769 silly packumentCache full:https://registry.npmjs.org/@babel%2fhelpers set size:undefined disposed:false
1770 silly fetch manifest @babel/types@^7.29.0
1771 silly packumentCache full:https://registry.npmjs.org/@babel%2ftypes cache-miss
1772 http fetch GET 200 https://registry.npmjs.org/@babel%2ftypes 86ms (cache miss)
1773 silly packumentCache full:https://registry.npmjs.org/@babel%2ftypes set size:undefined disposed:false
1774 silly fetch manifest hermes-estree@0.25.1
1775 silly packumentCache full:https://registry.npmjs.org/hermes-estree cache-miss
1776 http fetch GET 200 https://registry.npmjs.org/@babel%2ftraverse 108ms (cache miss)
1777 silly packumentCache full:https://registry.npmjs.org/@babel%2ftraverse set size:undefined disposed:false
1778 http fetch GET 200 https://registry.npmjs.org/convert-source-map 64ms (cache miss)
1779 silly packumentCache full:https://registry.npmjs.org/convert-source-map set size:undefined disposed:false
1780 http fetch GET 200 https://registry.npmjs.org/@babel%2fgenerator 122ms (cache miss)
1781 silly packumentCache full:https://registry.npmjs.org/@babel%2fgenerator set size:undefined disposed:false
1782 http fetch GET 200 https://registry.npmjs.org/hermes-estree 64ms (cache miss)
1783 silly packumentCache full:https://registry.npmjs.org/hermes-estree set size:undefined disposed:false
1784 http fetch GET 200 https://registry.npmjs.org/@babel%2ftypes 86ms (cache miss)
1785 silly packumentCache full:https://registry.npmjs.org/@babel%2ftypes set size:undefined disposed:false
1786 http fetch GET 200 https://registry.npmjs.org/@babel%2fhelper-compilation-targets 90ms (cache miss)
1787 silly packumentCache full:https://registry.npmjs.org/@babel%2fhelper-compilation-targets set size:undefined disposed:false
1788 http fetch GET 200 https://registry.npmjs.org/@babel%2fhelper-module-transforms 99ms (cache miss)
1789 silly packumentCache full:https://registry.npmjs.org/@babel%2fhelper-module-transforms set size:undefined disposed:false
1790 silly fetch manifest @babel/core@^7.0.0
1791 silly packumentCache full:https://registry.npmjs.org/@babel%2fcore cache-miss
1792 http cache https://registry.npmjs.org/@babel%2fcore 2ms (cache hit)
1793 silly packumentCache full:https://registry.npmjs.org/@babel%2fcore set size:756140 disposed:false
1794 silly placeDep ROOT @babel/code-frame@7.29.0 OK for: @babel/core@7.29.0 want: ^7.29.0
1795 silly placeDep ROOT @babel/generator@7.29.1 OK for: @babel/core@7.29.0 want: ^7.29.0
1796 silly placeDep ROOT @babel/helper-compilation-targets@7.28.6 OK for: @babel/core@7.29.0 want: ^7.28.6
1797 silly placeDep ROOT @babel/helper-module-transforms@7.28.6 OK for: @babel/core@7.29.0 want: ^7.28.6
1798 silly placeDep ROOT @babel/helpers@7.28.6 OK for: @babel/core@7.29.0 want: ^7.28.6
1799 silly placeDep ROOT @babel/template@7.28.6 OK for: @babel/core@7.29.0 want: ^7.28.6
1800 silly placeDep ROOT @babel/traverse@7.29.0 OK for: @babel/core@7.29.0 want: ^7.29.0
1801 silly placeDep ROOT @babel/types@7.29.0 OK for: @babel/core@7.29.0 want: ^7.29.0
1802 silly placeDep ROOT convert-source-map@2.0.0 OK for: @babel/core@7.29.0 want: ^2.0.0
1803 silly placeDep ROOT gensync@1.0.0-beta.2 OK for: @babel/core@7.29.0 want: ^1.0.0-beta.2
1804 silly placeDep ROOT json5@2.2.3 OK for: @babel/core@7.29.0 want: ^2.2.3
1805 silly fetch manifest js-tokens@^4.0.0
1806 silly packumentCache full:https://registry.npmjs.org/js-tokens cache-miss
1807 silly fetch manifest @babel/helper-validator-identifier@^7.28.5
1808 silly packumentCache full:https://registry.npmjs.org/@babel%2fhelper-validator-identifier cache-miss
1809 silly fetch manifest jsesc@^3.0.2
1810 silly packumentCache full:https://registry.npmjs.org/jsesc cache-miss
1811 silly fetch manifest lru-cache@^5.1.1
1812 silly packumentCache full:https://registry.npmjs.org/lru-cache cache-miss
1813 silly fetch manifest browserslist@^4.24.0
1814 silly packumentCache full:https://registry.npmjs.org/browserslist cache-miss
1815 silly fetch manifest @babel/compat-data@^7.28.6
1816 silly packumentCache full:https://registry.npmjs.org/@babel%2fcompat-data cache-miss
1817 silly fetch manifest @babel/helper-validator-option@^7.27.1
1818 silly packumentCache full:https://registry.npmjs.org/@babel%2fhelper-validator-option cache-miss
1819 http fetch GET 200 https://registry.npmjs.org/js-tokens 86ms (cache miss)
1820 silly packumentCache full:https://registry.npmjs.org/js-tokens set size:undefined disposed:false
1821 silly fetch manifest @babel/traverse@^7.28.6
1822 silly packumentCache full:https://registry.npmjs.org/@babel%2ftraverse cache-miss
1823 http fetch GET 200 https://registry.npmjs.org/jsesc 87ms (cache miss)
1824 silly packumentCache full:https://registry.npmjs.org/jsesc set size:undefined disposed:false
1825 silly fetch manifest @babel/helper-module-imports@^7.28.6
1826 silly packumentCache full:https://registry.npmjs.org/@babel%2fhelper-module-imports cache-miss
1827 http fetch GET 200 https://registry.npmjs.org/@babel%2fhelper-validator-option 89ms (cache miss)
1828 silly packumentCache full:https://registry.npmjs.org/@babel%2fhelper-validator-option set size:undefined disposed:false
1829 silly fetch manifest @babel/helper-validator-identifier@^7.28.5
1830 silly packumentCache full:https://registry.npmjs.org/@babel%2fhelper-validator-identifier cache-miss
1831 http cache https://registry.npmjs.org/@babel%2ftraverse 4ms (cache hit)
1832 silly packumentCache full:https://registry.npmjs.org/@babel%2ftraverse set size:546499 disposed:false
1833 silly fetch manifest @babel/types@^7.28.6
1834 silly packumentCache full:https://registry.npmjs.org/@babel%2ftypes cache-miss
1835 http fetch GET 200 https://registry.npmjs.org/lru-cache 96ms (cache miss)
1836 silly packumentCache full:https://registry.npmjs.org/lru-cache set size:undefined disposed:false
1837 silly fetch manifest @babel/types@^7.28.6
1838 silly packumentCache full:https://registry.npmjs.org/@babel%2ftypes cache-miss
1839 http cache https://registry.npmjs.org/@babel%2ftypes 6ms (cache hit)
1840 silly packumentCache full:https://registry.npmjs.org/@babel%2ftypes set size:485839 disposed:false
1841 silly fetch manifest @babel/helper-globals@^7.28.0
1842 silly packumentCache full:https://registry.npmjs.org/@babel%2fhelper-globals cache-miss
1843 http fetch GET 200 https://registry.npmjs.org/@babel%2fhelper-validator-identifier 101ms (cache miss)
1844 silly packumentCache full:https://registry.npmjs.org/@babel%2fhelper-validator-identifier set size:undefined disposed:false
1845 silly fetch manifest @babel/helper-string-parser@^7.27.1
1846 silly packumentCache full:https://registry.npmjs.org/@babel%2fhelper-string-parser cache-miss
1847 http cache https://registry.npmjs.org/@babel%2ftypes 5ms (cache hit)
1848 silly packumentCache full:https://registry.npmjs.org/@babel%2ftypes set size:485839 disposed:false
1849 silly packumentCache full:https://registry.npmjs.org/@babel%2ftypes dispose
1850 http fetch GET 200 https://registry.npmjs.org/browserslist 104ms (cache miss)
1851 silly packumentCache full:https://registry.npmjs.org/browserslist set size:undefined disposed:false
1852 http fetch GET 200 https://registry.npmjs.org/@babel%2fcompat-data 107ms (cache miss)
1853 silly packumentCache full:https://registry.npmjs.org/@babel%2fcompat-data set size:undefined disposed:false
1854 http fetch GET 200 https://registry.npmjs.org/@babel%2fhelper-validator-identifier 83ms (cache miss)
1855 silly packumentCache full:https://registry.npmjs.org/@babel%2fhelper-validator-identifier set size:undefined disposed:false
1856 http fetch GET 200 https://registry.npmjs.org/@babel%2fhelper-globals 73ms (cache miss)
1857 silly packumentCache full:https://registry.npmjs.org/@babel%2fhelper-globals set size:undefined disposed:false
1858 http fetch GET 200 https://registry.npmjs.org/@babel%2fhelper-module-imports 97ms (cache miss)
1859 silly packumentCache full:https://registry.npmjs.org/@babel%2fhelper-module-imports set size:undefined disposed:false
1860 http fetch GET 200 https://registry.npmjs.org/@babel%2fhelper-string-parser 89ms (cache miss)
1861 silly packumentCache full:https://registry.npmjs.org/@babel%2fhelper-string-parser set size:undefined disposed:false
1862 silly placeDep ROOT @babel/helper-validator-identifier@7.28.5 OK for: @babel/code-frame@7.29.0 want: ^7.28.5
1863 silly placeDep ROOT js-tokens@4.0.0 OK for: @babel/code-frame@7.29.0 want: ^4.0.0
1864 silly placeDep ROOT picocolors@1.1.1 OK for: @babel/code-frame@7.29.0 want: ^1.1.1
1865 silly placeDep ROOT jsesc@3.1.0 OK for: @babel/generator@7.29.1 want: ^3.0.2
1866 silly placeDep ROOT @babel/compat-data@7.29.0 OK for: @babel/helper-compilation-targets@7.28.6 want: ^7.28.6
1867 silly placeDep ROOT @babel/helper-validator-option@7.27.1 OK for: @babel/helper-compilation-targets@7.28.6 want: ^7.27.1
1868 silly placeDep ROOT browserslist@4.28.1 OK for: @babel/helper-compilation-targets@7.28.6 want: ^4.24.0
1869 silly placeDep ROOT lru-cache@5.1.1 OK for: @babel/helper-compilation-targets@7.28.6 want: ^5.1.1
1870 silly fetch manifest baseline-browser-mapping@^2.9.0
1871 silly packumentCache full:https://registry.npmjs.org/baseline-browser-mapping cache-miss
1872 silly fetch manifest caniuse-lite@^1.0.30001759
1873 silly packumentCache full:https://registry.npmjs.org/caniuse-lite cache-miss
1874 silly fetch manifest electron-to-chromium@^1.5.263
1875 silly packumentCache full:https://registry.npmjs.org/electron-to-chromium cache-miss
1876 silly fetch manifest node-releases@^2.0.27
1877 silly packumentCache full:https://registry.npmjs.org/node-releases cache-miss
1878 silly fetch manifest update-browserslist-db@^1.2.0
1879 silly packumentCache full:https://registry.npmjs.org/update-browserslist-db cache-miss
1880 silly fetch manifest yallist@^3.0.2
1881 silly packumentCache full:https://registry.npmjs.org/yallist cache-miss
1882 http cache https://registry.npmjs.org/baseline-browser-mapping 3ms (cache hit)
1883 silly packumentCache full:https://registry.npmjs.org/baseline-browser-mapping set size:393828 disposed:false
1884 http cache https://registry.npmjs.org/caniuse-lite 6ms (cache hit)
1885 silly packumentCache full:https://registry.npmjs.org/caniuse-lite set size:2264818 disposed:false
1886 http fetch GET 200 https://registry.npmjs.org/update-browserslist-db 58ms (cache miss)
1887 silly packumentCache full:https://registry.npmjs.org/update-browserslist-db set size:undefined disposed:false
1888 http fetch GET 200 https://registry.npmjs.org/yallist 65ms (cache miss)
1889 silly packumentCache full:https://registry.npmjs.org/yallist set size:undefined disposed:false
1890 http fetch GET 200 https://registry.npmjs.org/node-releases 75ms (cache miss)
1891 silly packumentCache full:https://registry.npmjs.org/node-releases set size:undefined disposed:false
1892 http fetch GET 200 https://registry.npmjs.org/electron-to-chromium 220ms (cache miss)
1893 silly packumentCache full:https://registry.npmjs.org/electron-to-chromium set size:undefined disposed:false
1894 silly placeDep ROOT @babel/helper-module-imports@7.28.6 OK for: @babel/helper-module-transforms@7.28.6 want: ^7.28.6
1895 silly placeDep ROOT @babel/helper-globals@7.28.0 OK for: @babel/traverse@7.29.0 want: ^7.28.0
1896 silly placeDep ROOT @babel/helper-string-parser@7.27.1 OK for: @babel/types@7.29.0 want: ^7.27.1
1897 silly fetch manifest browserslist@>= 4.21.0
1898 silly packumentCache full:https://registry.npmjs.org/browserslist cache-miss
1899 http cache https://registry.npmjs.org/browserslist 3ms (cache hit)
1900 silly packumentCache full:https://registry.npmjs.org/browserslist set size:502989 disposed:false
1901 silly placeDep ROOT baseline-browser-mapping@2.10.0 OK for: browserslist@4.28.1 want: ^2.9.0
1902 silly placeDep ROOT caniuse-lite@1.0.30001777 OK for: browserslist@4.28.1 want: ^1.0.30001759
1903 silly placeDep ROOT electron-to-chromium@1.5.307 OK for: browserslist@4.28.1 want: ^1.5.263
1904 silly placeDep ROOT node-releases@2.0.36 OK for: browserslist@4.28.1 want: ^2.0.27
1905 silly placeDep ROOT update-browserslist-db@1.2.3 OK for: browserslist@4.28.1 want: ^1.2.0
1906 silly fetch manifest escalade@^3.2.0
1907 silly packumentCache full:https://registry.npmjs.org/escalade cache-miss
1908 http fetch GET 200 https://registry.npmjs.org/escalade 62ms (cache miss)
1909 silly packumentCache full:https://registry.npmjs.org/escalade set size:undefined disposed:false
1910 silly placeDep ROOT esrecurse@4.3.0 OK for: eslint-scope@8.4.0 want: ^4.3.0
1911 silly placeDep ROOT acorn@8.16.0 OK for: espree@10.4.0 want: ^8.15.0
1912 silly placeDep ROOT acorn-jsx@5.3.2 OK for: espree@10.4.0 want: ^5.3.2
1913 silly placeDep ROOT @nodelib/fs.stat@2.0.5 OK for: fast-glob@3.3.1 want: ^2.0.2
1914 silly placeDep ROOT @nodelib/fs.walk@1.2.8 OK for: fast-glob@3.3.1 want: ^1.2.3
1915 silly placeDep node_modules/fast-glob glob-parent@5.1.2 OK for: fast-glob@3.3.1 want: ^5.1.2
1916 silly placeDep ROOT merge2@1.4.1 OK for: fast-glob@3.3.1 want: ^1.3.0
1917 silly placeDep ROOT micromatch@4.0.8 OK for: fast-glob@3.3.1 want: ^4.0.4
1918 silly fetch manifest fastq@^1.6.0
1919 silly packumentCache full:https://registry.npmjs.org/fastq cache-miss
1920 silly fetch manifest @nodelib/fs.scandir@2.1.5
1921 silly packumentCache full:https://registry.npmjs.org/@nodelib%2ffs.scandir cache-miss
1922 silly fetch manifest braces@^3.0.3
1923 silly packumentCache full:https://registry.npmjs.org/braces cache-miss
1924 silly fetch manifest picomatch@^2.3.1
1925 silly packumentCache full:https://registry.npmjs.org/picomatch cache-miss
1926 http cache https://registry.npmjs.org/picomatch 1ms (cache hit)
1927 silly packumentCache full:https://registry.npmjs.org/picomatch set size:118818 disposed:false
1928 http fetch GET 200 https://registry.npmjs.org/braces 60ms (cache miss)
1929 silly packumentCache full:https://registry.npmjs.org/braces set size:undefined disposed:false
1930 http fetch GET 200 https://registry.npmjs.org/fastq 69ms (cache miss)
1931 silly packumentCache full:https://registry.npmjs.org/fastq set size:undefined disposed:false
1932 http fetch GET 200 https://registry.npmjs.org/@nodelib%2ffs.scandir 107ms (cache miss)
1933 silly packumentCache full:https://registry.npmjs.org/@nodelib%2ffs.scandir set size:undefined disposed:false
1934 silly placeDep ROOT @nodelib/fs.scandir@2.1.5 OK for: @nodelib/fs.walk@1.2.8 want: 2.1.5
1935 silly placeDep ROOT fastq@1.20.1 OK for: @nodelib/fs.walk@1.2.8 want: ^1.6.0
1936 silly fetch manifest run-parallel@^1.1.9
1937 silly packumentCache full:https://registry.npmjs.org/run-parallel cache-miss
1938 silly fetch manifest reusify@^1.0.4
1939 silly packumentCache full:https://registry.npmjs.org/reusify cache-miss
1940 http fetch GET 200 https://registry.npmjs.org/run-parallel 64ms (cache miss)
1941 silly packumentCache full:https://registry.npmjs.org/run-parallel set size:undefined disposed:false
1942 http fetch GET 200 https://registry.npmjs.org/reusify 70ms (cache miss)
1943 silly packumentCache full:https://registry.npmjs.org/reusify set size:undefined disposed:false
1944 silly placeDep ROOT run-parallel@1.2.0 OK for: @nodelib/fs.scandir@2.1.5 want: ^1.1.9
1945 silly fetch manifest queue-microtask@^1.2.2
1946 silly packumentCache full:https://registry.npmjs.org/queue-microtask cache-miss
1947 http fetch GET 200 https://registry.npmjs.org/queue-microtask 61ms (cache miss)
1948 silly packumentCache full:https://registry.npmjs.org/queue-microtask set size:undefined disposed:false
1949 silly placeDep ROOT reusify@1.1.0 OK for: fastq@1.20.1 want: ^1.0.4
1950 silly placeDep ROOT flat-cache@4.0.1 OK for: file-entry-cache@8.0.0 want: ^4.0.0
1951 silly fetch manifest keyv@^4.5.4
1952 silly packumentCache full:https://registry.npmjs.org/keyv cache-miss
1953 silly fetch manifest flatted@^3.2.9
1954 silly packumentCache full:https://registry.npmjs.org/flatted cache-miss
1955 http fetch GET 200 https://registry.npmjs.org/flatted 76ms (cache miss)
1956 silly packumentCache full:https://registry.npmjs.org/flatted set size:undefined disposed:false
1957 http fetch GET 200 https://registry.npmjs.org/keyv 78ms (cache miss)
1958 silly packumentCache full:https://registry.npmjs.org/keyv set size:undefined disposed:false
1959 silly placeDep ROOT locate-path@6.0.0 OK for: find-up@5.0.0 want: ^6.0.0
1960 silly placeDep ROOT path-exists@4.0.0 OK for: find-up@5.0.0 want: ^4.0.0
1961 silly fetch manifest p-locate@^5.0.0
1962 silly packumentCache full:https://registry.npmjs.org/p-locate cache-miss
1963 http fetch GET 200 https://registry.npmjs.org/p-locate 63ms (cache miss)
1964 silly packumentCache full:https://registry.npmjs.org/p-locate set size:undefined disposed:false
1965 silly placeDep ROOT flatted@3.4.1 OK for: flat-cache@4.0.1 want: ^3.2.9
1966 silly placeDep ROOT keyv@4.5.4 OK for: flat-cache@4.0.1 want: ^4.5.4
1967 silly fetch manifest json-buffer@3.0.1
1968 silly packumentCache full:https://registry.npmjs.org/json-buffer cache-miss
1969 http fetch GET 200 https://registry.npmjs.org/json-buffer 88ms (cache miss)
1970 silly packumentCache full:https://registry.npmjs.org/json-buffer set size:undefined disposed:false
1971 silly placeDep ROOT functions-have-names@1.2.3 OK for: function.prototype.name@1.1.8 want: ^1.2.3
1972 silly placeDep ROOT dunder-proto@1.0.1 OK for: get-proto@1.0.1 want: ^1.0.1
1973 silly placeDep ROOT resolve-pkg-maps@1.0.0 OK for: get-tsconfig@4.13.6 want: ^1.0.0
1974 silly placeDep ROOT hermes-estree@0.25.1 OK for: hermes-parser@0.25.1 want: 0.25.1
1975 silly placeDep ROOT parent-module@1.0.1 OK for: import-fresh@3.3.1 want: ^1.0.0
1976 silly placeDep ROOT resolve-from@4.0.0 OK for: import-fresh@3.3.1 want: ^4.0.0
1977 silly fetch manifest callsites@^3.0.0
1978 silly packumentCache full:https://registry.npmjs.org/callsites cache-miss
1979 http fetch GET 200 https://registry.npmjs.org/callsites 83ms (cache miss)
1980 silly packumentCache full:https://registry.npmjs.org/callsites set size:undefined disposed:false
1981 silly placeDep ROOT side-channel@1.1.0 OK for: internal-slot@1.1.0 want: ^1.1.0
1982 silly fetch manifest side-channel-list@^1.0.0
1983 silly packumentCache full:https://registry.npmjs.org/side-channel-list cache-miss
1984 silly fetch manifest side-channel-map@^1.0.1
1985 silly packumentCache full:https://registry.npmjs.org/side-channel-map cache-miss
1986 silly fetch manifest side-channel-weakmap@^1.0.2
1987 silly packumentCache full:https://registry.npmjs.org/side-channel-weakmap cache-miss
1988 http fetch GET 200 https://registry.npmjs.org/side-channel-weakmap 73ms (cache miss)
1989 silly packumentCache full:https://registry.npmjs.org/side-channel-weakmap set size:undefined disposed:false
1990 http fetch GET 200 https://registry.npmjs.org/side-channel-list 73ms (cache miss)
1991 silly packumentCache full:https://registry.npmjs.org/side-channel-list set size:undefined disposed:false
1992 http fetch GET 200 https://registry.npmjs.org/side-channel-map 75ms (cache miss)
1993 silly packumentCache full:https://registry.npmjs.org/side-channel-map set size:undefined disposed:false
1994 silly placeDep node_modules/is-bun-module semver@7.7.4 OK for: is-bun-module@2.0.0 want: ^7.7.1
1995 silly placeDep ROOT is-extglob@2.1.1 OK for: is-glob@4.0.3 want: ^2.1.1
1996 silly placeDep ROOT set-function-name@2.0.2 OK for: iterator.prototype@1.1.5 want: ^2.0.2
1997 silly placeDep ROOT argparse@2.0.1 OK for: js-yaml@4.1.1 want: ^2.0.1
1998 silly placeDep ROOT json-buffer@3.0.1 OK for: keyv@4.5.4 want: 3.0.1
1999 silly placeDep ROOT language-subtag-registry@0.3.23 OK for: language-tags@1.0.9 want: ^0.3.20
2000 silly placeDep ROOT prelude-ls@1.2.1 OK for: levn@0.4.1 want: ^1.2.1
2001 silly placeDep ROOT type-check@0.4.0 OK for: levn@0.4.1 want: ~0.4.0
2002 silly placeDep ROOT detect-libc@2.1.2 OK for: lightningcss@1.31.1 want: ^2.0.3
2003 silly placeDep ROOT lightningcss-android-arm64@1.31.1 OK for: lightningcss@1.31.1 want: 1.31.1
2004 silly placeDep ROOT lightningcss-darwin-arm64@1.31.1 OK for: lightningcss@1.31.1 want: 1.31.1
2005 silly placeDep ROOT lightningcss-darwin-x64@1.31.1 OK for: lightningcss@1.31.1 want: 1.31.1
2006 silly placeDep ROOT lightningcss-freebsd-x64@1.31.1 OK for: lightningcss@1.31.1 want: 1.31.1
2007 silly placeDep ROOT lightningcss-linux-arm-gnueabihf@1.31.1 OK for: lightningcss@1.31.1 want: 1.31.1
2008 silly placeDep ROOT lightningcss-linux-arm64-gnu@1.31.1 OK for: lightningcss@1.31.1 want: 1.31.1
2009 silly placeDep ROOT lightningcss-linux-arm64-musl@1.31.1 OK for: lightningcss@1.31.1 want: 1.31.1
2010 silly placeDep ROOT lightningcss-linux-x64-gnu@1.31.1 OK for: lightningcss@1.31.1 want: 1.31.1
2011 silly placeDep ROOT lightningcss-linux-x64-musl@1.31.1 OK for: lightningcss@1.31.1 want: 1.31.1
2012 silly placeDep ROOT lightningcss-win32-arm64-msvc@1.31.1 OK for: lightningcss@1.31.1 want: 1.31.1
2013 silly placeDep ROOT lightningcss-win32-x64-msvc@1.31.1 OK for: lightningcss@1.31.1 want: 1.31.1
2014 silly placeDep ROOT p-locate@5.0.0 OK for: locate-path@6.0.0 want: ^5.0.0
2015 silly fetch manifest p-limit@^3.0.2
2016 silly packumentCache full:https://registry.npmjs.org/p-limit cache-miss
2017 http fetch GET 200 https://registry.npmjs.org/p-limit 92ms (cache miss)
2018 silly packumentCache full:https://registry.npmjs.org/p-limit set size:undefined disposed:false
2019 silly placeDep ROOT yallist@3.1.1 OK for: lru-cache@5.1.1 want: ^3.0.2
2020 silly placeDep ROOT braces@3.0.3 OK for: micromatch@4.0.8 want: ^3.0.3
2021 silly placeDep ROOT picomatch@2.3.1 OK for: micromatch@4.0.8 want: ^2.3.1
2022 silly fetch manifest fill-range@^7.1.1
2023 silly packumentCache full:https://registry.npmjs.org/fill-range cache-miss
2024 http fetch GET 200 https://registry.npmjs.org/fill-range 85ms (cache miss)
2025 silly packumentCache full:https://registry.npmjs.org/fill-range set size:undefined disposed:false
2026 silly placeDep ROOT fill-range@7.1.1 OK for: braces@3.0.3 want: ^7.1.1
2027 silly fetch manifest to-regex-range@^5.0.1
2028 silly packumentCache full:https://registry.npmjs.org/to-regex-range cache-miss
2029 http fetch GET 200 https://registry.npmjs.org/to-regex-range 77ms (cache miss)
2030 silly packumentCache full:https://registry.npmjs.org/to-regex-range set size:undefined disposed:false
2031 silly placeDep ROOT to-regex-range@5.0.1 OK for: fill-range@7.1.1 want: ^5.0.1
2032 silly fetch manifest is-number@^7.0.0
2033 silly packumentCache full:https://registry.npmjs.org/is-number cache-miss
2034 http fetch GET 200 https://registry.npmjs.org/is-number 53ms (cache miss)
2035 silly packumentCache full:https://registry.npmjs.org/is-number set size:undefined disposed:false
2036 silly placeDep ROOT brace-expansion@1.1.12 OK for: minimatch@3.1.5 want: ^1.1.7
2037 silly fetch manifest concat-map@0.0.1
2038 silly packumentCache full:https://registry.npmjs.org/concat-map cache-miss
2039 silly fetch manifest balanced-match@^1.0.0
2040 silly packumentCache full:https://registry.npmjs.org/balanced-match cache-miss
2041 http fetch GET 200 https://registry.npmjs.org/balanced-match 63ms (cache miss)
2042 silly packumentCache full:https://registry.npmjs.org/balanced-match set size:undefined disposed:false
2043 http fetch GET 200 https://registry.npmjs.org/concat-map 66ms (cache miss)
2044 silly packumentCache full:https://registry.npmjs.org/concat-map set size:undefined disposed:false
2045 silly placeDep ROOT balanced-match@1.0.2 OK for: brace-expansion@1.1.12 want: ^1.0.0
2046 silly placeDep ROOT concat-map@0.0.1 OK for: brace-expansion@1.1.12 want: 0.0.1
2047 silly fetch manifest react@^18.2.0 || 19.0.0-rc-de68d2f4-20241204 || ^19.0.0
2048 silly packumentCache full:https://registry.npmjs.org/react cache-miss
2049 http cache https://registry.npmjs.org/react 12ms (cache hit)
2050 silly packumentCache full:https://registry.npmjs.org/react set size:6535664 disposed:false
2051 silly placeDep ROOT @next/env@16.1.6 OK for: next@16.1.6 want: 16.1.6
2052 silly placeDep ROOT @next/swc-darwin-arm64@16.1.6 OK for: next@16.1.6 want: 16.1.6
2053 silly placeDep ROOT @next/swc-darwin-x64@16.1.6 OK for: next@16.1.6 want: 16.1.6
2054 silly placeDep ROOT @next/swc-linux-arm64-gnu@16.1.6 OK for: next@16.1.6 want: 16.1.6
2055 silly placeDep ROOT @next/swc-linux-arm64-musl@16.1.6 OK for: next@16.1.6 want: 16.1.6
2056 silly placeDep ROOT @next/swc-linux-x64-gnu@16.1.6 OK for: next@16.1.6 want: 16.1.6
2057 silly placeDep ROOT @next/swc-linux-x64-musl@16.1.6 OK for: next@16.1.6 want: 16.1.6
2058 silly placeDep ROOT @next/swc-win32-arm64-msvc@16.1.6 OK for: next@16.1.6 want: 16.1.6
2059 silly placeDep ROOT @next/swc-win32-x64-msvc@16.1.6 OK for: next@16.1.6 want: 16.1.6
2060 silly placeDep ROOT @swc/helpers@0.5.15 OK for: next@16.1.6 want: 0.5.15
2061 silly placeDep node_modules/next postcss@8.4.31 OK for: next@16.1.6 want: 8.4.31
2062 silly placeDep ROOT sharp@0.34.5 OK for: next@16.1.6 want: ^0.34.4
2063 silly placeDep ROOT styled-jsx@5.1.6 OK for: next@16.1.6 want: 5.1.6
2064 silly fetch manifest tslib@^2.8.0
2065 silly packumentCache full:https://registry.npmjs.org/tslib cache-miss
2066 silly fetch manifest nanoid@^3.3.6
2067 silly packumentCache full:https://registry.npmjs.org/nanoid cache-miss
2068 silly fetch manifest semver@^7.7.3
2069 silly packumentCache full:https://registry.npmjs.org/semver cache-hit
2070 silly fetch manifest @img/colour@^1.0.0
2071 silly packumentCache full:https://registry.npmjs.org/@img%2fcolour cache-miss
2072 silly fetch manifest @img/sharp-wasm32@0.34.5
2073 silly packumentCache full:https://registry.npmjs.org/@img%2fsharp-wasm32 cache-miss
2074 silly fetch manifest @img/sharp-linux-arm@0.34.5
2075 silly packumentCache full:https://registry.npmjs.org/@img%2fsharp-linux-arm cache-miss
2076 silly fetch manifest @img/sharp-linux-x64@0.34.5
2077 silly packumentCache full:https://registry.npmjs.org/@img%2fsharp-linux-x64 cache-miss
2078 silly fetch manifest @img/sharp-win32-x64@0.34.5
2079 silly packumentCache full:https://registry.npmjs.org/@img%2fsharp-win32-x64 cache-miss
2080 http cache https://registry.npmjs.org/nanoid 6ms (cache hit)
2081 silly packumentCache full:https://registry.npmjs.org/nanoid set size:298419 disposed:false
2082 silly fetch manifest @img/sharp-darwin-x64@0.34.5
2083 silly packumentCache full:https://registry.npmjs.org/@img%2fsharp-darwin-x64 cache-miss
2084 http fetch GET 200 https://registry.npmjs.org/tslib 58ms (cache miss)
2085 silly packumentCache full:https://registry.npmjs.org/tslib set size:undefined disposed:false
2086 silly fetch manifest @img/sharp-win32-ia32@0.34.5
2087 silly packumentCache full:https://registry.npmjs.org/@img%2fsharp-win32-ia32 cache-miss
2088 http fetch GET 200 https://registry.npmjs.org/@img%2fsharp-linux-x64 75ms (cache miss)
2089 silly packumentCache full:https://registry.npmjs.org/@img%2fsharp-linux-x64 set size:undefined disposed:false
2090 silly fetch manifest @img/sharp-linux-arm64@0.34.5
2091 silly packumentCache full:https://registry.npmjs.org/@img%2fsharp-linux-arm64 cache-miss
2092 http fetch GET 200 https://registry.npmjs.org/@img%2fcolour 81ms (cache miss)
2093 silly packumentCache full:https://registry.npmjs.org/@img%2fcolour set size:undefined disposed:false
2094 silly fetch manifest @img/sharp-linux-ppc64@0.34.5
2095 silly packumentCache full:https://registry.npmjs.org/@img%2fsharp-linux-ppc64 cache-miss
2096 http fetch GET 200 https://registry.npmjs.org/@img%2fsharp-darwin-x64 77ms (cache miss)
2097 silly packumentCache full:https://registry.npmjs.org/@img%2fsharp-darwin-x64 set size:undefined disposed:false
2098 silly fetch manifest @img/sharp-linux-s390x@0.34.5
2099 silly packumentCache full:https://registry.npmjs.org/@img%2fsharp-linux-s390x cache-miss
2100 http fetch GET 200 https://registry.npmjs.org/@img%2fsharp-wasm32 86ms (cache miss)
2101 silly packumentCache full:https://registry.npmjs.org/@img%2fsharp-wasm32 set size:undefined disposed:false
2102 silly fetch manifest @img/sharp-win32-arm64@0.34.5
2103 silly packumentCache full:https://registry.npmjs.org/@img%2fsharp-win32-arm64 cache-miss
2104 http fetch GET 200 https://registry.npmjs.org/@img%2fsharp-linux-arm 90ms (cache miss)
2105 silly packumentCache full:https://registry.npmjs.org/@img%2fsharp-linux-arm set size:undefined disposed:false
2106 silly fetch manifest @img/sharp-darwin-arm64@0.34.5
2107 silly packumentCache full:https://registry.npmjs.org/@img%2fsharp-darwin-arm64 cache-miss
2108 http fetch GET 200 https://registry.npmjs.org/@img%2fsharp-win32-x64 89ms (cache miss)
2109 silly packumentCache full:https://registry.npmjs.org/@img%2fsharp-win32-x64 set size:undefined disposed:false
2110 silly fetch manifest @img/sharp-linux-riscv64@0.34.5
2111 silly packumentCache full:https://registry.npmjs.org/@img%2fsharp-linux-riscv64 cache-miss
2112 http fetch GET 200 https://registry.npmjs.org/@img%2fsharp-win32-ia32 111ms (cache miss)
2113 silly packumentCache full:https://registry.npmjs.org/@img%2fsharp-win32-ia32 set size:undefined disposed:false
2114 silly fetch manifest @img/sharp-linuxmusl-x64@0.34.5
2115 silly packumentCache full:https://registry.npmjs.org/@img%2fsharp-linuxmusl-x64 cache-miss
2116 http fetch GET 200 https://registry.npmjs.org/@img%2fsharp-linux-ppc64 93ms (cache miss)
2117 silly packumentCache full:https://registry.npmjs.org/@img%2fsharp-linux-ppc64 set size:undefined disposed:false
2118 silly fetch manifest @img/sharp-linuxmusl-arm64@0.34.5
2119 silly packumentCache full:https://registry.npmjs.org/@img%2fsharp-linuxmusl-arm64 cache-miss
2120 http fetch GET 200 https://registry.npmjs.org/@img%2fsharp-linux-arm64 99ms (cache miss)
2121 silly packumentCache full:https://registry.npmjs.org/@img%2fsharp-linux-arm64 set size:undefined disposed:false
2122 silly fetch manifest @img/sharp-libvips-linux-arm@1.2.4
2123 silly packumentCache full:https://registry.npmjs.org/@img%2fsharp-libvips-linux-arm cache-miss
2124 http fetch GET 200 https://registry.npmjs.org/@img%2fsharp-linux-s390x 91ms (cache miss)
2125 silly packumentCache full:https://registry.npmjs.org/@img%2fsharp-linux-s390x set size:undefined disposed:false
2126 silly fetch manifest @img/sharp-libvips-linux-x64@1.2.4
2127 silly packumentCache full:https://registry.npmjs.org/@img%2fsharp-libvips-linux-x64 cache-miss
2128 http fetch GET 200 https://registry.npmjs.org/@img%2fsharp-linux-riscv64 88ms (cache miss)
2129 silly packumentCache full:https://registry.npmjs.org/@img%2fsharp-linux-riscv64 set size:undefined disposed:false
2130 silly fetch manifest @img/sharp-libvips-darwin-x64@1.2.4
2131 silly packumentCache full:https://registry.npmjs.org/@img%2fsharp-libvips-darwin-x64 cache-miss
2132 http fetch GET 200 https://registry.npmjs.org/@img%2fsharp-darwin-arm64 90ms (cache miss)
2133 silly packumentCache full:https://registry.npmjs.org/@img%2fsharp-darwin-arm64 set size:undefined disposed:false
2134 silly fetch manifest @img/sharp-libvips-linux-arm64@1.2.4
2135 silly packumentCache full:https://registry.npmjs.org/@img%2fsharp-libvips-linux-arm64 cache-miss
2136 http fetch GET 200 https://registry.npmjs.org/@img%2fsharp-win32-arm64 114ms (cache miss)
2137 silly packumentCache full:https://registry.npmjs.org/@img%2fsharp-win32-arm64 set size:undefined disposed:false
2138 silly fetch manifest @img/sharp-libvips-linux-ppc64@1.2.4
2139 silly packumentCache full:https://registry.npmjs.org/@img%2fsharp-libvips-linux-ppc64 cache-miss
2140 http fetch GET 200 https://registry.npmjs.org/@img%2fsharp-libvips-linux-x64 80ms (cache miss)
2141 silly packumentCache full:https://registry.npmjs.org/@img%2fsharp-libvips-linux-x64 set size:undefined disposed:false
2142 silly fetch manifest @img/sharp-libvips-linux-s390x@1.2.4
2143 silly packumentCache full:https://registry.npmjs.org/@img%2fsharp-libvips-linux-s390x cache-miss
2144 http fetch GET 200 https://registry.npmjs.org/@img%2fsharp-libvips-darwin-x64 101ms (cache miss)
2145 silly packumentCache full:https://registry.npmjs.org/@img%2fsharp-libvips-darwin-x64 set size:undefined disposed:false
2146 silly fetch manifest @img/sharp-libvips-darwin-arm64@1.2.4
2147 silly packumentCache full:https://registry.npmjs.org/@img%2fsharp-libvips-darwin-arm64 cache-miss
2148 http fetch GET 200 https://registry.npmjs.org/@img%2fsharp-libvips-linux-arm 105ms (cache miss)
2149 silly packumentCache full:https://registry.npmjs.org/@img%2fsharp-libvips-linux-arm set size:undefined disposed:false
2150 silly fetch manifest @img/sharp-libvips-linux-riscv64@1.2.4
2151 silly packumentCache full:https://registry.npmjs.org/@img%2fsharp-libvips-linux-riscv64 cache-miss
2152 http fetch GET 200 https://registry.npmjs.org/@img%2fsharp-linuxmusl-x64 112ms (cache miss)
2153 silly packumentCache full:https://registry.npmjs.org/@img%2fsharp-linuxmusl-x64 set size:undefined disposed:false
2154 silly fetch manifest @img/sharp-libvips-linuxmusl-x64@1.2.4
2155 silly packumentCache full:https://registry.npmjs.org/@img%2fsharp-libvips-linuxmusl-x64 cache-miss
2156 http fetch GET 200 https://registry.npmjs.org/@img%2fsharp-libvips-linux-arm64 108ms (cache miss)
2157 silly packumentCache full:https://registry.npmjs.org/@img%2fsharp-libvips-linux-arm64 set size:undefined disposed:false
2158 silly fetch manifest @img/sharp-libvips-linuxmusl-arm64@1.2.4
2159 silly packumentCache full:https://registry.npmjs.org/@img%2fsharp-libvips-linuxmusl-arm64 cache-miss
2160 http fetch GET 200 https://registry.npmjs.org/@img%2fsharp-linuxmusl-arm64 114ms (cache miss)
2161 silly packumentCache full:https://registry.npmjs.org/@img%2fsharp-linuxmusl-arm64 set size:undefined disposed:false
2162 silly fetch manifest client-only@0.0.1
2163 silly packumentCache full:https://registry.npmjs.org/client-only cache-miss
2164 http fetch GET 200 https://registry.npmjs.org/@img%2fsharp-libvips-linux-ppc64 121ms (cache miss)
2165 silly packumentCache full:https://registry.npmjs.org/@img%2fsharp-libvips-linux-ppc64 set size:undefined disposed:false
2166 http fetch GET 200 https://registry.npmjs.org/@img%2fsharp-libvips-linux-s390x 92ms (cache miss)
2167 silly packumentCache full:https://registry.npmjs.org/@img%2fsharp-libvips-linux-s390x set size:undefined disposed:false
2168 http fetch GET 200 https://registry.npmjs.org/@img%2fsharp-libvips-linux-riscv64 71ms (cache miss)
2169 silly packumentCache full:https://registry.npmjs.org/@img%2fsharp-libvips-linux-riscv64 set size:undefined disposed:false
2170 http fetch GET 200 https://registry.npmjs.org/client-only 71ms (cache miss)
2171 silly packumentCache full:https://registry.npmjs.org/client-only set size:undefined disposed:false
2172 http fetch GET 200 https://registry.npmjs.org/@img%2fsharp-libvips-linuxmusl-x64 95ms (cache miss)
2173 silly packumentCache full:https://registry.npmjs.org/@img%2fsharp-libvips-linuxmusl-x64 set size:undefined disposed:false
2174 http fetch GET 200 https://registry.npmjs.org/@img%2fsharp-libvips-darwin-arm64 98ms (cache miss)
2175 silly packumentCache full:https://registry.npmjs.org/@img%2fsharp-libvips-darwin-arm64 set size:undefined disposed:false
2176 http fetch GET 200 https://registry.npmjs.org/@img%2fsharp-libvips-linuxmusl-arm64 119ms (cache miss)
2177 silly packumentCache full:https://registry.npmjs.org/@img%2fsharp-libvips-linuxmusl-arm64 set size:undefined disposed:false
2178 silly placeDep ROOT tslib@2.8.1 OK for: @swc/helpers@0.5.15 want: ^2.8.0
2179 silly placeDep ROOT deep-is@0.1.4 OK for: optionator@0.9.4 want: ^0.1.3
2180 silly placeDep ROOT fast-levenshtein@2.0.6 OK for: optionator@0.9.4 want: ^2.0.6
2181 silly placeDep ROOT word-wrap@1.2.5 OK for: optionator@0.9.4 want: ^1.2.5
2182 silly placeDep ROOT p-limit@3.1.0 OK for: p-locate@5.0.0 want: ^3.0.2
2183 silly fetch manifest yocto-queue@^0.1.0
2184 silly packumentCache full:https://registry.npmjs.org/yocto-queue cache-miss
2185 http fetch GET 200 https://registry.npmjs.org/yocto-queue 69ms (cache miss)
2186 silly packumentCache full:https://registry.npmjs.org/yocto-queue set size:undefined disposed:false
2187 silly placeDep ROOT yocto-queue@0.1.0 OK for: p-limit@3.1.0 want: ^0.1.0
2188 silly placeDep ROOT callsites@3.1.0 OK for: parent-module@1.0.1 want: ^3.0.0
2189 silly placeDep ROOT nanoid@3.3.11 OK for: postcss@8.5.8 want: ^3.3.11
2190 silly placeDep ROOT loose-envify@1.4.0 OK for: prop-types@15.8.1 want: ^1.4.0
2191 silly placeDep ROOT object-assign@4.1.1 OK for: prop-types@15.8.1 want: ^4.1.1
2192 silly placeDep ROOT react-is@16.13.1 OK for: prop-types@15.8.1 want: ^16.13.1
2193 silly placeDep ROOT scheduler@0.27.0 OK for: react-dom@19.2.3 want: ^0.27.0
2194 silly placeDep ROOT path-parse@1.0.7 OK for: resolve@1.22.11 want: ^1.0.7
2195 silly placeDep ROOT supports-preserve-symlinks-flag@1.0.0 OK for: resolve@1.22.11 want: ^1.0.0
2196 silly placeDep ROOT queue-microtask@1.2.3 OK for: run-parallel@1.2.0 want: ^1.2.2
2197 silly placeDep ROOT isarray@2.0.5 OK for: safe-array-concat@1.1.3 want: ^2.0.5
2198 silly placeDep ROOT @img/colour@1.1.0 OK for: sharp@0.34.5 want: ^1.0.0
2199 silly placeDep ROOT @img/sharp-darwin-arm64@0.34.5 OK for: sharp@0.34.5 want: 0.34.5
2200 silly placeDep ROOT @img/sharp-darwin-x64@0.34.5 OK for: sharp@0.34.5 want: 0.34.5
2201 silly placeDep ROOT @img/sharp-libvips-darwin-arm64@1.2.4 OK for: sharp@0.34.5 want: 1.2.4
2202 silly placeDep ROOT @img/sharp-libvips-darwin-x64@1.2.4 OK for: sharp@0.34.5 want: 1.2.4
2203 silly placeDep ROOT @img/sharp-libvips-linux-arm@1.2.4 OK for: sharp@0.34.5 want: 1.2.4
2204 silly placeDep ROOT @img/sharp-libvips-linux-arm64@1.2.4 OK for: sharp@0.34.5 want: 1.2.4
2205 silly placeDep ROOT @img/sharp-libvips-linux-ppc64@1.2.4 OK for: sharp@0.34.5 want: 1.2.4
2206 silly placeDep ROOT @img/sharp-libvips-linux-riscv64@1.2.4 OK for: sharp@0.34.5 want: 1.2.4
2207 silly placeDep ROOT @img/sharp-libvips-linux-s390x@1.2.4 OK for: sharp@0.34.5 want: 1.2.4
2208 silly placeDep ROOT @img/sharp-libvips-linux-x64@1.2.4 OK for: sharp@0.34.5 want: 1.2.4
2209 silly placeDep ROOT @img/sharp-libvips-linuxmusl-arm64@1.2.4 OK for: sharp@0.34.5 want: 1.2.4
2210 silly placeDep ROOT @img/sharp-libvips-linuxmusl-x64@1.2.4 OK for: sharp@0.34.5 want: 1.2.4
2211 silly placeDep ROOT @img/sharp-linux-arm@0.34.5 OK for: sharp@0.34.5 want: 0.34.5
2212 silly placeDep ROOT @img/sharp-linux-arm64@0.34.5 OK for: sharp@0.34.5 want: 0.34.5
2213 silly placeDep ROOT @img/sharp-linux-ppc64@0.34.5 OK for: sharp@0.34.5 want: 0.34.5
2214 silly placeDep ROOT @img/sharp-linux-riscv64@0.34.5 OK for: sharp@0.34.5 want: 0.34.5
2215 silly placeDep ROOT @img/sharp-linux-s390x@0.34.5 OK for: sharp@0.34.5 want: 0.34.5
2216 silly placeDep ROOT @img/sharp-linux-x64@0.34.5 OK for: sharp@0.34.5 want: 0.34.5
2217 silly placeDep ROOT @img/sharp-linuxmusl-arm64@0.34.5 OK for: sharp@0.34.5 want: 0.34.5
2218 silly placeDep ROOT @img/sharp-linuxmusl-x64@0.34.5 OK for: sharp@0.34.5 want: 0.34.5
2219 silly placeDep ROOT @img/sharp-wasm32@0.34.5 OK for: sharp@0.34.5 want: 0.34.5
2220 silly placeDep ROOT @img/sharp-win32-arm64@0.34.5 OK for: sharp@0.34.5 want: 0.34.5
2221 silly placeDep ROOT @img/sharp-win32-ia32@0.34.5 OK for: sharp@0.34.5 want: 0.34.5
2222 silly placeDep ROOT @img/sharp-win32-x64@0.34.5 OK for: sharp@0.34.5 want: 0.34.5
2223 silly placeDep node_modules/sharp semver@7.7.4 OK for: sharp@0.34.5 want: ^7.7.3
2224 silly fetch manifest @emnapi/runtime@^1.7.0
2225 silly packumentCache full:https://registry.npmjs.org/@emnapi%2fruntime cache-miss
2226 http fetch GET 200 https://registry.npmjs.org/@emnapi%2fruntime 102ms (cache miss)
2227 silly packumentCache full:https://registry.npmjs.org/@emnapi%2fruntime set size:undefined disposed:false
2228 silly placeDep ROOT @emnapi/runtime@1.8.1 OK for: @img/sharp-wasm32@0.34.5 want: ^1.7.0
2229 silly placeDep ROOT shebang-regex@3.0.0 OK for: shebang-command@2.0.0 want: ^3.0.0
2230 silly placeDep ROOT side-channel-list@1.0.0 OK for: side-channel@1.1.0 want: ^1.0.0
2231 silly placeDep ROOT side-channel-map@1.0.1 OK for: side-channel@1.1.0 want: ^1.0.1
2232 silly placeDep ROOT side-channel-weakmap@1.0.2 OK for: side-channel@1.1.0 want: ^1.0.2
2233 silly placeDep ROOT client-only@0.0.1 OK for: styled-jsx@5.1.6 want: 0.0.1
2234 silly placeDep ROOT has-flag@4.0.0 OK for: supports-color@7.2.0 want: ^4.0.0
2235 silly placeDep node_modules/tinyglobby fdir@6.5.0 OK for: tinyglobby@0.2.15 want: ^6.5.0
2236 silly placeDep node_modules/tinyglobby picomatch@4.0.3 OK for: fdir@6.5.0 want: ^3 || ^4
2237 silly placeDep ROOT is-number@7.0.0 OK for: to-regex-range@5.0.1 want: ^7.0.0
2238 silly placeDep ROOT @types/json5@0.0.29 OK for: tsconfig-paths@3.15.0 want: ^0.0.29
2239 silly placeDep node_modules/tsconfig-paths json5@1.0.2 OK for: tsconfig-paths@3.15.0 want: ^1.0.2
2240 silly placeDep ROOT minimist@1.2.8 OK for: tsconfig-paths@3.15.0 want: ^1.2.6
2241 silly placeDep ROOT strip-bom@3.0.0 OK for: tsconfig-paths@3.15.0 want: ^3.0.0
2242 silly fetch manifest minimist@^1.2.0
2243 silly packumentCache full:https://registry.npmjs.org/minimist cache-miss
2244 http cache https://registry.npmjs.org/minimist 1ms (cache hit)
2245 silly packumentCache full:https://registry.npmjs.org/minimist set size:77063 disposed:false
2246 silly placeDep ROOT for-each@0.3.5 OK for: typed-array-byte-length@1.0.3 want: ^0.3.3
2247 silly placeDep ROOT reflect.getprototypeof@1.0.10 OK for: typed-array-byte-offset@1.0.4 want: ^1.0.9
2248 silly fetch manifest which-builtin-type@^1.2.1
2249 silly packumentCache full:https://registry.npmjs.org/which-builtin-type cache-miss
2250 http fetch GET 200 https://registry.npmjs.org/which-builtin-type 61ms (cache miss)
2251 silly packumentCache full:https://registry.npmjs.org/which-builtin-type set size:undefined disposed:false
2252 silly placeDep ROOT which-builtin-type@1.2.1 OK for: reflect.getprototypeof@1.0.10 want: ^1.2.1
2253 silly fetch manifest is-async-function@^2.0.0
2254 silly packumentCache full:https://registry.npmjs.org/is-async-function cache-miss
2255 silly fetch manifest is-finalizationregistry@^1.1.0
2256 silly packumentCache full:https://registry.npmjs.org/is-finalizationregistry cache-miss
2257 silly fetch manifest is-generator-function@^1.0.10
2258 silly packumentCache full:https://registry.npmjs.org/is-generator-function cache-miss
2259 silly fetch manifest which-boxed-primitive@^1.1.0
2260 silly packumentCache full:https://registry.npmjs.org/which-boxed-primitive cache-miss
2261 silly fetch manifest which-collection@^1.0.2
2262 silly packumentCache full:https://registry.npmjs.org/which-collection cache-miss
2263 http cache https://registry.npmjs.org/which-boxed-primitive 3ms (cache hit)
2264 silly packumentCache full:https://registry.npmjs.org/which-boxed-primitive set size:19407 disposed:false
2265 http fetch GET 200 https://registry.npmjs.org/is-async-function 58ms (cache miss)
2266 silly packumentCache full:https://registry.npmjs.org/is-async-function set size:undefined disposed:false
2267 http fetch GET 200 https://registry.npmjs.org/is-finalizationregistry 66ms (cache miss)
2268 silly packumentCache full:https://registry.npmjs.org/is-finalizationregistry set size:undefined disposed:false
2269 http fetch GET 200 https://registry.npmjs.org/which-collection 68ms (cache miss)
2270 silly packumentCache full:https://registry.npmjs.org/which-collection set size:undefined disposed:false
2271 http fetch GET 200 https://registry.npmjs.org/is-generator-function 69ms (cache miss)
2272 silly packumentCache full:https://registry.npmjs.org/is-generator-function set size:undefined disposed:false
2273 silly fetch manifest eslint@^8.57.0 || ^9.0.0 || ^10.0.0
2274 silly packumentCache full:https://registry.npmjs.org/eslint cache-miss
2275 http cache https://registry.npmjs.org/eslint 4ms (cache hit)
2276 silly packumentCache full:https://registry.npmjs.org/eslint set size:1963267 disposed:false
2277 silly fetch manifest typescript@>=4.8.4 <6.0.0
2278 silly packumentCache full:https://registry.npmjs.org/typescript cache-miss
2279 http cache https://registry.npmjs.org/typescript 18ms (cache hit)
2280 silly packumentCache full:https://registry.npmjs.org/typescript set size:15343725 disposed:false
2281 silly placeDep ROOT @typescript-eslint/eslint-plugin@8.57.0 OK for: typescript-eslint@8.57.0 want: 8.57.0
2282 silly placeDep ROOT @typescript-eslint/parser@8.57.0 OK for: @typescript-eslint/eslint-plugin@8.57.0 want: ^8.57.0
2283 silly placeDep ROOT @typescript-eslint/typescript-estree@8.57.0 OK for: typescript-eslint@8.57.0 want: 8.57.0
2284 silly placeDep ROOT @typescript-eslint/utils@8.57.0 OK for: typescript-eslint@8.57.0 want: 8.57.0
2285 silly fetch manifest ignore@^7.0.5
2286 silly packumentCache full:https://registry.npmjs.org/ignore cache-miss
2287 silly fetch manifest ts-api-utils@^2.4.0
2288 silly packumentCache full:https://registry.npmjs.org/ts-api-utils cache-miss
2289 silly fetch manifest @typescript-eslint/type-utils@8.57.0
2290 silly packumentCache full:https://registry.npmjs.org/@typescript-eslint%2ftype-utils cache-miss
2291 silly fetch manifest @typescript-eslint/visitor-keys@8.57.0
2292 silly packumentCache full:https://registry.npmjs.org/@typescript-eslint%2fvisitor-keys cache-miss
2293 silly fetch manifest @typescript-eslint/scope-manager@8.57.0
2294 silly packumentCache full:https://registry.npmjs.org/@typescript-eslint%2fscope-manager cache-miss
2295 silly fetch manifest @typescript-eslint/types@8.57.0
2296 silly packumentCache full:https://registry.npmjs.org/@typescript-eslint%2ftypes cache-miss
2297 silly fetch manifest @typescript-eslint/visitor-keys@8.57.0
2298 silly packumentCache full:https://registry.npmjs.org/@typescript-eslint%2fvisitor-keys cache-miss
2299 http cache https://registry.npmjs.org/ignore 4ms (cache hit)
2300 silly packumentCache full:https://registry.npmjs.org/ignore set size:237380 disposed:false
2301 silly fetch manifest @typescript-eslint/scope-manager@8.57.0
2302 silly packumentCache full:https://registry.npmjs.org/@typescript-eslint%2fscope-manager cache-miss
2303 http fetch GET 200 https://registry.npmjs.org/ts-api-utils 145ms (cache miss)
2304 silly packumentCache full:https://registry.npmjs.org/ts-api-utils set size:undefined disposed:false
2305 silly fetch manifest minimatch@^10.2.2
2306 silly packumentCache full:https://registry.npmjs.org/minimatch cache-miss
2307 http cache https://registry.npmjs.org/minimatch 8ms (cache hit)
2308 silly packumentCache full:https://registry.npmjs.org/minimatch set size:352359 disposed:false
2309 silly fetch manifest @typescript-eslint/types@8.57.0
2310 silly packumentCache full:https://registry.npmjs.org/@typescript-eslint%2ftypes cache-miss
2311 http fetch GET 200 https://registry.npmjs.org/@typescript-eslint%2fvisitor-keys 286ms (cache miss)
2312 silly packumentCache full:https://registry.npmjs.org/@typescript-eslint%2fvisitor-keys set size:undefined disposed:false
2313 silly fetch manifest @typescript-eslint/tsconfig-utils@8.57.0
2314 silly packumentCache full:https://registry.npmjs.org/@typescript-eslint%2ftsconfig-utils cache-miss
2315 http fetch GET 200 https://registry.npmjs.org/@typescript-eslint%2fvisitor-keys 329ms (cache miss)
2316 silly packumentCache full:https://registry.npmjs.org/@typescript-eslint%2fvisitor-keys set size:undefined disposed:false
2317 silly fetch manifest @typescript-eslint/project-service@8.57.0
2318 silly packumentCache full:https://registry.npmjs.org/@typescript-eslint%2fproject-service cache-miss
2319 http fetch GET 200 https://registry.npmjs.org/@typescript-eslint%2ftypes 373ms (cache miss)
2320 silly packumentCache full:https://registry.npmjs.org/@typescript-eslint%2ftypes set size:undefined disposed:false
2321 silly fetch manifest @typescript-eslint/scope-manager@8.57.0
2322 silly packumentCache full:https://registry.npmjs.org/@typescript-eslint%2fscope-manager cache-miss
2323 http fetch GET 200 https://registry.npmjs.org/@typescript-eslint%2ftype-utils 427ms (cache miss)
2324 silly packumentCache full:https://registry.npmjs.org/@typescript-eslint%2ftype-utils set size:undefined disposed:false
2325 http fetch GET 200 https://registry.npmjs.org/@typescript-eslint%2ftsconfig-utils 146ms (cache miss)
2326 silly packumentCache full:https://registry.npmjs.org/@typescript-eslint%2ftsconfig-utils set size:undefined disposed:false
2327 http fetch GET 200 https://registry.npmjs.org/@typescript-eslint%2fproject-service 109ms (cache miss)
2328 silly packumentCache full:https://registry.npmjs.org/@typescript-eslint%2fproject-service set size:undefined disposed:false
2329 http fetch GET 200 https://registry.npmjs.org/@typescript-eslint%2fscope-manager 489ms (cache miss)
2330 silly packumentCache full:https://registry.npmjs.org/@typescript-eslint%2fscope-manager set size:undefined disposed:false
2331 http fetch GET 200 https://registry.npmjs.org/@typescript-eslint%2fscope-manager 528ms (cache miss)
2332 silly packumentCache full:https://registry.npmjs.org/@typescript-eslint%2fscope-manager set size:undefined disposed:false
2333 http fetch GET 200 https://registry.npmjs.org/@typescript-eslint%2ftypes 451ms (cache miss)
2334 silly packumentCache full:https://registry.npmjs.org/@typescript-eslint%2ftypes set size:undefined disposed:false
2335 http fetch GET 200 https://registry.npmjs.org/@typescript-eslint%2fscope-manager 317ms (cache miss)
2336 silly packumentCache full:https://registry.npmjs.org/@typescript-eslint%2fscope-manager set size:undefined disposed:false
2337 silly placeDep ROOT @typescript-eslint/scope-manager@8.57.0 OK for: @typescript-eslint/eslint-plugin@8.57.0 want: 8.57.0
2338 silly placeDep ROOT @typescript-eslint/type-utils@8.57.0 OK for: @typescript-eslint/eslint-plugin@8.57.0 want: 8.57.0
2339 silly placeDep ROOT @typescript-eslint/visitor-keys@8.57.0 OK for: @typescript-eslint/eslint-plugin@8.57.0 want: 8.57.0
2340 silly placeDep node_modules/@typescript-eslint/eslint-plugin ignore@7.0.5 OK for: @typescript-eslint/eslint-plugin@8.57.0 want: ^7.0.5
2341 silly placeDep ROOT ts-api-utils@2.4.0 OK for: @typescript-eslint/eslint-plugin@8.57.0 want: ^2.4.0
2342 silly fetch manifest eslint-visitor-keys@^5.0.0
2343 silly packumentCache full:https://registry.npmjs.org/eslint-visitor-keys cache-hit
2344 silly placeDep ROOT @typescript-eslint/types@8.57.0 OK for: @typescript-eslint/parser@8.57.0 want: 8.57.0
2345 silly placeDep ROOT @typescript-eslint/project-service@8.57.0 OK for: @typescript-eslint/typescript-estree@8.57.0 want: 8.57.0
2346 silly placeDep ROOT @typescript-eslint/tsconfig-utils@8.57.0 OK for: @typescript-eslint/typescript-estree@8.57.0 want: 8.57.0
2347 silly placeDep node_modules/@typescript-eslint/typescript-estree minimatch@10.2.4 OK for: @typescript-eslint/typescript-estree@8.57.0 want: ^10.2.2
2348 silly placeDep node_modules/@typescript-eslint/typescript-estree semver@7.7.4 OK for: @typescript-eslint/typescript-estree@8.57.0 want: ^7.7.3
2349 silly fetch manifest @typescript-eslint/tsconfig-utils@^8.57.0
2350 silly packumentCache full:https://registry.npmjs.org/@typescript-eslint%2ftsconfig-utils cache-miss
2351 silly fetch manifest brace-expansion@^5.0.2
2352 silly packumentCache full:https://registry.npmjs.org/brace-expansion cache-miss
2353 http cache https://registry.npmjs.org/@typescript-eslint%2ftsconfig-utils 2ms (cache hit)
2354 silly packumentCache full:https://registry.npmjs.org/@typescript-eslint%2ftsconfig-utils set size:953108 disposed:false
2355 http cache https://registry.npmjs.org/brace-expansion 5ms (cache hit)
2356 silly packumentCache full:https://registry.npmjs.org/brace-expansion set size:55744 disposed:false
2357 silly placeDep node_modules/@typescript-eslint/visitor-keys eslint-visitor-keys@5.0.1 OK for: @typescript-eslint/visitor-keys@8.57.0 want: ^5.0.0
2358 silly placeDep ROOT has-bigints@1.1.0 OK for: unbox-primitive@1.1.0 want: ^1.0.2
2359 silly placeDep ROOT which-boxed-primitive@1.1.1 OK for: unbox-primitive@1.1.0 want: ^1.1.1
2360 silly fetch manifest is-bigint@^1.1.0
2361 silly packumentCache full:https://registry.npmjs.org/is-bigint cache-miss
2362 silly fetch manifest is-boolean-object@^1.2.1
2363 silly packumentCache full:https://registry.npmjs.org/is-boolean-object cache-miss
2364 silly fetch manifest is-number-object@^1.1.1
2365 silly packumentCache full:https://registry.npmjs.org/is-number-object cache-miss
2366 http fetch GET 200 https://registry.npmjs.org/is-boolean-object 59ms (cache miss)
2367 silly packumentCache full:https://registry.npmjs.org/is-boolean-object set size:undefined disposed:false
2368 http fetch GET 200 https://registry.npmjs.org/is-bigint 63ms (cache miss)
2369 silly packumentCache full:https://registry.npmjs.org/is-bigint set size:undefined disposed:false
2370 http fetch GET 200 https://registry.npmjs.org/is-number-object 64ms (cache miss)
2371 silly packumentCache full:https://registry.npmjs.org/is-number-object set size:undefined disposed:false
2372 silly placeDep ROOT @unrs/resolver-binding-android-arm-eabi@1.11.1 OK for: unrs-resolver@1.11.1 want: 1.11.1
2373 silly placeDep ROOT @unrs/resolver-binding-android-arm64@1.11.1 OK for: unrs-resolver@1.11.1 want: 1.11.1
2374 silly placeDep ROOT @unrs/resolver-binding-darwin-arm64@1.11.1 OK for: unrs-resolver@1.11.1 want: 1.11.1
2375 silly placeDep ROOT @unrs/resolver-binding-darwin-x64@1.11.1 OK for: unrs-resolver@1.11.1 want: 1.11.1
2376 silly placeDep ROOT @unrs/resolver-binding-freebsd-x64@1.11.1 OK for: unrs-resolver@1.11.1 want: 1.11.1
2377 silly placeDep ROOT @unrs/resolver-binding-linux-arm-gnueabihf@1.11.1 OK for: unrs-resolver@1.11.1 want: 1.11.1
2378 silly placeDep ROOT @unrs/resolver-binding-linux-arm-musleabihf@1.11.1 OK for: unrs-resolver@1.11.1 want: 1.11.1
2379 silly placeDep ROOT @unrs/resolver-binding-linux-arm64-gnu@1.11.1 OK for: unrs-resolver@1.11.1 want: 1.11.1
2380 silly placeDep ROOT @unrs/resolver-binding-linux-arm64-musl@1.11.1 OK for: unrs-resolver@1.11.1 want: 1.11.1
2381 silly placeDep ROOT @unrs/resolver-binding-linux-ppc64-gnu@1.11.1 OK for: unrs-resolver@1.11.1 want: 1.11.1
2382 silly placeDep ROOT @unrs/resolver-binding-linux-riscv64-gnu@1.11.1 OK for: unrs-resolver@1.11.1 want: 1.11.1
2383 silly placeDep ROOT @unrs/resolver-binding-linux-riscv64-musl@1.11.1 OK for: unrs-resolver@1.11.1 want: 1.11.1
2384 silly placeDep ROOT @unrs/resolver-binding-linux-s390x-gnu@1.11.1 OK for: unrs-resolver@1.11.1 want: 1.11.1
2385 silly placeDep ROOT @unrs/resolver-binding-linux-x64-gnu@1.11.1 OK for: unrs-resolver@1.11.1 want: 1.11.1
2386 silly placeDep ROOT @unrs/resolver-binding-linux-x64-musl@1.11.1 OK for: unrs-resolver@1.11.1 want: 1.11.1
2387 silly placeDep ROOT @unrs/resolver-binding-wasm32-wasi@1.11.1 OK for: unrs-resolver@1.11.1 want: 1.11.1
2388 silly placeDep ROOT @unrs/resolver-binding-win32-arm64-msvc@1.11.1 OK for: unrs-resolver@1.11.1 want: 1.11.1
2389 silly placeDep ROOT @unrs/resolver-binding-win32-ia32-msvc@1.11.1 OK for: unrs-resolver@1.11.1 want: 1.11.1
2390 silly placeDep ROOT @unrs/resolver-binding-win32-x64-msvc@1.11.1 OK for: unrs-resolver@1.11.1 want: 1.11.1
2391 silly placeDep ROOT napi-postinstall@0.3.4 OK for: unrs-resolver@1.11.1 want: ^0.3.0
2392 silly fetch manifest @napi-rs/wasm-runtime@^0.2.11
2393 silly packumentCache full:https://registry.npmjs.org/@napi-rs%2fwasm-runtime cache-miss
2394 http fetch GET 200 https://registry.npmjs.org/@napi-rs%2fwasm-runtime 87ms (cache miss)
2395 silly packumentCache full:https://registry.npmjs.org/@napi-rs%2fwasm-runtime set size:undefined disposed:false
2396 silly placeDep ROOT @napi-rs/wasm-runtime@0.2.12 OK for: @unrs/resolver-binding-wasm32-wasi@1.11.1 want: ^0.2.11
2397 silly fetch manifest @emnapi/core@^1.4.3
2398 silly packumentCache full:https://registry.npmjs.org/@emnapi%2fcore cache-miss
2399 silly fetch manifest @tybys/wasm-util@^0.10.0
2400 silly packumentCache full:https://registry.npmjs.org/@tybys%2fwasm-util cache-miss
2401 http fetch GET 200 https://registry.npmjs.org/@emnapi%2fcore 80ms (cache miss)
2402 silly packumentCache full:https://registry.npmjs.org/@emnapi%2fcore set size:undefined disposed:false
2403 http fetch GET 200 https://registry.npmjs.org/@tybys%2fwasm-util 97ms (cache miss)
2404 silly packumentCache full:https://registry.npmjs.org/@tybys%2fwasm-util set size:undefined disposed:false
2405 silly placeDep ROOT @emnapi/core@1.8.1 OK for: @napi-rs/wasm-runtime@0.2.12 want: ^1.4.3
2406 silly placeDep ROOT @tybys/wasm-util@0.10.1 OK for: @napi-rs/wasm-runtime@0.2.12 want: ^0.10.0
2407 silly fetch manifest @emnapi/wasi-threads@1.1.0
2408 silly packumentCache full:https://registry.npmjs.org/@emnapi%2fwasi-threads cache-miss
2409 http fetch GET 200 https://registry.npmjs.org/@emnapi%2fwasi-threads 85ms (cache miss)
2410 silly packumentCache full:https://registry.npmjs.org/@emnapi%2fwasi-threads set size:undefined disposed:false
2411 silly placeDep ROOT @emnapi/wasi-threads@1.1.0 OK for: @emnapi/core@1.8.1 want: 1.1.0
2412 silly placeDep ROOT escalade@3.2.0 OK for: update-browserslist-db@1.2.3 want: ^3.2.0
2413 silly placeDep ROOT punycode@2.3.1 OK for: uri-js@4.4.1 want: ^2.1.0
2414 silly placeDep ROOT isexe@2.0.0 OK for: which@2.0.2 want: ^2.0.0
2415 silly placeDep ROOT is-bigint@1.1.0 OK for: which-boxed-primitive@1.1.1 want: ^1.1.0
2416 silly placeDep ROOT is-boolean-object@1.2.2 OK for: which-boxed-primitive@1.1.1 want: ^1.2.1
2417 silly placeDep ROOT is-number-object@1.1.1 OK for: which-boxed-primitive@1.1.1 want: ^1.1.1
2418 silly placeDep ROOT is-async-function@2.1.1 OK for: which-builtin-type@1.2.1 want: ^2.0.0
2419 silly placeDep ROOT is-finalizationregistry@1.1.1 OK for: which-builtin-type@1.2.1 want: ^1.1.0
2420 silly placeDep ROOT is-generator-function@1.1.2 OK for: which-builtin-type@1.2.1 want: ^1.0.10
2421 silly placeDep ROOT which-collection@1.0.2 OK for: which-builtin-type@1.2.1 want: ^1.0.2
2422 silly fetch manifest async-function@^1.0.0
2423 silly packumentCache full:https://registry.npmjs.org/async-function cache-miss
2424 silly fetch manifest generator-function@^2.0.0
2425 silly packumentCache full:https://registry.npmjs.org/generator-function cache-miss
2426 silly fetch manifest is-map@^2.0.3
2427 silly packumentCache full:https://registry.npmjs.org/is-map cache-miss
2428 silly fetch manifest is-weakmap@^2.0.2
2429 silly packumentCache full:https://registry.npmjs.org/is-weakmap cache-miss
2430 silly fetch manifest is-weakset@^2.0.3
2431 silly packumentCache full:https://registry.npmjs.org/is-weakset cache-miss
2432 http fetch GET 200 https://registry.npmjs.org/is-map 61ms (cache miss)
2433 silly packumentCache full:https://registry.npmjs.org/is-map set size:undefined disposed:false
2434 http fetch GET 200 https://registry.npmjs.org/generator-function 65ms (cache miss)
2435 silly packumentCache full:https://registry.npmjs.org/generator-function set size:undefined disposed:false
2436 http fetch GET 200 https://registry.npmjs.org/async-function 70ms (cache miss)
2437 silly packumentCache full:https://registry.npmjs.org/async-function set size:undefined disposed:false
2438 http fetch GET 200 https://registry.npmjs.org/is-weakmap 70ms (cache miss)
2439 silly packumentCache full:https://registry.npmjs.org/is-weakmap set size:undefined disposed:false
2440 http fetch GET 200 https://registry.npmjs.org/is-weakset 78ms (cache miss)
2441 silly packumentCache full:https://registry.npmjs.org/is-weakset set size:undefined disposed:false
2442 silly placeDep ROOT async-function@1.0.0 OK for: is-async-function@2.1.1 want: ^1.0.0
2443 silly placeDep ROOT generator-function@2.0.1 OK for: is-generator-function@1.1.2 want: ^2.0.0
2444 silly placeDep ROOT is-map@2.0.3 OK for: which-collection@1.0.2 want: ^2.0.3
2445 silly placeDep ROOT is-weakmap@2.0.2 OK for: which-collection@1.0.2 want: ^2.0.2
2446 silly placeDep ROOT is-weakset@2.0.4 OK for: which-collection@1.0.2 want: ^2.0.3
2447 silly placeDep node_modules/@typescript-eslint/typescript-estree brace-expansion@5.0.4 OK for: minimatch@10.2.4 want: ^5.0.2
2448 silly fetch manifest balanced-match@^4.0.2
2449 silly packumentCache full:https://registry.npmjs.org/balanced-match cache-miss
2450 http cache https://registry.npmjs.org/balanced-match 2ms (cache hit)
2451 silly packumentCache full:https://registry.npmjs.org/balanced-match set size:39082 disposed:false
2452 silly placeDep node_modules/@typescript-eslint/typescript-estree balanced-match@4.0.4 OK for: brace-expansion@5.0.4 want: ^4.0.2
2453 silly placeDep ROOT node-exports-info@1.6.0 OK for: resolve@2.0.0-next.6 want: ^1.6.0
2454 silly reify moves {}
2455 verbose reify failed optional dependency /Users/davecarr/Desktop/Floral pos system/floravision/node_modules/@tailwindcss/oxide-wasm32-wasi
2456 silly reify mark deleted [
2456 silly reify   '/Users/davecarr/Desktop/Floral pos system/floravision/node_modules/@tailwindcss/oxide-wasm32-wasi'
2456 silly reify ]
2457 silly audit bulk request {
2457 silly audit   '@tailwindcss/postcss': [ '4.2.1' ],
2457 silly audit   '@types/node': [ '20.19.37' ],
2457 silly audit   '@types/react': [ '19.2.14' ],
2457 silly audit   '@types/react-dom': [ '19.2.3' ],
2457 silly audit   eslint: [ '9.39.4' ],
2457 silly audit   'eslint-config-next': [ '16.1.6' ],
2457 silly audit   next: [ '16.1.6' ],
2457 silly audit   react: [ '19.2.3' ],
2457 silly audit   'react-dom': [ '19.2.3' ],
2457 silly audit   tailwindcss: [ '4.2.1' ],
2457 silly audit   typescript: [ '5.9.3' ],
2457 silly audit   '@alloc/quick-lru': [ '5.2.0' ],
2457 silly audit   '@tailwindcss/node': [ '4.2.1' ],
2457 silly audit   '@tailwindcss/oxide': [ '4.2.1' ],
2457 silly audit   postcss: [ '8.5.8', '8.4.31' ],
2457 silly audit   '@jridgewell/remapping': [ '2.3.5' ],
2457 silly audit   'enhanced-resolve': [ '5.20.0' ],
2457 silly audit   jiti: [ '2.6.1' ],
2457 silly audit   lightningcss: [ '1.31.1' ],
2457 silly audit   'magic-string': [ '0.30.21' ],
2457 silly audit   'source-map-js': [ '1.2.1' ],
2457 silly audit   '@jridgewell/gen-mapping': [ '0.3.13' ],
2457 silly audit   '@jridgewell/trace-mapping': [ '0.3.31' ],
2457 silly audit   '@jridgewell/sourcemap-codec': [ '1.5.5' ],
2457 silly audit   '@jridgewell/resolve-uri': [ '3.1.2' ],
2457 silly audit   '@tailwindcss/oxide-android-arm64': [ '4.2.1' ],
2457 silly audit   '@tailwindcss/oxide-darwin-arm64': [ '4.2.1' ],
2457 silly audit   '@tailwindcss/oxide-darwin-x64': [ '4.2.1' ],
2457 silly audit   '@tailwindcss/oxide-freebsd-x64': [ '4.2.1' ],
2457 silly audit   '@tailwindcss/oxide-linux-arm-gnueabihf': [ '4.2.1' ],
2457 silly audit   '@tailwindcss/oxide-linux-arm64-gnu': [ '4.2.1' ],
2457 silly audit   '@tailwindcss/oxide-linux-arm64-musl': [ '4.2.1' ],
2457 silly audit   '@tailwindcss/oxide-linux-x64-gnu': [ '4.2.1' ],
2457 silly audit   '@tailwindcss/oxide-linux-x64-musl': [ '4.2.1' ],
2457 silly audit   '@tailwindcss/oxide-win32-arm64-msvc': [ '4.2.1' ],
2457 silly audit   '@tailwindcss/oxide-win32-x64-msvc': [ '4.2.1' ],
2457 silly audit   'undici-types': [ '6.21.0' ],
2457 silly audit   csstype: [ '3.2.3' ],
2457 silly audit   'graceful-fs': [ '4.2.11' ],
2457 silly audit   tapable: [ '2.3.0' ],
2457 silly audit   '@eslint-community/eslint-utils': [ '4.9.1' ],
2457 silly audit   '@eslint-community/regexpp': [ '4.12.2' ],
2457 silly audit   '@eslint/config-array': [ '0.21.2' ],
2457 silly audit   '@eslint/config-helpers': [ '0.4.2' ],
2457 silly audit   '@eslint/core': [ '0.17.0' ],
2457 silly audit   '@eslint/eslintrc': [ '3.3.5' ],
2457 silly audit   '@eslint/js': [ '9.39.4' ],
2457 silly audit   '@eslint/plugin-kit': [ '0.4.1' ],
2457 silly audit   '@humanfs/node': [ '0.16.7' ],
2457 silly audit   '@humanwhocodes/module-importer': [ '1.0.1' ],
2457 silly audit   '@humanwhocodes/retry': [ '0.4.3' ],
2457 silly audit   '@types/estree': [ '1.0.8' ],
2457 silly audit   ajv: [ '6.14.0' ],
2457 silly audit   chalk: [ '4.1.2' ],
2457 silly audit   'cross-spawn': [ '7.0.6' ],
2457 silly audit   debug: [ '4.4.3', '3.2.7' ],
2457 silly audit   'escape-string-regexp': [ '4.0.0' ],
2457 silly audit   'eslint-scope': [ '8.4.0' ],
2457 silly audit   'eslint-visitor-keys': [ '4.2.1', '3.4.3', '5.0.1' ],
2457 silly audit   espree: [ '10.4.0' ],
2457 silly audit   esquery: [ '1.7.0' ],
2457 silly audit   esutils: [ '2.0.3' ],
2457 silly audit   'fast-deep-equal': [ '3.1.3' ],
2457 silly audit   'file-entry-cache': [ '8.0.0' ],
2457 silly audit   'find-up': [ '5.0.0' ],
2457 silly audit   'glob-parent': [ '6.0.2', '5.1.2' ],
2457 silly audit   ignore: [ '5.3.2', '7.0.5' ],
2457 silly audit   imurmurhash: [ '0.1.4' ],
2457 silly audit   'is-glob': [ '4.0.3' ],
2457 silly audit   'json-stable-stringify-without-jsonify': [ '1.0.1' ],
2457 silly audit   'lodash.merge': [ '4.6.2' ],
2457 silly audit   minimatch: [ '3.1.5', '10.2.4' ],
2457 silly audit   'natural-compare': [ '1.4.0' ],
2457 silly audit   optionator: [ '0.9.4' ],
2457 silly audit   '@eslint/object-schema': [ '2.1.7' ],
2457 silly audit   '@types/json-schema': [ '7.0.15' ],
2457 silly audit   globals: [ '14.0.0', '16.4.0' ],
2457 silly audit   'import-fresh': [ '3.3.1' ],
2457 silly audit   'js-yaml': [ '4.1.1' ],
2457 silly audit   'strip-json-comments': [ '3.1.1' ],
2457 silly audit   levn: [ '0.4.1' ],
2457 silly audit   '@humanfs/core': [ '0.19.1' ],
2457 silly audit   'fast-json-stable-stringify': [ '2.1.0' ],
2457 silly audit   'json-schema-traverse': [ '0.4.1' ],
2457 silly audit   'uri-js': [ '4.4.1' ],
2457 silly audit   'ansi-styles': [ '4.3.0' ],
2457 silly audit   'supports-color': [ '7.2.0' ],
2457 silly audit   'color-convert': [ '2.0.1' ],
2457 silly audit   'color-name': [ '1.1.4' ],
2457 silly audit   'path-key': [ '3.1.1' ],
2457 silly audit   'shebang-command': [ '2.0.0' ],
2457 silly audit   which: [ '2.0.2' ],
2457 silly audit   ms: [ '2.1.3' ],
2457 silly audit   '@next/eslint-plugin-next': [ '16.1.6' ],
2457 silly audit   'eslint-import-resolver-node': [ '0.3.9' ],
2457 silly audit   'eslint-import-resolver-typescript': [ '3.10.1' ],
2457 silly audit   'eslint-plugin-import': [ '2.32.0' ],
2457 silly audit   'eslint-plugin-jsx-a11y': [ '6.10.2' ],
2457 silly audit   'eslint-plugin-react': [ '7.37.5' ],
2457 silly audit   'eslint-plugin-react-hooks': [ '7.0.1' ],
2457 silly audit   'typescript-eslint': [ '8.57.0' ],
2457 silly audit   'fast-glob': [ '3.3.1' ],
2457 silly audit   'is-core-module': [ '2.16.1' ],
2457 silly audit   resolve: [ '1.22.11', '2.0.0-next.6' ],
2457 silly audit   '@nolyfill/is-core-module': [ '1.0.39' ],
2457 silly audit   'get-tsconfig': [ '4.13.6' ],
2457 silly audit   'is-bun-module': [ '2.0.0' ],
2457 silly audit   'stable-hash': [ '0.0.5' ],
2457 silly audit   tinyglobby: [ '0.2.15' ],
2457 silly audit   'unrs-resolver': [ '1.11.1' ],
2457 silly audit   '@rtsao/scc': [ '1.1.0' ],
2457 silly audit   'array-includes': [ '3.1.9' ],
2457 silly audit   'array.prototype.findlastindex': [ '1.2.6' ],
2457 silly audit   'array.prototype.flat': [ '1.3.3' ],
2457 silly audit   'array.prototype.flatmap': [ '1.3.3' ],
2457 silly audit   doctrine: [ '2.1.0' ],
2457 silly audit   'eslint-module-utils': [ '2.12.1' ],
2457 silly audit   hasown: [ '2.0.2' ],
2457 silly audit   'object.fromentries': [ '2.0.8' ],
2457 silly audit   'object.groupby': [ '1.0.3' ],
2457 silly audit   'object.values': [ '1.2.1' ],
2457 silly audit   semver: [ '6.3.1', '7.7.4' ],
2457 silly audit   'string.prototype.trimend': [ '1.0.9' ],
2457 silly audit   'tsconfig-paths': [ '3.15.0' ],
2457 silly audit   'call-bind': [ '1.0.8' ],
2457 silly audit   'call-bound': [ '1.0.4' ],
2457 silly audit   'define-properties': [ '1.2.1' ],
2457 silly audit   'es-abstract': [ '1.24.1' ],
2457 silly audit   'es-object-atoms': [ '1.1.1' ],
2457 silly audit   'get-intrinsic': [ '1.3.0' ],
2457 silly audit   'is-string': [ '1.1.1' ],
2457 silly audit   'math-intrinsics': [ '1.1.0' ],
2457 silly audit   'es-errors': [ '1.3.0' ],
2457 silly audit   'es-shim-unscopables': [ '1.1.0' ],
2457 silly audit   'call-bind-apply-helpers': [ '1.0.2' ],
2457 silly audit   'es-define-property': [ '1.0.1' ],
2457 silly audit   'set-function-length': [ '1.2.2' ],
2457 silly audit   'function-bind': [ '1.1.2' ],
2457 silly audit   'define-data-property': [ '1.1.4' ],
2457 silly audit   'has-property-descriptors': [ '1.0.2' ],
2457 silly audit   'object-keys': [ '1.1.1' ],
2457 silly audit   gopd: [ '1.2.0' ],
2457 silly audit   'array-buffer-byte-length': [ '1.0.2' ],
2457 silly audit   'arraybuffer.prototype.slice': [ '1.0.4' ],
2457 silly audit   'available-typed-arrays': [ '1.0.7' ],
2457 silly audit   'data-view-buffer': [ '1.0.2' ],
2457 silly audit   'data-view-byte-length': [ '1.0.2' ],
2457 silly audit   'data-view-byte-offset': [ '1.0.1' ],
2457 silly audit   'es-set-tostringtag': [ '2.1.0' ],
2457 silly audit   'es-to-primitive': [ '1.3.0' ],
2457 silly audit   'function.prototype.name': [ '1.1.8' ],
2457 silly audit   'get-proto': [ '1.0.1' ],
2457 silly audit   'get-symbol-description': [ '1.1.0' ],
2457 silly audit   globalthis: [ '1.0.4' ],
2457 silly audit   'has-proto': [ '1.2.0' ],
2457 silly audit   'has-symbols': [ '1.1.0' ],
2457 silly audit   'internal-slot': [ '1.1.0' ],
2457 silly audit   'is-array-buffer': [ '3.0.5' ],
2457 silly audit   'is-callable': [ '1.2.7' ],
2457 silly audit   'is-data-view': [ '1.0.2' ],
2457 silly audit   'is-negative-zero': [ '2.0.3' ],
2457 silly audit   'is-regex': [ '1.2.1' ],
2457 silly audit   'is-set': [ '2.0.3' ],
2457 silly audit   'is-shared-array-buffer': [ '1.0.4' ],
2457 silly audit   'is-typed-array': [ '1.1.15' ],
2457 silly audit   'is-weakref': [ '1.1.1' ],
2457 silly audit   'object-inspect': [ '1.13.4' ],
2457 silly audit   'object.assign': [ '4.1.7' ],
2457 silly audit   'own-keys': [ '1.0.1' ],
2457 silly audit   'regexp.prototype.flags': [ '1.5.4' ],
2457 silly audit   'safe-array-concat': [ '1.1.3' ],
2457 silly audit   'safe-push-apply': [ '1.0.0' ],
2457 silly audit   'safe-regex-test': [ '1.1.0' ],
2457 silly audit   'set-proto': [ '1.0.0' ],
2457 silly audit   'stop-iteration-iterator': [ '1.1.0' ],
2457 silly audit   'string.prototype.trim': [ '1.2.10' ],
2457 silly audit   'string.prototype.trimstart': [ '1.0.8' ],
2457 silly audit   'typed-array-buffer': [ '1.0.3' ],
2457 silly audit   'typed-array-byte-length': [ '1.0.3' ],
2457 silly audit   'typed-array-byte-offset': [ '1.0.4' ],
2457 silly audit   'typed-array-length': [ '1.0.7' ],
2457 silly audit   'unbox-primitive': [ '1.1.0' ],
2457 silly audit   'which-typed-array': [ '1.1.20' ],
2457 silly audit   'possible-typed-array-names': [ '1.1.0' ],
2457 silly audit   'has-tostringtag': [ '1.0.2' ],
2457 silly audit   'is-date-object': [ '1.1.0' ],
2457 silly audit   'is-symbol': [ '1.1.1' ],
2457 silly audit   'aria-query': [ '5.3.2' ],
2457 silly audit   'ast-types-flow': [ '0.0.8' ],
2457 silly audit   'axe-core': [ '4.11.1' ],
2457 silly audit   'axobject-query': [ '4.1.0' ],
2457 silly audit   'damerau-levenshtein': [ '1.0.8' ],
2457 silly audit   'emoji-regex': [ '9.2.2' ],
2457 silly audit   'jsx-ast-utils': [ '3.3.5' ],
2457 silly audit   'language-tags': [ '1.0.9' ],
2457 silly audit   'string.prototype.includes': [ '2.0.1' ],
2457 silly audit   'array.prototype.findlast': [ '1.2.5' ],
2457 silly audit   'array.prototype.tosorted': [ '1.1.4' ],
2457 silly audit   'es-iterator-helpers': [ '1.3.0' ],
2457 silly audit   estraverse: [ '5.3.0' ],
2457 silly audit   'object.entries': [ '1.1.9' ],
2457 silly audit   'prop-types': [ '15.8.1' ],
2457 silly audit   'string.prototype.matchall': [ '4.0.12' ],
2457 silly audit   'string.prototype.repeat': [ '1.0.0' ],
2457 silly audit   'iterator.prototype': [ '1.1.5' ],
2457 silly audit   '@babel/core': [ '7.29.0' ],
2457 silly audit   '@babel/parser': [ '7.29.0' ],
2457 silly audit   'hermes-parser': [ '0.25.1' ],
2457 silly audit   zod: [ '4.3.6' ],
2457 silly audit   'zod-validation-error': [ '4.0.2' ],
2457 silly audit   '@babel/code-frame': [ '7.29.0' ],
2457 silly audit   '@babel/generator': [ '7.29.1' ],
2457 silly audit   '@babel/helper-compilation-targets': [ '7.28.6' ],
2457 silly audit   '@babel/helper-module-transforms': [ '7.28.6' ],
2457 silly audit   '@babel/helpers': [ '7.28.6' ],
2457 silly audit   '@babel/template': [ '7.28.6' ],
2457 silly audit   '@babel/traverse': [ '7.29.0' ],
2457 silly audit   '@babel/types': [ '7.29.0' ],
2457 silly audit   'convert-source-map': [ '2.0.0' ],
2457 silly audit   gensync: [ '1.0.0-beta.2' ],
2457 silly audit   json5: [ '2.2.3', '1.0.2' ],
2457 silly audit   '@babel/helper-validator-identifier': [ '7.28.5' ],
2457 silly audit   'js-tokens': [ '4.0.0' ],
2457 silly audit   picocolors: [ '1.1.1' ],
2457 silly audit   jsesc: [ '3.1.0' ],
2457 silly audit   '@babel/compat-data': [ '7.29.0' ],
2457 silly audit   '@babel/helper-validator-option': [ '7.27.1' ],
2457 silly audit   browserslist: [ '4.28.1' ],
2457 silly audit   'lru-cache': [ '5.1.1' ],
2457 silly audit   '@babel/helper-module-imports': [ '7.28.6' ],
2457 silly audit   '@babel/helper-globals': [ '7.28.0' ],
2457 silly audit   '@babel/helper-string-parser': [ '7.27.1' ],
2457 silly audit   'baseline-browser-mapping': [ '2.10.0' ],
2457 silly audit   'caniuse-lite': [ '1.0.30001777' ],
2457 silly audit   'electron-to-chromium': [ '1.5.307' ],
2457 silly audit   'node-releases': [ '2.0.36' ],
2457 silly audit   'update-browserslist-db': [ '1.2.3' ],
2457 silly audit   esrecurse: [ '4.3.0' ],
2457 silly audit   acorn: [ '8.16.0' ],
2457 silly audit   'acorn-jsx': [ '5.3.2' ],
2457 silly audit   '@nodelib/fs.stat': [ '2.0.5' ],
2457 silly audit   '@nodelib/fs.walk': [ '1.2.8' ],
2457 silly audit   merge2: [ '1.4.1' ],
2457 silly audit   micromatch: [ '4.0.8' ],
2457 silly audit   '@nodelib/fs.scandir': [ '2.1.5' ],
2457 silly audit   fastq: [ '1.20.1' ],
2457 silly audit   'run-parallel': [ '1.2.0' ],
2457 silly audit   reusify: [ '1.1.0' ],
2457 silly audit   'flat-cache': [ '4.0.1' ],
2457 silly audit   'locate-path': [ '6.0.0' ],
2457 silly audit   'path-exists': [ '4.0.0' ],
2457 silly audit   flatted: [ '3.4.1' ],
2457 silly audit   keyv: [ '4.5.4' ],
2457 silly audit   'functions-have-names': [ '1.2.3' ],
2457 silly audit   'dunder-proto': [ '1.0.1' ],
2457 silly audit   'resolve-pkg-maps': [ '1.0.0' ],
2457 silly audit   'hermes-estree': [ '0.25.1' ],
2457 silly audit   'parent-module': [ '1.0.1' ],
2457 silly audit   'resolve-from': [ '4.0.0' ],
2457 silly audit   'side-channel': [ '1.1.0' ],
2457 silly audit   'is-extglob': [ '2.1.1' ],
2457 silly audit   'set-function-name': [ '2.0.2' ],
2457 silly audit   argparse: [ '2.0.1' ],
2457 silly audit   'json-buffer': [ '3.0.1' ],
2457 silly audit   'language-subtag-registry': [ '0.3.23' ],
2457 silly audit   'prelude-ls': [ '1.2.1' ],
2457 silly audit   'type-check': [ '0.4.0' ],
2457 silly audit   'detect-libc': [ '2.1.2' ],
2457 silly audit   'lightningcss-android-arm64': [ '1.31.1' ],
2457 silly audit   'lightningcss-darwin-arm64': [ '1.31.1' ],
2457 silly audit   'lightningcss-darwin-x64': [ '1.31.1' ],
2457 silly audit   'lightningcss-freebsd-x64': [ '1.31.1' ],
2457 silly audit   'lightningcss-linux-arm-gnueabihf': [ '1.31.1' ],
2457 silly audit   'lightningcss-linux-arm64-gnu': [ '1.31.1' ],
2457 silly audit   'lightningcss-linux-arm64-musl': [ '1.31.1' ],
2457 silly audit   'lightningcss-linux-x64-gnu': [ '1.31.1' ],
2457 silly audit   'lightningcss-linux-x64-musl': [ '1.31.1' ],
2457 silly audit   'lightningcss-win32-arm64-msvc': [ '1.31.1' ],
2457 silly audit   'lightningcss-win32-x64-msvc': [ '1.31.1' ],
2457 silly audit   'p-locate': [ '5.0.0' ],
2457 silly audit   yallist: [ '3.1.1' ],
2457 silly audit   braces: [ '3.0.3' ],
2457 silly audit   picomatch: [ '2.3.1', '4.0.3' ],
2457 silly audit   'fill-range': [ '7.1.1' ],
2457 silly audit   'to-regex-range': [ '5.0.1' ],
2457 silly audit   'brace-expansion': [ '1.1.12', '5.0.4' ],
2457 silly audit   'balanced-match': [ '1.0.2', '4.0.4' ],
2457 silly audit   'concat-map': [ '0.0.1' ],
2457 silly audit   '@next/env': [ '16.1.6' ],
2457 silly audit   '@next/swc-darwin-arm64': [ '16.1.6' ],
2457 silly audit   '@next/swc-darwin-x64': [ '16.1.6' ],
2457 silly audit   '@next/swc-linux-arm64-gnu': [ '16.1.6' ],
2457 silly audit   '@next/swc-linux-arm64-musl': [ '16.1.6' ],
2457 silly audit   '@next/swc-linux-x64-gnu': [ '16.1.6' ],
2457 silly audit   '@next/swc-linux-x64-musl': [ '16.1.6' ],
2457 silly audit   '@next/swc-win32-arm64-msvc': [ '16.1.6' ],
2457 silly audit   '@next/swc-win32-x64-msvc': [ '16.1.6' ],
2457 silly audit   '@swc/helpers': [ '0.5.15' ],
2457 silly audit   sharp: [ '0.34.5' ],
2457 silly audit   'styled-jsx': [ '5.1.6' ],
2457 silly audit   tslib: [ '2.8.1' ],
2457 silly audit   'deep-is': [ '0.1.4' ],
2457 silly audit   'fast-levenshtein': [ '2.0.6' ],
2457 silly audit   'word-wrap': [ '1.2.5' ],
2457 silly audit   'p-limit': [ '3.1.0' ],
2457 silly audit   'yocto-queue': [ '0.1.0' ],
2457 silly audit   callsites: [ '3.1.0' ],
2457 silly audit   nanoid: [ '3.3.11' ],
2457 silly audit   'loose-envify': [ '1.4.0' ],
2457 silly audit   'object-assign': [ '4.1.1' ],
2457 silly audit   'react-is': [ '16.13.1' ],
2457 silly audit   scheduler: [ '0.27.0' ],
2457 silly audit   'path-parse': [ '1.0.7' ],
2457 silly audit   'supports-preserve-symlinks-flag': [ '1.0.0' ],
2457 silly audit   'queue-microtask': [ '1.2.3' ],
2457 silly audit   isarray: [ '2.0.5' ],
2457 silly audit   '@img/colour': [ '1.1.0' ],
2457 silly audit   '@img/sharp-darwin-arm64': [ '0.34.5' ],
2457 silly audit   '@img/sharp-darwin-x64': [ '0.34.5' ],
2457 silly audit   '@img/sharp-libvips-darwin-arm64': [ '1.2.4' ],
2457 silly audit   '@img/sharp-libvips-darwin-x64': [ '1.2.4' ],
2457 silly audit   '@img/sharp-libvips-linux-arm': [ '1.2.4' ],
2457 silly audit   '@img/sharp-libvips-linux-arm64': [ '1.2.4' ],
2457 silly audit   '@img/sharp-libvips-linux-ppc64': [ '1.2.4' ],
2457 silly audit   '@img/sharp-libvips-linux-riscv64': [ '1.2.4' ],
2457 silly audit   '@img/sharp-libvips-linux-s390x': [ '1.2.4' ],
2457 silly audit   '@img/sharp-libvips-linux-x64': [ '1.2.4' ],
2457 silly audit   '@img/sharp-libvips-linuxmusl-arm64': [ '1.2.4' ],
2457 silly audit   '@img/sharp-libvips-linuxmusl-x64': [ '1.2.4' ],
2457 silly audit   '@img/sharp-linux-arm': [ '0.34.5' ],
2457 silly audit   '@img/sharp-linux-arm64': [ '0.34.5' ],
2457 silly audit   '@img/sharp-linux-ppc64': [ '0.34.5' ],
2457 silly audit   '@img/sharp-linux-riscv64': [ '0.34.5' ],
2457 silly audit   '@img/sharp-linux-s390x': [ '0.34.5' ],
2457 silly audit   '@img/sharp-linux-x64': [ '0.34.5' ],
2457 silly audit   '@img/sharp-linuxmusl-arm64': [ '0.34.5' ],
2457 silly audit   '@img/sharp-linuxmusl-x64': [ '0.34.5' ],
2457 silly audit   '@img/sharp-wasm32': [ '0.34.5' ],
2457 silly audit   '@img/sharp-win32-arm64': [ '0.34.5' ],
2457 silly audit   '@img/sharp-win32-ia32': [ '0.34.5' ],
2457 silly audit   '@img/sharp-win32-x64': [ '0.34.5' ],
2457 silly audit   '@emnapi/runtime': [ '1.8.1' ],
2457 silly audit   'shebang-regex': [ '3.0.0' ],
2457 silly audit   'side-channel-list': [ '1.0.0' ],
2457 silly audit   'side-channel-map': [ '1.0.1' ],
2457 silly audit   'side-channel-weakmap': [ '1.0.2' ],
2457 silly audit   'client-only': [ '0.0.1' ],
2457 silly audit   'has-flag': [ '4.0.0' ],
2457 silly audit   fdir: [ '6.5.0' ],
2457 silly audit   'is-number': [ '7.0.0' ],
2457 silly audit   '@types/json5': [ '0.0.29' ],
2457 silly audit   minimist: [ '1.2.8' ],
2457 silly audit   'strip-bom': [ '3.0.0' ],
2457 silly audit   'for-each': [ '0.3.5' ],
2457 silly audit   'reflect.getprototypeof': [ '1.0.10' ],
2457 silly audit   'which-builtin-type': [ '1.2.1' ],
2457 silly audit   '@typescript-eslint/eslint-plugin': [ '8.57.0' ],
2457 silly audit   '@typescript-eslint/parser': [ '8.57.0' ],
2457 silly audit   '@typescript-eslint/typescript-estree': [ '8.57.0' ],
2457 silly audit   '@typescript-eslint/utils': [ '8.57.0' ],
2457 silly audit   '@typescript-eslint/scope-manager': [ '8.57.0' ],
2457 silly audit   '@typescript-eslint/type-utils': [ '8.57.0' ],
2457 silly audit   '@typescript-eslint/visitor-keys': [ '8.57.0' ],
2457 silly audit   'ts-api-utils': [ '2.4.0' ],
2457 silly audit   '@typescript-eslint/types': [ '8.57.0' ],
2457 silly audit   '@typescript-eslint/project-service': [ '8.57.0' ],
2457 silly audit   '@typescript-eslint/tsconfig-utils': [ '8.57.0' ],
2457 silly audit   'has-bigints': [ '1.1.0' ],
2457 silly audit   'which-boxed-primitive': [ '1.1.1' ],
2457 silly audit   '@unrs/resolver-binding-android-arm-eabi': [ '1.11.1' ],
2457 silly audit   '@unrs/resolver-binding-android-arm64': [ '1.11.1' ],
2457 silly audit   '@unrs/resolver-binding-darwin-arm64': [ '1.11.1' ],
2457 silly audit   '@unrs/resolver-binding-darwin-x64': [ '1.11.1' ],
2457 silly audit   '@unrs/resolver-binding-freebsd-x64': [ '1.11.1' ],
2457 silly audit   '@unrs/resolver-binding-linux-arm-gnueabihf': [ '1.11.1' ],
2457 silly audit   '@unrs/resolver-binding-linux-arm-musleabihf': [ '1.11.1' ],
2457 silly audit   '@unrs/resolver-binding-linux-arm64-gnu': [ '1.11.1' ],
2457 silly audit   '@unrs/resolver-binding-linux-arm64-musl': [ '1.11.1' ],
2457 silly audit   '@unrs/resolver-binding-linux-ppc64-gnu': [ '1.11.1' ],
2457 silly audit   '@unrs/resolver-binding-linux-riscv64-gnu': [ '1.11.1' ],
2457 silly audit   '@unrs/resolver-binding-linux-riscv64-musl': [ '1.11.1' ],
2457 silly audit   '@unrs/resolver-binding-linux-s390x-gnu': [ '1.11.1' ],
2457 silly audit   '@unrs/resolver-binding-linux-x64-gnu': [ '1.11.1' ],
2457 silly audit   '@unrs/resolver-binding-linux-x64-musl': [ '1.11.1' ],
2457 silly audit   '@unrs/resolver-binding-wasm32-wasi': [ '1.11.1' ],
2457 silly audit   '@unrs/resolver-binding-win32-arm64-msvc': [ '1.11.1' ],
2457 silly audit   '@unrs/resolver-binding-win32-ia32-msvc': [ '1.11.1' ],
2457 silly audit   '@unrs/resolver-binding-win32-x64-msvc': [ '1.11.1' ],
2457 silly audit   'napi-postinstall': [ '0.3.4' ],
2457 silly audit   '@napi-rs/wasm-runtime': [ '0.2.12' ],
2457 silly audit   '@emnapi/core': [ '1.8.1' ],
2457 silly audit   '@tybys/wasm-util': [ '0.10.1' ],
2457 silly audit   '@emnapi/wasi-threads': [ '1.1.0' ],
2457 silly audit   escalade: [ '3.2.0' ],
2457 silly audit   punycode: [ '2.3.1' ],
2457 silly audit   isexe: [ '2.0.0' ],
2457 silly audit   'is-bigint': [ '1.1.0' ],
2457 silly audit   'is-boolean-object': [ '1.2.2' ],
2457 silly audit   'is-number-object': [ '1.1.1' ],
2457 silly audit   'is-async-function': [ '2.1.1' ],
2457 silly audit   'is-finalizationregistry': [ '1.1.1' ],
2457 silly audit   'is-generator-function': [ '1.1.2' ],
2457 silly audit   'which-collection': [ '1.0.2' ],
2457 silly audit   'async-function': [ '1.0.0' ],
2457 silly audit   'generator-function': [ '2.0.1' ],
2457 silly audit   'is-map': [ '2.0.3' ],
2457 silly audit   'is-weakmap': [ '2.0.2' ],
2457 silly audit   'is-weakset': [ '2.0.4' ],
2457 silly audit   'node-exports-info': [ '1.6.0' ],
2457 silly audit   '@tailwindcss/oxide-wasm32-wasi': [ '4.2.1' ]
2457 silly audit }
2458 verbose reify failed optional dependency /Users/davecarr/Desktop/Floral pos system/floravision/node_modules/@unrs/resolver-binding-win32-x64-msvc
2459 silly reify mark deleted [
2459 silly reify   '/Users/davecarr/Desktop/Floral pos system/floravision/node_modules/@unrs/resolver-binding-win32-x64-msvc'
2459 silly reify ]
2460 verbose reify failed optional dependency /Users/davecarr/Desktop/Floral pos system/floravision/node_modules/@unrs/resolver-binding-win32-ia32-msvc
2461 silly reify mark deleted [
2461 silly reify   '/Users/davecarr/Desktop/Floral pos system/floravision/node_modules/@unrs/resolver-binding-win32-ia32-msvc'
2461 silly reify ]
2462 verbose reify failed optional dependency /Users/davecarr/Desktop/Floral pos system/floravision/node_modules/@unrs/resolver-binding-win32-arm64-msvc
2463 silly reify mark deleted [
2463 silly reify   '/Users/davecarr/Desktop/Floral pos system/floravision/node_modules/@unrs/resolver-binding-win32-arm64-msvc'
2463 silly reify ]
2464 verbose reify failed optional dependency /Users/davecarr/Desktop/Floral pos system/floravision/node_modules/@unrs/resolver-binding-wasm32-wasi
2465 silly reify mark deleted [
2465 silly reify   '/Users/davecarr/Desktop/Floral pos system/floravision/node_modules/@unrs/resolver-binding-wasm32-wasi'
2465 silly reify ]
2466 verbose reify failed optional dependency /Users/davecarr/Desktop/Floral pos system/floravision/node_modules/@unrs/resolver-binding-linux-x64-musl
2467 silly reify mark deleted [
2467 silly reify   '/Users/davecarr/Desktop/Floral pos system/floravision/node_modules/@unrs/resolver-binding-linux-x64-musl'
2467 silly reify ]
2468 verbose reify failed optional dependency /Users/davecarr/Desktop/Floral pos system/floravision/node_modules/@unrs/resolver-binding-linux-x64-gnu
2469 silly reify mark deleted [
2469 silly reify   '/Users/davecarr/Desktop/Floral pos system/floravision/node_modules/@unrs/resolver-binding-linux-x64-gnu'
2469 silly reify ]
2470 verbose reify failed optional dependency /Users/davecarr/Desktop/Floral pos system/floravision/node_modules/@unrs/resolver-binding-linux-s390x-gnu
2471 silly reify mark deleted [
2471 silly reify   '/Users/davecarr/Desktop/Floral pos system/floravision/node_modules/@unrs/resolver-binding-linux-s390x-gnu'
2471 silly reify ]
2472 verbose reify failed optional dependency /Users/davecarr/Desktop/Floral pos system/floravision/node_modules/@unrs/resolver-binding-linux-riscv64-musl
2473 silly reify mark deleted [
2473 silly reify   '/Users/davecarr/Desktop/Floral pos system/floravision/node_modules/@unrs/resolver-binding-linux-riscv64-musl'
2473 silly reify ]
2474 verbose reify failed optional dependency /Users/davecarr/Desktop/Floral pos system/floravision/node_modules/@unrs/resolver-binding-linux-riscv64-gnu
2475 silly reify mark deleted [
2475 silly reify   '/Users/davecarr/Desktop/Floral pos system/floravision/node_modules/@unrs/resolver-binding-linux-riscv64-gnu'
2475 silly reify ]
2476 verbose reify failed optional dependency /Users/davecarr/Desktop/Floral pos system/floravision/node_modules/@unrs/resolver-binding-linux-ppc64-gnu
2477 silly reify mark deleted [
2477 silly reify   '/Users/davecarr/Desktop/Floral pos system/floravision/node_modules/@unrs/resolver-binding-linux-ppc64-gnu'
2477 silly reify ]
2478 verbose reify failed optional dependency /Users/davecarr/Desktop/Floral pos system/floravision/node_modules/@unrs/resolver-binding-linux-arm64-musl
2479 silly reify mark deleted [
2479 silly reify   '/Users/davecarr/Desktop/Floral pos system/floravision/node_modules/@unrs/resolver-binding-linux-arm64-musl'
2479 silly reify ]
2480 verbose reify failed optional dependency /Users/davecarr/Desktop/Floral pos system/floravision/node_modules/@unrs/resolver-binding-linux-arm64-gnu
2481 silly reify mark deleted [
2481 silly reify   '/Users/davecarr/Desktop/Floral pos system/floravision/node_modules/@unrs/resolver-binding-linux-arm64-gnu'
2481 silly reify ]
2482 verbose reify failed optional dependency /Users/davecarr/Desktop/Floral pos system/floravision/node_modules/@unrs/resolver-binding-linux-arm-musleabihf
2483 silly reify mark deleted [
2483 silly reify   '/Users/davecarr/Desktop/Floral pos system/floravision/node_modules/@unrs/resolver-binding-linux-arm-musleabihf'
2483 silly reify ]
2484 verbose reify failed optional dependency /Users/davecarr/Desktop/Floral pos system/floravision/node_modules/@unrs/resolver-binding-linux-arm-gnueabihf
2485 silly reify mark deleted [
2485 silly reify   '/Users/davecarr/Desktop/Floral pos system/floravision/node_modules/@unrs/resolver-binding-linux-arm-gnueabihf'
2485 silly reify ]
2486 verbose reify failed optional dependency /Users/davecarr/Desktop/Floral pos system/floravision/node_modules/@unrs/resolver-binding-freebsd-x64
2487 silly reify mark deleted [
2487 silly reify   '/Users/davecarr/Desktop/Floral pos system/floravision/node_modules/@unrs/resolver-binding-freebsd-x64'
2487 silly reify ]
2488 verbose reify failed optional dependency /Users/davecarr/Desktop/Floral pos system/floravision/node_modules/@unrs/resolver-binding-darwin-x64
2489 silly reify mark deleted [
2489 silly reify   '/Users/davecarr/Desktop/Floral pos system/floravision/node_modules/@unrs/resolver-binding-darwin-x64'
2489 silly reify ]
2490 verbose reify failed optional dependency /Users/davecarr/Desktop/Floral pos system/floravision/node_modules/@unrs/resolver-binding-android-arm64
2491 silly reify mark deleted [
2491 silly reify   '/Users/davecarr/Desktop/Floral pos system/floravision/node_modules/@unrs/resolver-binding-android-arm64'
2491 silly reify ]
2492 verbose reify failed optional dependency /Users/davecarr/Desktop/Floral pos system/floravision/node_modules/@unrs/resolver-binding-android-arm-eabi
2493 silly reify mark deleted [
2493 silly reify   '/Users/davecarr/Desktop/Floral pos system/floravision/node_modules/@unrs/resolver-binding-android-arm-eabi'
2493 silly reify ]
2494 verbose reify failed optional dependency /Users/davecarr/Desktop/Floral pos system/floravision/node_modules/@img/sharp-win32-x64
2495 silly reify mark deleted [
2495 silly reify   '/Users/davecarr/Desktop/Floral pos system/floravision/node_modules/@img/sharp-win32-x64'
2495 silly reify ]
2496 verbose reify failed optional dependency /Users/davecarr/Desktop/Floral pos system/floravision/node_modules/@img/sharp-win32-ia32
2497 silly reify mark deleted [
2497 silly reify   '/Users/davecarr/Desktop/Floral pos system/floravision/node_modules/@img/sharp-win32-ia32'
2497 silly reify ]
2498 verbose reify failed optional dependency /Users/davecarr/Desktop/Floral pos system/floravision/node_modules/@img/sharp-win32-arm64
2499 silly reify mark deleted [
2499 silly reify   '/Users/davecarr/Desktop/Floral pos system/floravision/node_modules/@img/sharp-win32-arm64'
2499 silly reify ]
2500 verbose reify failed optional dependency /Users/davecarr/Desktop/Floral pos system/floravision/node_modules/@img/sharp-wasm32
2501 silly reify mark deleted [
2501 silly reify   '/Users/davecarr/Desktop/Floral pos system/floravision/node_modules/@img/sharp-wasm32'
2501 silly reify ]
2502 verbose reify failed optional dependency /Users/davecarr/Desktop/Floral pos system/floravision/node_modules/@img/sharp-linuxmusl-x64
2503 silly reify mark deleted [
2503 silly reify   '/Users/davecarr/Desktop/Floral pos system/floravision/node_modules/@img/sharp-linuxmusl-x64'
2503 silly reify ]
2504 verbose reify failed optional dependency /Users/davecarr/Desktop/Floral pos system/floravision/node_modules/@img/sharp-linuxmusl-arm64
2505 silly reify mark deleted [
2505 silly reify   '/Users/davecarr/Desktop/Floral pos system/floravision/node_modules/@img/sharp-linuxmusl-arm64'
2505 silly reify ]
2506 verbose reify failed optional dependency /Users/davecarr/Desktop/Floral pos system/floravision/node_modules/@img/sharp-linux-x64
2507 silly reify mark deleted [
2507 silly reify   '/Users/davecarr/Desktop/Floral pos system/floravision/node_modules/@img/sharp-linux-x64'
2507 silly reify ]
2508 verbose reify failed optional dependency /Users/davecarr/Desktop/Floral pos system/floravision/node_modules/@img/sharp-linux-s390x
2509 silly reify mark deleted [
2509 silly reify   '/Users/davecarr/Desktop/Floral pos system/floravision/node_modules/@img/sharp-linux-s390x'
2509 silly reify ]
2510 verbose reify failed optional dependency /Users/davecarr/Desktop/Floral pos system/floravision/node_modules/@img/sharp-linux-riscv64
2511 silly reify mark deleted [
2511 silly reify   '/Users/davecarr/Desktop/Floral pos system/floravision/node_modules/@img/sharp-linux-riscv64'
2511 silly reify ]
2512 verbose reify failed optional dependency /Users/davecarr/Desktop/Floral pos system/floravision/node_modules/@img/sharp-linux-ppc64
2513 silly reify mark deleted [
2513 silly reify   '/Users/davecarr/Desktop/Floral pos system/floravision/node_modules/@img/sharp-linux-ppc64'
2513 silly reify ]
2514 verbose reify failed optional dependency /Users/davecarr/Desktop/Floral pos system/floravision/node_modules/@img/sharp-linux-arm64
2515 silly reify mark deleted [
2515 silly reify   '/Users/davecarr/Desktop/Floral pos system/floravision/node_modules/@img/sharp-linux-arm64'
2515 silly reify ]
2516 verbose reify failed optional dependency /Users/davecarr/Desktop/Floral pos system/floravision/node_modules/@img/sharp-linux-arm
2517 silly reify mark deleted [
2517 silly reify   '/Users/davecarr/Desktop/Floral pos system/floravision/node_modules/@img/sharp-linux-arm'
2517 silly reify ]
2518 verbose reify failed optional dependency /Users/davecarr/Desktop/Floral pos system/floravision/node_modules/@img/sharp-libvips-linuxmusl-x64
2519 silly reify mark deleted [
2519 silly reify   '/Users/davecarr/Desktop/Floral pos system/floravision/node_modules/@img/sharp-libvips-linuxmusl-x64'
2519 silly reify ]
2520 verbose reify failed optional dependency /Users/davecarr/Desktop/Floral pos system/floravision/node_modules/@img/sharp-libvips-linuxmusl-arm64
2521 silly reify mark deleted [
2521 silly reify   '/Users/davecarr/Desktop/Floral pos system/floravision/node_modules/@img/sharp-libvips-linuxmusl-arm64'
2521 silly reify ]
2522 verbose reify failed optional dependency /Users/davecarr/Desktop/Floral pos system/floravision/node_modules/@img/sharp-libvips-linux-x64
2523 silly reify mark deleted [
2523 silly reify   '/Users/davecarr/Desktop/Floral pos system/floravision/node_modules/@img/sharp-libvips-linux-x64'
2523 silly reify ]
2524 verbose reify failed optional dependency /Users/davecarr/Desktop/Floral pos system/floravision/node_modules/@img/sharp-libvips-linux-s390x
2525 silly reify mark deleted [
2525 silly reify   '/Users/davecarr/Desktop/Floral pos system/floravision/node_modules/@img/sharp-libvips-linux-s390x'
2525 silly reify ]
2526 verbose reify failed optional dependency /Users/davecarr/Desktop/Floral pos system/floravision/node_modules/@img/sharp-libvips-linux-riscv64
2527 silly reify mark deleted [
2527 silly reify   '/Users/davecarr/Desktop/Floral pos system/floravision/node_modules/@img/sharp-libvips-linux-riscv64'
2527 silly reify ]
2528 verbose reify failed optional dependency /Users/davecarr/Desktop/Floral pos system/floravision/node_modules/@img/sharp-libvips-linux-ppc64
2529 silly reify mark deleted [
2529 silly reify   '/Users/davecarr/Desktop/Floral pos system/floravision/node_modules/@img/sharp-libvips-linux-ppc64'
2529 silly reify ]
2530 verbose reify failed optional dependency /Users/davecarr/Desktop/Floral pos system/floravision/node_modules/@img/sharp-libvips-linux-arm64
2531 silly reify mark deleted [
2531 silly reify   '/Users/davecarr/Desktop/Floral pos system/floravision/node_modules/@img/sharp-libvips-linux-arm64'
2531 silly reify ]
2532 verbose reify failed optional dependency /Users/davecarr/Desktop/Floral pos system/floravision/node_modules/@img/sharp-libvips-linux-arm
2533 silly reify mark deleted [
2533 silly reify   '/Users/davecarr/Desktop/Floral pos system/floravision/node_modules/@img/sharp-libvips-linux-arm'
2533 silly reify ]
2534 verbose reify failed optional dependency /Users/davecarr/Desktop/Floral pos system/floravision/node_modules/@img/sharp-libvips-darwin-x64
2535 silly reify mark deleted [
2535 silly reify   '/Users/davecarr/Desktop/Floral pos system/floravision/node_modules/@img/sharp-libvips-darwin-x64'
2535 silly reify ]
2536 verbose reify failed optional dependency /Users/davecarr/Desktop/Floral pos system/floravision/node_modules/@img/sharp-darwin-x64
2537 silly reify mark deleted [
2537 silly reify   '/Users/davecarr/Desktop/Floral pos system/floravision/node_modules/@img/sharp-darwin-x64'
2537 silly reify ]
2538 verbose reify failed optional dependency /Users/davecarr/Desktop/Floral pos system/floravision/node_modules/@next/swc-win32-x64-msvc
2539 silly reify mark deleted [
2539 silly reify   '/Users/davecarr/Desktop/Floral pos system/floravision/node_modules/@next/swc-win32-x64-msvc'
2539 silly reify ]
2540 verbose reify failed optional dependency /Users/davecarr/Desktop/Floral pos system/floravision/node_modules/@next/swc-win32-arm64-msvc
2541 silly reify mark deleted [
2541 silly reify   '/Users/davecarr/Desktop/Floral pos system/floravision/node_modules/@next/swc-win32-arm64-msvc'
2541 silly reify ]
2542 verbose reify failed optional dependency /Users/davecarr/Desktop/Floral pos system/floravision/node_modules/@next/swc-linux-x64-musl
2543 silly reify mark deleted [
2543 silly reify   '/Users/davecarr/Desktop/Floral pos system/floravision/node_modules/@next/swc-linux-x64-musl'
2543 silly reify ]
2544 verbose reify failed optional dependency /Users/davecarr/Desktop/Floral pos system/floravision/node_modules/@next/swc-linux-x64-gnu
2545 silly reify mark deleted [
2545 silly reify   '/Users/davecarr/Desktop/Floral pos system/floravision/node_modules/@next/swc-linux-x64-gnu'
2545 silly reify ]
2546 verbose reify failed optional dependency /Users/davecarr/Desktop/Floral pos system/floravision/node_modules/@next/swc-linux-arm64-musl
2547 silly reify mark deleted [
2547 silly reify   '/Users/davecarr/Desktop/Floral pos system/floravision/node_modules/@next/swc-linux-arm64-musl'
2547 silly reify ]
2548 verbose reify failed optional dependency /Users/davecarr/Desktop/Floral pos system/floravision/node_modules/@next/swc-linux-arm64-gnu
2549 silly reify mark deleted [
2549 silly reify   '/Users/davecarr/Desktop/Floral pos system/floravision/node_modules/@next/swc-linux-arm64-gnu'
2549 silly reify ]
2550 verbose reify failed optional dependency /Users/davecarr/Desktop/Floral pos system/floravision/node_modules/@next/swc-darwin-x64
2551 silly reify mark deleted [
2551 silly reify   '/Users/davecarr/Desktop/Floral pos system/floravision/node_modules/@next/swc-darwin-x64'
2551 silly reify ]
2552 verbose reify failed optional dependency /Users/davecarr/Desktop/Floral pos system/floravision/node_modules/lightningcss-win32-x64-msvc
2553 silly reify mark deleted [
2553 silly reify   '/Users/davecarr/Desktop/Floral pos system/floravision/node_modules/lightningcss-win32-x64-msvc'
2553 silly reify ]
2554 verbose reify failed optional dependency /Users/davecarr/Desktop/Floral pos system/floravision/node_modules/lightningcss-win32-arm64-msvc
2555 silly reify mark deleted [
2555 silly reify   '/Users/davecarr/Desktop/Floral pos system/floravision/node_modules/lightningcss-win32-arm64-msvc'
2555 silly reify ]
2556 verbose reify failed optional dependency /Users/davecarr/Desktop/Floral pos system/floravision/node_modules/lightningcss-linux-x64-musl
2557 silly reify mark deleted [
2557 silly reify   '/Users/davecarr/Desktop/Floral pos system/floravision/node_modules/lightningcss-linux-x64-musl'
2557 silly reify ]
2558 verbose reify failed optional dependency /Users/davecarr/Desktop/Floral pos system/floravision/node_modules/lightningcss-linux-x64-gnu
2559 silly reify mark deleted [
2559 silly reify   '/Users/davecarr/Desktop/Floral pos system/floravision/node_modules/lightningcss-linux-x64-gnu'
2559 silly reify ]
2560 verbose reify failed optional dependency /Users/davecarr/Desktop/Floral pos system/floravision/node_modules/lightningcss-linux-arm64-musl
2561 silly reify mark deleted [
2561 silly reify   '/Users/davecarr/Desktop/Floral pos system/floravision/node_modules/lightningcss-linux-arm64-musl'
2561 silly reify ]
2562 verbose reify failed optional dependency /Users/davecarr/Desktop/Floral pos system/floravision/node_modules/lightningcss-linux-arm64-gnu
2563 silly reify mark deleted [
2563 silly reify   '/Users/davecarr/Desktop/Floral pos system/floravision/node_modules/lightningcss-linux-arm64-gnu'
2563 silly reify ]
2564 verbose reify failed optional dependency /Users/davecarr/Desktop/Floral pos system/floravision/node_modules/lightningcss-linux-arm-gnueabihf
2565 silly reify mark deleted [
2565 silly reify   '/Users/davecarr/Desktop/Floral pos system/floravision/node_modules/lightningcss-linux-arm-gnueabihf'
2565 silly reify ]
2566 verbose reify failed optional dependency /Users/davecarr/Desktop/Floral pos system/floravision/node_modules/lightningcss-freebsd-x64
2567 silly reify mark deleted [
2567 silly reify   '/Users/davecarr/Desktop/Floral pos system/floravision/node_modules/lightningcss-freebsd-x64'
2567 silly reify ]
2568 verbose reify failed optional dependency /Users/davecarr/Desktop/Floral pos system/floravision/node_modules/lightningcss-darwin-x64
2569 silly reify mark deleted [
2569 silly reify   '/Users/davecarr/Desktop/Floral pos system/floravision/node_modules/lightningcss-darwin-x64'
2569 silly reify ]
2570 verbose reify failed optional dependency /Users/davecarr/Desktop/Floral pos system/floravision/node_modules/lightningcss-android-arm64
2571 silly reify mark deleted [
2571 silly reify   '/Users/davecarr/Desktop/Floral pos system/floravision/node_modules/lightningcss-android-arm64'
2571 silly reify ]
2572 verbose reify failed optional dependency /Users/davecarr/Desktop/Floral pos system/floravision/node_modules/@tailwindcss/oxide-win32-x64-msvc
2573 silly reify mark deleted [
2573 silly reify   '/Users/davecarr/Desktop/Floral pos system/floravision/node_modules/@tailwindcss/oxide-win32-x64-msvc'
2573 silly reify ]
2574 verbose reify failed optional dependency /Users/davecarr/Desktop/Floral pos system/floravision/node_modules/@tailwindcss/oxide-win32-arm64-msvc
2575 silly reify mark deleted [
2575 silly reify   '/Users/davecarr/Desktop/Floral pos system/floravision/node_modules/@tailwindcss/oxide-win32-arm64-msvc'
2575 silly reify ]
2576 verbose reify failed optional dependency /Users/davecarr/Desktop/Floral pos system/floravision/node_modules/@tailwindcss/oxide-linux-x64-musl
2577 silly reify mark deleted [
2577 silly reify   '/Users/davecarr/Desktop/Floral pos system/floravision/node_modules/@tailwindcss/oxide-linux-x64-musl'
2577 silly reify ]
2578 verbose reify failed optional dependency /Users/davecarr/Desktop/Floral pos system/floravision/node_modules/@tailwindcss/oxide-linux-x64-gnu
2579 silly reify mark deleted [
2579 silly reify   '/Users/davecarr/Desktop/Floral pos system/floravision/node_modules/@tailwindcss/oxide-linux-x64-gnu'
2579 silly reify ]
2580 verbose reify failed optional dependency /Users/davecarr/Desktop/Floral pos system/floravision/node_modules/@tailwindcss/oxide-linux-arm64-musl
2581 silly reify mark deleted [
2581 silly reify   '/Users/davecarr/Desktop/Floral pos system/floravision/node_modules/@tailwindcss/oxide-linux-arm64-musl'
2581 silly reify ]
2582 verbose reify failed optional dependency /Users/davecarr/Desktop/Floral pos system/floravision/node_modules/@tailwindcss/oxide-linux-arm64-gnu
2583 silly reify mark deleted [
2583 silly reify   '/Users/davecarr/Desktop/Floral pos system/floravision/node_modules/@tailwindcss/oxide-linux-arm64-gnu'
2583 silly reify ]
2584 verbose reify failed optional dependency /Users/davecarr/Desktop/Floral pos system/floravision/node_modules/@tailwindcss/oxide-linux-arm-gnueabihf
2585 silly reify mark deleted [
2585 silly reify   '/Users/davecarr/Desktop/Floral pos system/floravision/node_modules/@tailwindcss/oxide-linux-arm-gnueabihf'
2585 silly reify ]
2586 verbose reify failed optional dependency /Users/davecarr/Desktop/Floral pos system/floravision/node_modules/@tailwindcss/oxide-freebsd-x64
2587 silly reify mark deleted [
2587 silly reify   '/Users/davecarr/Desktop/Floral pos system/floravision/node_modules/@tailwindcss/oxide-freebsd-x64'
2587 silly reify ]
2588 verbose reify failed optional dependency /Users/davecarr/Desktop/Floral pos system/floravision/node_modules/@tailwindcss/oxide-darwin-x64
2589 silly reify mark deleted [
2589 silly reify   '/Users/davecarr/Desktop/Floral pos system/floravision/node_modules/@tailwindcss/oxide-darwin-x64'
2589 silly reify ]
2590 verbose reify failed optional dependency /Users/davecarr/Desktop/Floral pos system/floravision/node_modules/@tailwindcss/oxide-android-arm64
2591 silly reify mark deleted [
2591 silly reify   '/Users/davecarr/Desktop/Floral pos system/floravision/node_modules/@tailwindcss/oxide-android-arm64'
2591 silly reify ]
2592 http cache is-weakset@https://registry.npmjs.org/is-weakset/-/is-weakset-2.0.4.tgz 0ms (cache hit)
2593 http cache node-exports-info@https://registry.npmjs.org/node-exports-info/-/node-exports-info-1.6.0.tgz 0ms (cache hit)
2594 http cache is-map@https://registry.npmjs.org/is-map/-/is-map-2.0.3.tgz 0ms (cache hit)
2595 http cache async-function@https://registry.npmjs.org/async-function/-/async-function-1.0.0.tgz 0ms (cache hit)
2596 http cache is-weakmap@https://registry.npmjs.org/is-weakmap/-/is-weakmap-2.0.2.tgz 0ms (cache hit)
2597 http cache which-collection@https://registry.npmjs.org/which-collection/-/which-collection-1.0.2.tgz 0ms (cache hit)
2598 http cache is-generator-function@https://registry.npmjs.org/is-generator-function/-/is-generator-function-1.1.2.tgz 0ms (cache hit)
2599 http cache is-finalizationregistry@https://registry.npmjs.org/is-finalizationregistry/-/is-finalizationregistry-1.1.1.tgz 0ms (cache hit)
2600 http cache is-async-function@https://registry.npmjs.org/is-async-function/-/is-async-function-2.1.1.tgz 0ms (cache hit)
2601 http cache generator-function@https://registry.npmjs.org/generator-function/-/generator-function-2.0.1.tgz 0ms (cache hit)
2602 http cache is-number-object@https://registry.npmjs.org/is-number-object/-/is-number-object-1.1.1.tgz 0ms (cache hit)
2603 http cache is-boolean-object@https://registry.npmjs.org/is-boolean-object/-/is-boolean-object-1.2.2.tgz 0ms (cache hit)
2604 http cache is-bigint@https://registry.npmjs.org/is-bigint/-/is-bigint-1.1.0.tgz 0ms (cache hit)
2605 http cache isexe@https://registry.npmjs.org/isexe/-/isexe-2.0.0.tgz 0ms (cache hit)
2606 http cache punycode@https://registry.npmjs.org/punycode/-/punycode-2.3.1.tgz 0ms (cache hit)
2607 http cache escalade@https://registry.npmjs.org/escalade/-/escalade-3.2.0.tgz 0ms (cache hit)
2608 http cache @napi-rs/wasm-runtime@https://registry.npmjs.org/@napi-rs/wasm-runtime/-/wasm-runtime-0.2.12.tgz 0ms (cache hit)
2609 http cache @emnapi/core@https://registry.npmjs.org/@emnapi/core/-/core-1.8.1.tgz 0ms (cache hit)
2610 http cache @tybys/wasm-util@https://registry.npmjs.org/@tybys/wasm-util/-/wasm-util-0.10.1.tgz 0ms (cache hit)
2611 http cache napi-postinstall@https://registry.npmjs.org/napi-postinstall/-/napi-postinstall-0.3.4.tgz 0ms (cache hit)
2612 http cache @unrs/resolver-binding-darwin-arm64@https://registry.npmjs.org/@unrs/resolver-binding-darwin-arm64/-/resolver-binding-darwin-arm64-1.11.1.tgz 0ms (cache hit)
2613 http cache @typescript-eslint/tsconfig-utils@https://registry.npmjs.org/@typescript-eslint/tsconfig-utils/-/tsconfig-utils-8.57.0.tgz 0ms (cache hit)
2614 http cache which-boxed-primitive@https://registry.npmjs.org/which-boxed-primitive/-/which-boxed-primitive-1.1.1.tgz 0ms (cache hit)
2615 http cache has-bigints@https://registry.npmjs.org/has-bigints/-/has-bigints-1.1.0.tgz 0ms (cache hit)
2616 http cache @typescript-eslint/project-service@https://registry.npmjs.org/@typescript-eslint/project-service/-/project-service-8.57.0.tgz 0ms (cache hit)
2617 http cache @typescript-eslint/types@https://registry.npmjs.org/@typescript-eslint/types/-/types-8.57.0.tgz 0ms (cache hit)
2618 http cache ts-api-utils@https://registry.npmjs.org/ts-api-utils/-/ts-api-utils-2.4.0.tgz 0ms (cache hit)
2619 http cache @typescript-eslint/type-utils@https://registry.npmjs.org/@typescript-eslint/type-utils/-/type-utils-8.57.0.tgz 0ms (cache hit)
2620 http cache @typescript-eslint/visitor-keys@https://registry.npmjs.org/@typescript-eslint/visitor-keys/-/visitor-keys-8.57.0.tgz 0ms (cache hit)
2621 http cache @typescript-eslint/utils@https://registry.npmjs.org/@typescript-eslint/utils/-/utils-8.57.0.tgz 0ms (cache hit)
2622 http cache @typescript-eslint/typescript-estree@https://registry.npmjs.org/@typescript-eslint/typescript-estree/-/typescript-estree-8.57.0.tgz 0ms (cache hit)
2623 http cache @typescript-eslint/scope-manager@https://registry.npmjs.org/@typescript-eslint/scope-manager/-/scope-manager-8.57.0.tgz 0ms (cache hit)
2624 http cache which-builtin-type@https://registry.npmjs.org/which-builtin-type/-/which-builtin-type-1.2.1.tgz 0ms (cache hit)
2625 http cache @typescript-eslint/parser@https://registry.npmjs.org/@typescript-eslint/parser/-/parser-8.57.0.tgz 0ms (cache hit)
2626 http cache @typescript-eslint/eslint-plugin@https://registry.npmjs.org/@typescript-eslint/eslint-plugin/-/eslint-plugin-8.57.0.tgz 0ms (cache hit)
2627 http cache @emnapi/wasi-threads@https://registry.npmjs.org/@emnapi/wasi-threads/-/wasi-threads-1.1.0.tgz 0ms (cache hit)
2628 http cache for-each@https://registry.npmjs.org/for-each/-/for-each-0.3.5.tgz 0ms (cache hit)
2629 http cache reflect.getprototypeof@https://registry.npmjs.org/reflect.getprototypeof/-/reflect.getprototypeof-1.0.10.tgz 0ms (cache hit)
2630 http cache minimist@https://registry.npmjs.org/minimist/-/minimist-1.2.8.tgz 0ms (cache hit)
2631 http cache is-number@https://registry.npmjs.org/is-number/-/is-number-7.0.0.tgz 0ms (cache hit)
2632 http cache client-only@https://registry.npmjs.org/client-only/-/client-only-0.0.1.tgz 0ms (cache hit)
2633 http cache @types/json5@https://registry.npmjs.org/@types/json5/-/json5-0.0.29.tgz 0ms (cache hit)
2634 http cache side-channel-map@https://registry.npmjs.org/side-channel-map/-/side-channel-map-1.0.1.tgz 0ms (cache hit)
2635 http cache has-flag@https://registry.npmjs.org/has-flag/-/has-flag-4.0.0.tgz 0ms (cache hit)
2636 http cache strip-bom@https://registry.npmjs.org/strip-bom/-/strip-bom-3.0.0.tgz 0ms (cache hit)
2637 http cache @emnapi/runtime@https://registry.npmjs.org/@emnapi/runtime/-/runtime-1.8.1.tgz 0ms (cache hit)
2638 http cache side-channel-weakmap@https://registry.npmjs.org/side-channel-weakmap/-/side-channel-weakmap-1.0.2.tgz 0ms (cache hit)
2639 http cache side-channel-list@https://registry.npmjs.org/side-channel-list/-/side-channel-list-1.0.0.tgz 0ms (cache hit)
2640 http cache @img/sharp-darwin-arm64@https://registry.npmjs.org/@img/sharp-darwin-arm64/-/sharp-darwin-arm64-0.34.5.tgz 0ms (cache hit)
2641 http cache @img/colour@https://registry.npmjs.org/@img/colour/-/colour-1.1.0.tgz 0ms (cache hit)
2642 http cache @img/sharp-libvips-darwin-arm64@https://registry.npmjs.org/@img/sharp-libvips-darwin-arm64/-/sharp-libvips-darwin-arm64-1.2.4.tgz 0ms (cache hit)
2643 http cache queue-microtask@https://registry.npmjs.org/queue-microtask/-/queue-microtask-1.2.3.tgz 0ms (cache hit)
2644 http cache supports-preserve-symlinks-flag@https://registry.npmjs.org/supports-preserve-symlinks-flag/-/supports-preserve-symlinks-flag-1.0.0.tgz 0ms (cache hit)
2645 http cache isarray@https://registry.npmjs.org/isarray/-/isarray-2.0.5.tgz 0ms (cache hit)
2646 http cache react-is@https://registry.npmjs.org/react-is/-/react-is-16.13.1.tgz 0ms (cache hit)
2647 http cache path-parse@https://registry.npmjs.org/path-parse/-/path-parse-1.0.7.tgz 0ms (cache hit)
2648 http cache scheduler@https://registry.npmjs.org/scheduler/-/scheduler-0.27.0.tgz 0ms (cache hit)
2649 http cache object-assign@https://registry.npmjs.org/object-assign/-/object-assign-4.1.1.tgz 0ms (cache hit)
2650 http cache loose-envify@https://registry.npmjs.org/loose-envify/-/loose-envify-1.4.0.tgz 0ms (cache hit)
2651 http cache nanoid@https://registry.npmjs.org/nanoid/-/nanoid-3.3.11.tgz 0ms (cache hit)
2652 http cache p-limit@https://registry.npmjs.org/p-limit/-/p-limit-3.1.0.tgz 0ms (cache hit)
2653 http cache callsites@https://registry.npmjs.org/callsites/-/callsites-3.1.0.tgz 0ms (cache hit)
2654 http cache yocto-queue@https://registry.npmjs.org/yocto-queue/-/yocto-queue-0.1.0.tgz 0ms (cache hit)
2655 http cache shebang-regex@https://registry.npmjs.org/shebang-regex/-/shebang-regex-3.0.0.tgz 0ms (cache hit)
2656 http cache word-wrap@https://registry.npmjs.org/word-wrap/-/word-wrap-1.2.5.tgz 0ms (cache hit)
2657 http cache tslib@https://registry.npmjs.org/tslib/-/tslib-2.8.1.tgz 0ms (cache hit)
2658 http cache fast-levenshtein@https://registry.npmjs.org/fast-levenshtein/-/fast-levenshtein-2.0.6.tgz 0ms (cache hit)
2659 http cache styled-jsx@https://registry.npmjs.org/styled-jsx/-/styled-jsx-5.1.6.tgz 0ms (cache hit)
2660 http cache @swc/helpers@https://registry.npmjs.org/@swc/helpers/-/helpers-0.5.15.tgz 0ms (cache hit)
2661 http cache deep-is@https://registry.npmjs.org/deep-is/-/deep-is-0.1.4.tgz 0ms (cache hit)
2662 http cache @next/swc-darwin-arm64@https://registry.npmjs.org/@next/swc-darwin-arm64/-/swc-darwin-arm64-16.1.6.tgz 0ms (cache hit)
2663 http cache concat-map@https://registry.npmjs.org/concat-map/-/concat-map-0.0.1.tgz 0ms (cache hit)
2664 http cache sharp@https://registry.npmjs.org/sharp/-/sharp-0.34.5.tgz 0ms (cache hit)
2665 http cache @next/env@https://registry.npmjs.org/@next/env/-/env-16.1.6.tgz 0ms (cache hit)
2666 http cache balanced-match@https://registry.npmjs.org/balanced-match/-/balanced-match-1.0.2.tgz 0ms (cache hit)
2667 http cache to-regex-range@https://registry.npmjs.org/to-regex-range/-/to-regex-range-5.0.1.tgz 0ms (cache hit)
2668 http cache braces@https://registry.npmjs.org/braces/-/braces-3.0.3.tgz 0ms (cache hit)
2669 http cache picomatch@https://registry.npmjs.org/picomatch/-/picomatch-2.3.1.tgz 0ms (cache hit)
2670 http cache brace-expansion@https://registry.npmjs.org/brace-expansion/-/brace-expansion-1.1.12.tgz 0ms (cache hit)
2671 http cache yallist@https://registry.npmjs.org/yallist/-/yallist-3.1.1.tgz 0ms (cache hit)
2672 http cache p-locate@https://registry.npmjs.org/p-locate/-/p-locate-5.0.0.tgz 0ms (cache hit)
2673 http cache lightningcss-darwin-arm64@https://registry.npmjs.org/lightningcss-darwin-arm64/-/lightningcss-darwin-arm64-1.31.1.tgz 0ms (cache hit)
2674 http cache fill-range@https://registry.npmjs.org/fill-range/-/fill-range-7.1.1.tgz 0ms (cache hit)
2675 http cache detect-libc@https://registry.npmjs.org/detect-libc/-/detect-libc-2.1.2.tgz 0ms (cache hit)
2676 http cache type-check@https://registry.npmjs.org/type-check/-/type-check-0.4.0.tgz 0ms (cache hit)
2677 http cache json-buffer@https://registry.npmjs.org/json-buffer/-/json-buffer-3.0.1.tgz 0ms (cache hit)
2678 http cache argparse@https://registry.npmjs.org/argparse/-/argparse-2.0.1.tgz 0ms (cache hit)
2679 http cache set-function-name@https://registry.npmjs.org/set-function-name/-/set-function-name-2.0.2.tgz 0ms (cache hit)
2680 http cache is-extglob@https://registry.npmjs.org/is-extglob/-/is-extglob-2.1.1.tgz 0ms (cache hit)
2681 http cache side-channel@https://registry.npmjs.org/side-channel/-/side-channel-1.1.0.tgz 0ms (cache hit)
2682 http cache resolve-from@https://registry.npmjs.org/resolve-from/-/resolve-from-4.0.0.tgz 0ms (cache hit)
2683 http cache parent-module@https://registry.npmjs.org/parent-module/-/parent-module-1.0.1.tgz 0ms (cache hit)
2684 http cache hermes-estree@https://registry.npmjs.org/hermes-estree/-/hermes-estree-0.25.1.tgz 0ms (cache hit)
2685 http cache language-subtag-registry@https://registry.npmjs.org/language-subtag-registry/-/language-subtag-registry-0.3.23.tgz 0ms (cache hit)
2686 http cache resolve-pkg-maps@https://registry.npmjs.org/resolve-pkg-maps/-/resolve-pkg-maps-1.0.0.tgz 0ms (cache hit)
2687 http cache functions-have-names@https://registry.npmjs.org/functions-have-names/-/functions-have-names-1.2.3.tgz 0ms (cache hit)
2688 http cache keyv@https://registry.npmjs.org/keyv/-/keyv-4.5.4.tgz 0ms (cache hit)
2689 http cache path-exists@https://registry.npmjs.org/path-exists/-/path-exists-4.0.0.tgz 0ms (cache hit)
2690 http cache reusify@https://registry.npmjs.org/reusify/-/reusify-1.1.0.tgz 0ms (cache hit)
2691 http cache flatted@https://registry.npmjs.org/flatted/-/flatted-3.4.1.tgz 0ms (cache hit)
2692 http cache run-parallel@https://registry.npmjs.org/run-parallel/-/run-parallel-1.2.0.tgz 0ms (cache hit)
2693 http cache dunder-proto@https://registry.npmjs.org/dunder-proto/-/dunder-proto-1.0.1.tgz 0ms (cache hit)
2694 http cache locate-path@https://registry.npmjs.org/locate-path/-/locate-path-6.0.0.tgz 0ms (cache hit)
2695 http cache prelude-ls@https://registry.npmjs.org/prelude-ls/-/prelude-ls-1.2.1.tgz 0ms (cache hit)
2696 http cache fastq@https://registry.npmjs.org/fastq/-/fastq-1.20.1.tgz 0ms (cache hit)
2697 http cache @nodelib/fs.scandir@https://registry.npmjs.org/@nodelib/fs.scandir/-/fs.scandir-2.1.5.tgz 0ms (cache hit)
2698 http cache micromatch@https://registry.npmjs.org/micromatch/-/micromatch-4.0.8.tgz 0ms (cache hit)
2699 http cache flat-cache@https://registry.npmjs.org/flat-cache/-/flat-cache-4.0.1.tgz 0ms (cache hit)
2700 http cache acorn-jsx@https://registry.npmjs.org/acorn-jsx/-/acorn-jsx-5.3.2.tgz 0ms (cache hit)
2701 http cache @nodelib/fs.stat@https://registry.npmjs.org/@nodelib/fs.stat/-/fs.stat-2.0.5.tgz 0ms (cache hit)
2702 http cache acorn@https://registry.npmjs.org/acorn/-/acorn-8.16.0.tgz 0ms (cache hit)
2703 http cache node-releases@https://registry.npmjs.org/node-releases/-/node-releases-2.0.36.tgz 0ms (cache hit)
2704 http cache esrecurse@https://registry.npmjs.org/esrecurse/-/esrecurse-4.3.0.tgz 0ms (cache hit)
2705 http cache update-browserslist-db@https://registry.npmjs.org/update-browserslist-db/-/update-browserslist-db-1.2.3.tgz 0ms (cache hit)
2706 http cache electron-to-chromium@https://registry.npmjs.org/electron-to-chromium/-/electron-to-chromium-1.5.307.tgz 0ms (cache hit)
2707 http cache merge2@https://registry.npmjs.org/merge2/-/merge2-1.4.1.tgz 0ms (cache hit)
2708 http cache lru-cache@https://registry.npmjs.org/lru-cache/-/lru-cache-5.1.1.tgz 0ms (cache hit)
2709 http cache baseline-browser-mapping@https://registry.npmjs.org/baseline-browser-mapping/-/baseline-browser-mapping-2.10.0.tgz 0ms (cache hit)
2710 http cache @babel/helper-string-parser@https://registry.npmjs.org/@babel/helper-string-parser/-/helper-string-parser-7.27.1.tgz 0ms (cache hit)
2711 http cache caniuse-lite@https://registry.npmjs.org/caniuse-lite/-/caniuse-lite-1.0.30001777.tgz 0ms (cache hit)
2712 http cache browserslist@https://registry.npmjs.org/browserslist/-/browserslist-4.28.1.tgz 0ms (cache hit)
2713 http cache @babel/helper-module-imports@https://registry.npmjs.org/@babel/helper-module-imports/-/helper-module-imports-7.28.6.tgz 0ms (cache hit)
2714 http cache @babel/helper-globals@https://registry.npmjs.org/@babel/helper-globals/-/helper-globals-7.28.0.tgz 0ms (cache hit)
2715 http cache @babel/compat-data@https://registry.npmjs.org/@babel/compat-data/-/compat-data-7.29.0.tgz 0ms (cache hit)
2716 http cache picocolors@https://registry.npmjs.org/picocolors/-/picocolors-1.1.1.tgz 0ms (cache hit)
2717 http cache jsesc@https://registry.npmjs.org/jsesc/-/jsesc-3.1.0.tgz 0ms (cache hit)
2718 http cache js-tokens@https://registry.npmjs.org/js-tokens/-/js-tokens-4.0.0.tgz 0ms (cache hit)
2719 http cache @babel/helper-validator-identifier@https://registry.npmjs.org/@babel/helper-validator-identifier/-/helper-validator-identifier-7.28.5.tgz 0ms (cache hit)
2720 http cache gensync@https://registry.npmjs.org/gensync/-/gensync-1.0.0-beta.2.tgz 0ms (cache hit)
2721 http cache @nodelib/fs.walk@https://registry.npmjs.org/@nodelib/fs.walk/-/fs.walk-1.2.8.tgz 0ms (cache hit)
2722 http cache @babel/types@https://registry.npmjs.org/@babel/types/-/types-7.29.0.tgz 0ms (cache hit)
2723 http cache json5@https://registry.npmjs.org/json5/-/json5-2.2.3.tgz 0ms (cache hit)
2724 http cache convert-source-map@https://registry.npmjs.org/convert-source-map/-/convert-source-map-2.0.0.tgz 0ms (cache hit)
2725 http cache @babel/helpers@https://registry.npmjs.org/@babel/helpers/-/helpers-7.28.6.tgz 0ms (cache hit)
2726 http cache @babel/helper-module-transforms@https://registry.npmjs.org/@babel/helper-module-transforms/-/helper-module-transforms-7.28.6.tgz 0ms (cache hit)
2727 http cache @babel/helper-validator-option@https://registry.npmjs.org/@babel/helper-validator-option/-/helper-validator-option-7.27.1.tgz 0ms (cache hit)
2728 http cache @babel/template@https://registry.npmjs.org/@babel/template/-/template-7.28.6.tgz 0ms (cache hit)
2729 http cache zod@https://registry.npmjs.org/zod/-/zod-4.3.6.tgz 0ms (cache hit)
2730 http cache @babel/traverse@https://registry.npmjs.org/@babel/traverse/-/traverse-7.29.0.tgz 0ms (cache hit)
2731 http cache @babel/helper-compilation-targets@https://registry.npmjs.org/@babel/helper-compilation-targets/-/helper-compilation-targets-7.28.6.tgz 0ms (cache hit)
2732 http cache @babel/generator@https://registry.npmjs.org/@babel/generator/-/generator-7.29.1.tgz 0ms (cache hit)
2733 http cache @babel/parser@https://registry.npmjs.org/@babel/parser/-/parser-7.29.0.tgz 0ms (cache hit)
2734 http cache hermes-parser@https://registry.npmjs.org/hermes-parser/-/hermes-parser-0.25.1.tgz 0ms (cache hit)
2735 http cache @babel/code-frame@https://registry.npmjs.org/@babel/code-frame/-/code-frame-7.29.0.tgz 0ms (cache hit)
2736 http cache @babel/core@https://registry.npmjs.org/@babel/core/-/core-7.29.0.tgz 0ms (cache hit)
2737 http cache string.prototype.matchall@https://registry.npmjs.org/string.prototype.matchall/-/string.prototype.matchall-4.0.12.tgz 0ms (cache hit)
2738 http cache zod-validation-error@https://registry.npmjs.org/zod-validation-error/-/zod-validation-error-4.0.2.tgz 0ms (cache hit)
2739 http cache string.prototype.repeat@https://registry.npmjs.org/string.prototype.repeat/-/string.prototype.repeat-1.0.0.tgz 0ms (cache hit)
2740 http cache iterator.prototype@https://registry.npmjs.org/iterator.prototype/-/iterator.prototype-1.1.5.tgz 0ms (cache hit)
2741 http cache estraverse@https://registry.npmjs.org/estraverse/-/estraverse-5.3.0.tgz 0ms (cache hit)
2742 http cache object.entries@https://registry.npmjs.org/object.entries/-/object.entries-1.1.9.tgz 0ms (cache hit)
2743 http cache es-iterator-helpers@https://registry.npmjs.org/es-iterator-helpers/-/es-iterator-helpers-1.3.0.tgz 0ms (cache hit)
2744 http cache prop-types@https://registry.npmjs.org/prop-types/-/prop-types-15.8.1.tgz 0ms (cache hit)
2745 http cache array.prototype.tosorted@https://registry.npmjs.org/array.prototype.tosorted/-/array.prototype.tosorted-1.1.4.tgz 0ms (cache hit)
2746 http cache string.prototype.includes@https://registry.npmjs.org/string.prototype.includes/-/string.prototype.includes-2.0.1.tgz 0ms (cache hit)
2747 http cache emoji-regex@https://registry.npmjs.org/emoji-regex/-/emoji-regex-9.2.2.tgz 0ms (cache hit)
2748 http cache array.prototype.findlast@https://registry.npmjs.org/array.prototype.findlast/-/array.prototype.findlast-1.2.5.tgz 0ms (cache hit)
2749 http cache damerau-levenshtein@https://registry.npmjs.org/damerau-levenshtein/-/damerau-levenshtein-1.0.8.tgz 0ms (cache hit)
2750 http cache language-tags@https://registry.npmjs.org/language-tags/-/language-tags-1.0.9.tgz 0ms (cache hit)
2751 http cache axobject-query@https://registry.npmjs.org/axobject-query/-/axobject-query-4.1.0.tgz 0ms (cache hit)
2752 http cache axe-core@https://registry.npmjs.org/axe-core/-/axe-core-4.11.1.tgz 0ms (cache hit)
2753 http cache is-symbol@https://registry.npmjs.org/is-symbol/-/is-symbol-1.1.1.tgz 0ms (cache hit)
2754 http cache ast-types-flow@https://registry.npmjs.org/ast-types-flow/-/ast-types-flow-0.0.8.tgz 0ms (cache hit)
2755 http cache is-date-object@https://registry.npmjs.org/is-date-object/-/is-date-object-1.1.0.tgz 0ms (cache hit)
2756 http cache aria-query@https://registry.npmjs.org/aria-query/-/aria-query-5.3.2.tgz 0ms (cache hit)
2757 http cache has-tostringtag@https://registry.npmjs.org/has-tostringtag/-/has-tostringtag-1.0.2.tgz 0ms (cache hit)
2758 http cache which-typed-array@https://registry.npmjs.org/which-typed-array/-/which-typed-array-1.1.20.tgz 0ms (cache hit)
2759 http cache jsx-ast-utils@https://registry.npmjs.org/jsx-ast-utils/-/jsx-ast-utils-3.3.5.tgz 0ms (cache hit)
2760 http cache typed-array-byte-offset@https://registry.npmjs.org/typed-array-byte-offset/-/typed-array-byte-offset-1.0.4.tgz 0ms (cache hit)
2761 http cache string.prototype.trimstart@https://registry.npmjs.org/string.prototype.trimstart/-/string.prototype.trimstart-1.0.8.tgz 0ms (cache hit)
2762 http cache typed-array-buffer@https://registry.npmjs.org/typed-array-buffer/-/typed-array-buffer-1.0.3.tgz 0ms (cache hit)
2763 http cache possible-typed-array-names@https://registry.npmjs.org/possible-typed-array-names/-/possible-typed-array-names-1.1.0.tgz 0ms (cache hit)
2764 http cache typed-array-byte-length@https://registry.npmjs.org/typed-array-byte-length/-/typed-array-byte-length-1.0.3.tgz 0ms (cache hit)
2765 http cache string.prototype.trim@https://registry.npmjs.org/string.prototype.trim/-/string.prototype.trim-1.2.10.tgz 0ms (cache hit)
2766 http cache stop-iteration-iterator@https://registry.npmjs.org/stop-iteration-iterator/-/stop-iteration-iterator-1.1.0.tgz 0ms (cache hit)
2767 http cache set-proto@https://registry.npmjs.org/set-proto/-/set-proto-1.0.0.tgz 0ms (cache hit)
2768 http cache safe-push-apply@https://registry.npmjs.org/safe-push-apply/-/safe-push-apply-1.0.0.tgz 0ms (cache hit)
2769 http cache safe-regex-test@https://registry.npmjs.org/safe-regex-test/-/safe-regex-test-1.1.0.tgz 0ms (cache hit)
2770 http cache typed-array-length@https://registry.npmjs.org/typed-array-length/-/typed-array-length-1.0.7.tgz 0ms (cache hit)
2771 http cache safe-array-concat@https://registry.npmjs.org/safe-array-concat/-/safe-array-concat-1.1.3.tgz 0ms (cache hit)
2772 http cache regexp.prototype.flags@https://registry.npmjs.org/regexp.prototype.flags/-/regexp.prototype.flags-1.5.4.tgz 0ms (cache hit)
2773 http cache own-keys@https://registry.npmjs.org/own-keys/-/own-keys-1.0.1.tgz 0ms (cache hit)
2774 http cache is-weakref@https://registry.npmjs.org/is-weakref/-/is-weakref-1.1.1.tgz 0ms (cache hit)
2775 http cache is-typed-array@https://registry.npmjs.org/is-typed-array/-/is-typed-array-1.1.15.tgz 0ms (cache hit)
2776 http cache object-inspect@https://registry.npmjs.org/object-inspect/-/object-inspect-1.13.4.tgz 0ms (cache hit)
2777 http cache is-shared-array-buffer@https://registry.npmjs.org/is-shared-array-buffer/-/is-shared-array-buffer-1.0.4.tgz 0ms (cache hit)
2778 http cache is-regex@https://registry.npmjs.org/is-regex/-/is-regex-1.2.1.tgz 0ms (cache hit)
2779 http cache is-set@https://registry.npmjs.org/is-set/-/is-set-2.0.3.tgz 0ms (cache hit)
2780 http cache is-negative-zero@https://registry.npmjs.org/is-negative-zero/-/is-negative-zero-2.0.3.tgz 0ms (cache hit)
2781 http cache is-callable@https://registry.npmjs.org/is-callable/-/is-callable-1.2.7.tgz 0ms (cache hit)
2782 http cache is-data-view@https://registry.npmjs.org/is-data-view/-/is-data-view-1.0.2.tgz 0ms (cache hit)
2783 http cache is-array-buffer@https://registry.npmjs.org/is-array-buffer/-/is-array-buffer-3.0.5.tgz 0ms (cache hit)
2784 http cache has-symbols@https://registry.npmjs.org/has-symbols/-/has-symbols-1.1.0.tgz 0ms (cache hit)
2785 http cache internal-slot@https://registry.npmjs.org/internal-slot/-/internal-slot-1.1.0.tgz 0ms (cache hit)
2786 http cache has-proto@https://registry.npmjs.org/has-proto/-/has-proto-1.2.0.tgz 0ms (cache hit)
2787 http cache globalthis@https://registry.npmjs.org/globalthis/-/globalthis-1.0.4.tgz 0ms (cache hit)
2788 http cache get-symbol-description@https://registry.npmjs.org/get-symbol-description/-/get-symbol-description-1.1.0.tgz 0ms (cache hit)
2789 http cache object.assign@https://registry.npmjs.org/object.assign/-/object.assign-4.1.7.tgz 0ms (cache hit)
2790 http cache get-proto@https://registry.npmjs.org/get-proto/-/get-proto-1.0.1.tgz 0ms (cache hit)
2791 http cache function.prototype.name@https://registry.npmjs.org/function.prototype.name/-/function.prototype.name-1.1.8.tgz 0ms (cache hit)
2792 http cache es-to-primitive@https://registry.npmjs.org/es-to-primitive/-/es-to-primitive-1.3.0.tgz 0ms (cache hit)
2793 http cache data-view-byte-length@https://registry.npmjs.org/data-view-byte-length/-/data-view-byte-length-1.0.2.tgz 0ms (cache hit)
2794 http cache data-view-byte-offset@https://registry.npmjs.org/data-view-byte-offset/-/data-view-byte-offset-1.0.1.tgz 0ms (cache hit)
2795 http cache data-view-buffer@https://registry.npmjs.org/data-view-buffer/-/data-view-buffer-1.0.2.tgz 0ms (cache hit)
2796 http cache available-typed-arrays@https://registry.npmjs.org/available-typed-arrays/-/available-typed-arrays-1.0.7.tgz 0ms (cache hit)
2797 http cache array-buffer-byte-length@https://registry.npmjs.org/array-buffer-byte-length/-/array-buffer-byte-length-1.0.2.tgz 0ms (cache hit)
2798 http cache arraybuffer.prototype.slice@https://registry.npmjs.org/arraybuffer.prototype.slice/-/arraybuffer.prototype.slice-1.0.4.tgz 0ms (cache hit)
2799 http cache es-set-tostringtag@https://registry.npmjs.org/es-set-tostringtag/-/es-set-tostringtag-2.1.0.tgz 0ms (cache hit)
2800 http cache gopd@https://registry.npmjs.org/gopd/-/gopd-1.2.0.tgz 0ms (cache hit)
2801 http cache object-keys@https://registry.npmjs.org/object-keys/-/object-keys-1.1.1.tgz 0ms (cache hit)
2802 http cache has-property-descriptors@https://registry.npmjs.org/has-property-descriptors/-/has-property-descriptors-1.0.2.tgz 0ms (cache hit)
2803 http cache function-bind@https://registry.npmjs.org/function-bind/-/function-bind-1.1.2.tgz 0ms (cache hit)
2804 http cache set-function-length@https://registry.npmjs.org/set-function-length/-/set-function-length-1.2.2.tgz 0ms (cache hit)
2805 http cache es-define-property@https://registry.npmjs.org/es-define-property/-/es-define-property-1.0.1.tgz 0ms (cache hit)
2806 http cache es-shim-unscopables@https://registry.npmjs.org/es-shim-unscopables/-/es-shim-unscopables-1.1.0.tgz 0ms (cache hit)
2807 http cache is-string@https://registry.npmjs.org/is-string/-/is-string-1.1.1.tgz 0ms (cache hit)
2808 http cache es-errors@https://registry.npmjs.org/es-errors/-/es-errors-1.3.0.tgz 0ms (cache hit)
2809 http cache math-intrinsics@https://registry.npmjs.org/math-intrinsics/-/math-intrinsics-1.1.0.tgz 0ms (cache hit)
2810 http cache call-bind-apply-helpers@https://registry.npmjs.org/call-bind-apply-helpers/-/call-bind-apply-helpers-1.0.2.tgz 0ms (cache hit)
2811 http cache get-intrinsic@https://registry.npmjs.org/get-intrinsic/-/get-intrinsic-1.3.0.tgz 0ms (cache hit)
2812 http cache es-object-atoms@https://registry.npmjs.org/es-object-atoms/-/es-object-atoms-1.1.1.tgz 0ms (cache hit)
2813 http cache define-properties@https://registry.npmjs.org/define-properties/-/define-properties-1.2.1.tgz 0ms (cache hit)
2814 http cache es-abstract@https://registry.npmjs.org/es-abstract/-/es-abstract-1.24.1.tgz 0ms (cache hit)
2815 http cache call-bound@https://registry.npmjs.org/call-bound/-/call-bound-1.0.4.tgz 0ms (cache hit)
2816 http cache call-bind@https://registry.npmjs.org/call-bind/-/call-bind-1.0.8.tgz 0ms (cache hit)
2817 http cache tsconfig-paths@https://registry.npmjs.org/tsconfig-paths/-/tsconfig-paths-3.15.0.tgz 0ms (cache hit)
2818 http cache string.prototype.trimend@https://registry.npmjs.org/string.prototype.trimend/-/string.prototype.trimend-1.0.9.tgz 0ms (cache hit)
2819 http cache semver@https://registry.npmjs.org/semver/-/semver-6.3.1.tgz 0ms (cache hit)
2820 http cache object.values@https://registry.npmjs.org/object.values/-/object.values-1.2.1.tgz 0ms (cache hit)
2821 http cache hasown@https://registry.npmjs.org/hasown/-/hasown-2.0.2.tgz 0ms (cache hit)
2822 http cache object.groupby@https://registry.npmjs.org/object.groupby/-/object.groupby-1.0.3.tgz 0ms (cache hit)
2823 http cache define-data-property@https://registry.npmjs.org/define-data-property/-/define-data-property-1.1.4.tgz 0ms (cache hit)
2824 http cache object.fromentries@https://registry.npmjs.org/object.fromentries/-/object.fromentries-2.0.8.tgz 0ms (cache hit)
2825 http cache array.prototype.flat@https://registry.npmjs.org/array.prototype.flat/-/array.prototype.flat-1.3.3.tgz 0ms (cache hit)
2826 http cache doctrine@https://registry.npmjs.org/doctrine/-/doctrine-2.1.0.tgz 0ms (cache hit)
2827 http cache array.prototype.flatmap@https://registry.npmjs.org/array.prototype.flatmap/-/array.prototype.flatmap-1.3.3.tgz 0ms (cache hit)
2828 http cache array-includes@https://registry.npmjs.org/array-includes/-/array-includes-3.1.9.tgz 0ms (cache hit)
2829 http cache tinyglobby@https://registry.npmjs.org/tinyglobby/-/tinyglobby-0.2.15.tgz 0ms (cache hit)
2830 http cache array.prototype.findlastindex@https://registry.npmjs.org/array.prototype.findlastindex/-/array.prototype.findlastindex-1.2.6.tgz 0ms (cache hit)
2831 http cache unrs-resolver@https://registry.npmjs.org/unrs-resolver/-/unrs-resolver-1.11.1.tgz 0ms (cache hit)
2832 http cache @rtsao/scc@https://registry.npmjs.org/@rtsao/scc/-/scc-1.1.0.tgz 0ms (cache hit)
2833 http cache stable-hash@https://registry.npmjs.org/stable-hash/-/stable-hash-0.0.5.tgz 0ms (cache hit)
2834 http cache eslint-module-utils@https://registry.npmjs.org/eslint-module-utils/-/eslint-module-utils-2.12.1.tgz 0ms (cache hit)
2835 http cache get-tsconfig@https://registry.npmjs.org/get-tsconfig/-/get-tsconfig-4.13.6.tgz 0ms (cache hit)
2836 http cache @nolyfill/is-core-module@https://registry.npmjs.org/@nolyfill/is-core-module/-/is-core-module-1.0.39.tgz 0ms (cache hit)
2837 http cache resolve@https://registry.npmjs.org/resolve/-/resolve-1.22.11.tgz 0ms (cache hit)
2838 http cache is-core-module@https://registry.npmjs.org/is-core-module/-/is-core-module-2.16.1.tgz 0ms (cache hit)
2839 http cache fast-glob@https://registry.npmjs.org/fast-glob/-/fast-glob-3.3.1.tgz 0ms (cache hit)
2840 http cache eslint-plugin-react-hooks@https://registry.npmjs.org/eslint-plugin-react-hooks/-/eslint-plugin-react-hooks-7.0.1.tgz 0ms (cache hit)
2841 http cache typescript-eslint@https://registry.npmjs.org/typescript-eslint/-/typescript-eslint-8.57.0.tgz 0ms (cache hit)
2842 http cache is-bun-module@https://registry.npmjs.org/is-bun-module/-/is-bun-module-2.0.0.tgz 0ms (cache hit)
2843 http cache eslint-plugin-react@https://registry.npmjs.org/eslint-plugin-react/-/eslint-plugin-react-7.37.5.tgz 0ms (cache hit)
2844 http cache unbox-primitive@https://registry.npmjs.org/unbox-primitive/-/unbox-primitive-1.1.0.tgz 0ms (cache hit)
2845 http cache @next/eslint-plugin-next@https://registry.npmjs.org/@next/eslint-plugin-next/-/eslint-plugin-next-16.1.6.tgz 0ms (cache hit)
2846 http cache eslint-import-resolver-node@https://registry.npmjs.org/eslint-import-resolver-node/-/eslint-import-resolver-node-0.3.9.tgz 0ms (cache hit)
2847 http cache eslint-plugin-jsx-a11y@https://registry.npmjs.org/eslint-plugin-jsx-a11y/-/eslint-plugin-jsx-a11y-6.10.2.tgz 0ms (cache hit)
2848 http cache ms@https://registry.npmjs.org/ms/-/ms-2.1.3.tgz 0ms (cache hit)
2849 http cache which@https://registry.npmjs.org/which/-/which-2.0.2.tgz 0ms (cache hit)
2850 http cache eslint-plugin-import@https://registry.npmjs.org/eslint-plugin-import/-/eslint-plugin-import-2.32.0.tgz 0ms (cache hit)
2851 http cache supports-color@https://registry.npmjs.org/supports-color/-/supports-color-7.2.0.tgz 0ms (cache hit)
2852 http cache color-convert@https://registry.npmjs.org/color-convert/-/color-convert-2.0.1.tgz 0ms (cache hit)
2853 http cache color-name@https://registry.npmjs.org/color-name/-/color-name-1.1.4.tgz 0ms (cache hit)
2854 http cache shebang-command@https://registry.npmjs.org/shebang-command/-/shebang-command-2.0.0.tgz 0ms (cache hit)
2855 http cache ansi-styles@https://registry.npmjs.org/ansi-styles/-/ansi-styles-4.3.0.tgz 0ms (cache hit)
2856 http cache uri-js@https://registry.npmjs.org/uri-js/-/uri-js-4.4.1.tgz 0ms (cache hit)
2857 http cache path-key@https://registry.npmjs.org/path-key/-/path-key-3.1.1.tgz 0ms (cache hit)
2858 http cache json-schema-traverse@https://registry.npmjs.org/json-schema-traverse/-/json-schema-traverse-0.4.1.tgz 0ms (cache hit)
2859 http cache eslint-import-resolver-typescript@https://registry.npmjs.org/eslint-import-resolver-typescript/-/eslint-import-resolver-typescript-3.10.1.tgz 0ms (cache hit)
2860 http cache fast-json-stable-stringify@https://registry.npmjs.org/fast-json-stable-stringify/-/fast-json-stable-stringify-2.1.0.tgz 0ms (cache hit)
2861 http cache @humanfs/core@https://registry.npmjs.org/@humanfs/core/-/core-0.19.1.tgz 0ms (cache hit)
2862 http cache js-yaml@https://registry.npmjs.org/js-yaml/-/js-yaml-4.1.1.tgz 0ms (cache hit)
2863 http cache import-fresh@https://registry.npmjs.org/import-fresh/-/import-fresh-3.3.1.tgz 0ms (cache hit)
2864 http cache globals@https://registry.npmjs.org/globals/-/globals-14.0.0.tgz 0ms (cache hit)
2865 http cache @types/json-schema@https://registry.npmjs.org/@types/json-schema/-/json-schema-7.0.15.tgz 0ms (cache hit)
2866 http cache @eslint/object-schema@https://registry.npmjs.org/@eslint/object-schema/-/object-schema-2.1.7.tgz 0ms (cache hit)
2867 http cache levn@https://registry.npmjs.org/levn/-/levn-0.4.1.tgz 0ms (cache hit)
2868 http cache optionator@https://registry.npmjs.org/optionator/-/optionator-0.9.4.tgz 0ms (cache hit)
2869 http cache natural-compare@https://registry.npmjs.org/natural-compare/-/natural-compare-1.4.0.tgz 0ms (cache hit)
2870 http cache minimatch@https://registry.npmjs.org/minimatch/-/minimatch-3.1.5.tgz 0ms (cache hit)
2871 http cache strip-json-comments@https://registry.npmjs.org/strip-json-comments/-/strip-json-comments-3.1.1.tgz 0ms (cache hit)
2872 http cache json-stable-stringify-without-jsonify@https://registry.npmjs.org/json-stable-stringify-without-jsonify/-/json-stable-stringify-without-jsonify-1.0.1.tgz 0ms (cache hit)
2873 http cache imurmurhash@https://registry.npmjs.org/imurmurhash/-/imurmurhash-0.1.4.tgz 0ms (cache hit)
2874 http cache is-glob@https://registry.npmjs.org/is-glob/-/is-glob-4.0.3.tgz 0ms (cache hit)
2875 http cache glob-parent@https://registry.npmjs.org/glob-parent/-/glob-parent-6.0.2.tgz 0ms (cache hit)
2876 http cache file-entry-cache@https://registry.npmjs.org/file-entry-cache/-/file-entry-cache-8.0.0.tgz 0ms (cache hit)
2877 http cache find-up@https://registry.npmjs.org/find-up/-/find-up-5.0.0.tgz 0ms (cache hit)
2878 http cache ignore@https://registry.npmjs.org/ignore/-/ignore-5.3.2.tgz 0ms (cache hit)
2879 http cache lodash.merge@https://registry.npmjs.org/lodash.merge/-/lodash.merge-4.6.2.tgz 0ms (cache hit)
2880 http cache esquery@https://registry.npmjs.org/esquery/-/esquery-1.7.0.tgz 0ms (cache hit)
2881 http cache esutils@https://registry.npmjs.org/esutils/-/esutils-2.0.3.tgz 0ms (cache hit)
2882 http cache fast-deep-equal@https://registry.npmjs.org/fast-deep-equal/-/fast-deep-equal-3.1.3.tgz 0ms (cache hit)
2883 http cache escape-string-regexp@https://registry.npmjs.org/escape-string-regexp/-/escape-string-regexp-4.0.0.tgz 0ms (cache hit)
2884 http cache debug@https://registry.npmjs.org/debug/-/debug-4.4.3.tgz 0ms (cache hit)
2885 http cache eslint-scope@https://registry.npmjs.org/eslint-scope/-/eslint-scope-8.4.0.tgz 0ms (cache hit)
2886 http cache ajv@https://registry.npmjs.org/ajv/-/ajv-6.14.0.tgz 0ms (cache hit)
2887 http cache espree@https://registry.npmjs.org/espree/-/espree-10.4.0.tgz 0ms (cache hit)
2888 http cache chalk@https://registry.npmjs.org/chalk/-/chalk-4.1.2.tgz 0ms (cache hit)
2889 http cache @humanwhocodes/retry@https://registry.npmjs.org/@humanwhocodes/retry/-/retry-0.4.3.tgz 0ms (cache hit)
2890 http cache eslint-visitor-keys@https://registry.npmjs.org/eslint-visitor-keys/-/eslint-visitor-keys-4.2.1.tgz 0ms (cache hit)
2891 http cache @humanwhocodes/module-importer@https://registry.npmjs.org/@humanwhocodes/module-importer/-/module-importer-1.0.1.tgz 0ms (cache hit)
2892 http cache @eslint/plugin-kit@https://registry.npmjs.org/@eslint/plugin-kit/-/plugin-kit-0.4.1.tgz 0ms (cache hit)
2893 http cache @types/estree@https://registry.npmjs.org/@types/estree/-/estree-1.0.8.tgz 0ms (cache hit)
2894 http cache cross-spawn@https://registry.npmjs.org/cross-spawn/-/cross-spawn-7.0.6.tgz 0ms (cache hit)
2895 http cache @eslint/js@https://registry.npmjs.org/@eslint/js/-/js-9.39.4.tgz 0ms (cache hit)
2896 http cache @eslint/eslintrc@https://registry.npmjs.org/@eslint/eslintrc/-/eslintrc-3.3.5.tgz 0ms (cache hit)
2897 http cache @eslint/config-helpers@https://registry.npmjs.org/@eslint/config-helpers/-/config-helpers-0.4.2.tgz 0ms (cache hit)
2898 http cache @eslint/config-array@https://registry.npmjs.org/@eslint/config-array/-/config-array-0.21.2.tgz 0ms (cache hit)
2899 http cache @eslint-community/regexpp@https://registry.npmjs.org/@eslint-community/regexpp/-/regexpp-4.12.2.tgz 0ms (cache hit)
2900 http cache @eslint/core@https://registry.npmjs.org/@eslint/core/-/core-0.17.0.tgz 0ms (cache hit)
2901 http cache @humanfs/node@https://registry.npmjs.org/@humanfs/node/-/node-0.16.7.tgz 0ms (cache hit)
2902 http cache tapable@https://registry.npmjs.org/tapable/-/tapable-2.3.0.tgz 0ms (cache hit)
2903 http cache @eslint-community/eslint-utils@https://registry.npmjs.org/@eslint-community/eslint-utils/-/eslint-utils-4.9.1.tgz 0ms (cache hit)
2904 http cache @jridgewell/resolve-uri@https://registry.npmjs.org/@jridgewell/resolve-uri/-/resolve-uri-3.1.2.tgz 0ms (cache hit)
2905 http cache undici-types@https://registry.npmjs.org/undici-types/-/undici-types-6.21.0.tgz 0ms (cache hit)
2906 http cache csstype@https://registry.npmjs.org/csstype/-/csstype-3.2.3.tgz 0ms (cache hit)
2907 http cache graceful-fs@https://registry.npmjs.org/graceful-fs/-/graceful-fs-4.2.11.tgz 0ms (cache hit)
2908 http cache @jridgewell/trace-mapping@https://registry.npmjs.org/@jridgewell/trace-mapping/-/trace-mapping-0.3.31.tgz 0ms (cache hit)
2909 http cache @jridgewell/sourcemap-codec@https://registry.npmjs.org/@jridgewell/sourcemap-codec/-/sourcemap-codec-1.5.5.tgz 0ms (cache hit)
2910 http cache @jridgewell/gen-mapping@https://registry.npmjs.org/@jridgewell/gen-mapping/-/gen-mapping-0.3.13.tgz 0ms (cache hit)
2911 http cache @tailwindcss/oxide-darwin-arm64@https://registry.npmjs.org/@tailwindcss/oxide-darwin-arm64/-/oxide-darwin-arm64-4.2.1.tgz 0ms (cache hit)
2912 http cache source-map-js@https://registry.npmjs.org/source-map-js/-/source-map-js-1.2.1.tgz 0ms (cache hit)
2913 http cache magic-string@https://registry.npmjs.org/magic-string/-/magic-string-0.30.21.tgz 0ms (cache hit)
2914 http cache jiti@https://registry.npmjs.org/jiti/-/jiti-2.6.1.tgz 0ms (cache hit)
2915 http cache enhanced-resolve@https://registry.npmjs.org/enhanced-resolve/-/enhanced-resolve-5.20.0.tgz 0ms (cache hit)
2916 http cache lightningcss@https://registry.npmjs.org/lightningcss/-/lightningcss-1.31.1.tgz 0ms (cache hit)
2917 http cache @jridgewell/remapping@https://registry.npmjs.org/@jridgewell/remapping/-/remapping-2.3.5.tgz 0ms (cache hit)
2918 http cache typescript@https://registry.npmjs.org/typescript/-/typescript-5.9.3.tgz 0ms (cache hit)
2919 http cache postcss@https://registry.npmjs.org/postcss/-/postcss-8.5.8.tgz 0ms (cache hit)
2920 http cache tailwindcss@https://registry.npmjs.org/tailwindcss/-/tailwindcss-4.2.1.tgz 0ms (cache hit)
2921 http cache @tailwindcss/oxide@https://registry.npmjs.org/@tailwindcss/oxide/-/oxide-4.2.1.tgz 0ms (cache hit)
2922 http cache @alloc/quick-lru@https://registry.npmjs.org/@alloc/quick-lru/-/quick-lru-5.2.0.tgz 0ms (cache hit)
2923 http cache react@https://registry.npmjs.org/react/-/react-19.2.3.tgz 0ms (cache hit)
2924 http cache eslint-config-next@https://registry.npmjs.org/eslint-config-next/-/eslint-config-next-16.1.6.tgz 0ms (cache hit)
2925 http cache next@https://registry.npmjs.org/next/-/next-16.1.6.tgz 0ms (cache hit)
2926 http cache react-dom@https://registry.npmjs.org/react-dom/-/react-dom-19.2.3.tgz 0ms (cache hit)
2927 http cache @types/react-dom@https://registry.npmjs.org/@types/react-dom/-/react-dom-19.2.3.tgz 0ms (cache hit)
2928 http cache @types/react@https://registry.npmjs.org/@types/react/-/react-19.2.14.tgz 0ms (cache hit)
2929 http cache eslint@https://registry.npmjs.org/eslint/-/eslint-9.39.4.tgz 0ms (cache hit)
2930 http cache @tailwindcss/postcss@https://registry.npmjs.org/@tailwindcss/postcss/-/postcss-4.2.1.tgz 0ms (cache hit)
2931 http cache eslint-visitor-keys@https://registry.npmjs.org/eslint-visitor-keys/-/eslint-visitor-keys-5.0.1.tgz 0ms (cache hit)
2932 http cache brace-expansion@https://registry.npmjs.org/brace-expansion/-/brace-expansion-5.0.4.tgz 0ms (cache hit)
2933 http cache @types/node@https://registry.npmjs.org/@types/node/-/node-20.19.37.tgz 0ms (cache hit)
2934 http cache @tailwindcss/node@https://registry.npmjs.org/@tailwindcss/node/-/node-4.2.1.tgz 0ms (cache hit)
2935 http cache balanced-match@https://registry.npmjs.org/balanced-match/-/balanced-match-4.0.4.tgz 0ms (cache hit)
2936 http cache semver@https://registry.npmjs.org/semver/-/semver-7.7.4.tgz 0ms (cache hit)
2937 http cache minimatch@https://registry.npmjs.org/minimatch/-/minimatch-10.2.4.tgz 0ms (cache hit)
2938 http cache debug@https://registry.npmjs.org/debug/-/debug-3.2.7.tgz 0ms (cache hit)
2939 http cache ignore@https://registry.npmjs.org/ignore/-/ignore-7.0.5.tgz 0ms (cache hit)
2940 http cache json5@https://registry.npmjs.org/json5/-/json5-1.0.2.tgz 0ms (cache hit)
2941 http cache picomatch@https://registry.npmjs.org/picomatch/-/picomatch-4.0.3.tgz 0ms (cache hit)
2942 http cache resolve@https://registry.npmjs.org/resolve/-/resolve-2.0.0-next.6.tgz 0ms (cache hit)
2943 http cache semver@https://registry.npmjs.org/semver/-/semver-7.7.4.tgz 0ms (cache hit)
2944 http cache glob-parent@https://registry.npmjs.org/glob-parent/-/glob-parent-5.1.2.tgz 0ms (cache hit)
2945 http cache debug@https://registry.npmjs.org/debug/-/debug-3.2.7.tgz 0ms (cache hit)
2946 http cache debug@https://registry.npmjs.org/debug/-/debug-3.2.7.tgz 0ms (cache hit)
2947 http cache fdir@https://registry.npmjs.org/fdir/-/fdir-6.5.0.tgz 0ms (cache hit)
2948 http cache eslint-visitor-keys@https://registry.npmjs.org/eslint-visitor-keys/-/eslint-visitor-keys-3.4.3.tgz 0ms (cache hit)
2949 http cache semver@https://registry.npmjs.org/semver/-/semver-7.7.4.tgz 0ms (cache hit)
2950 silly tarball no local data for is-weakset@https://registry.npmjs.org/is-weakset/-/is-weakset-2.0.4.tgz. Extracting by manifest.
2951 silly tarball no local data for node-exports-info@https://registry.npmjs.org/node-exports-info/-/node-exports-info-1.6.0.tgz. Extracting by manifest.
2952 silly tarball no local data for is-map@https://registry.npmjs.org/is-map/-/is-map-2.0.3.tgz. Extracting by manifest.
2953 silly tarball no local data for async-function@https://registry.npmjs.org/async-function/-/async-function-1.0.0.tgz. Extracting by manifest.
2954 silly tarball no local data for is-weakmap@https://registry.npmjs.org/is-weakmap/-/is-weakmap-2.0.2.tgz. Extracting by manifest.
2955 silly tarball no local data for which-collection@https://registry.npmjs.org/which-collection/-/which-collection-1.0.2.tgz. Extracting by manifest.
2956 silly tarball no local data for is-generator-function@https://registry.npmjs.org/is-generator-function/-/is-generator-function-1.1.2.tgz. Extracting by manifest.
2957 silly tarball no local data for is-finalizationregistry@https://registry.npmjs.org/is-finalizationregistry/-/is-finalizationregistry-1.1.1.tgz. Extracting by manifest.
2958 silly tarball no local data for is-async-function@https://registry.npmjs.org/is-async-function/-/is-async-function-2.1.1.tgz. Extracting by manifest.
2959 silly tarball no local data for generator-function@https://registry.npmjs.org/generator-function/-/generator-function-2.0.1.tgz. Extracting by manifest.
2960 silly tarball no local data for is-number-object@https://registry.npmjs.org/is-number-object/-/is-number-object-1.1.1.tgz. Extracting by manifest.
2961 http cache postcss@https://registry.npmjs.org/postcss/-/postcss-8.4.31.tgz 0ms (cache hit)
2962 silly tarball no local data for is-boolean-object@https://registry.npmjs.org/is-boolean-object/-/is-boolean-object-1.2.2.tgz. Extracting by manifest.
2963 silly tarball no local data for is-bigint@https://registry.npmjs.org/is-bigint/-/is-bigint-1.1.0.tgz. Extracting by manifest.
2964 silly tarball no local data for isexe@https://registry.npmjs.org/isexe/-/isexe-2.0.0.tgz. Extracting by manifest.
2965 silly tarball no local data for punycode@https://registry.npmjs.org/punycode/-/punycode-2.3.1.tgz. Extracting by manifest.
2966 silly tarball no local data for escalade@https://registry.npmjs.org/escalade/-/escalade-3.2.0.tgz. Extracting by manifest.
2967 silly tarball no local data for @napi-rs/wasm-runtime@https://registry.npmjs.org/@napi-rs/wasm-runtime/-/wasm-runtime-0.2.12.tgz. Extracting by manifest.
2968 silly tarball no local data for @emnapi/core@https://registry.npmjs.org/@emnapi/core/-/core-1.8.1.tgz. Extracting by manifest.
2969 silly tarball no local data for @tybys/wasm-util@https://registry.npmjs.org/@tybys/wasm-util/-/wasm-util-0.10.1.tgz. Extracting by manifest.
2970 silly tarball no local data for napi-postinstall@https://registry.npmjs.org/napi-postinstall/-/napi-postinstall-0.3.4.tgz. Extracting by manifest.
2971 silly tarball no local data for @unrs/resolver-binding-darwin-arm64@https://registry.npmjs.org/@unrs/resolver-binding-darwin-arm64/-/resolver-binding-darwin-arm64-1.11.1.tgz. Extracting by manifest.
2972 silly tarball no local data for @typescript-eslint/tsconfig-utils@https://registry.npmjs.org/@typescript-eslint/tsconfig-utils/-/tsconfig-utils-8.57.0.tgz. Extracting by manifest.
2973 silly tarball no local data for which-boxed-primitive@https://registry.npmjs.org/which-boxed-primitive/-/which-boxed-primitive-1.1.1.tgz. Extracting by manifest.
2974 silly tarball no local data for has-bigints@https://registry.npmjs.org/has-bigints/-/has-bigints-1.1.0.tgz. Extracting by manifest.
2975 silly tarball no local data for @typescript-eslint/project-service@https://registry.npmjs.org/@typescript-eslint/project-service/-/project-service-8.57.0.tgz. Extracting by manifest.
2976 silly tarball no local data for @typescript-eslint/types@https://registry.npmjs.org/@typescript-eslint/types/-/types-8.57.0.tgz. Extracting by manifest.
2977 silly tarball no local data for ts-api-utils@https://registry.npmjs.org/ts-api-utils/-/ts-api-utils-2.4.0.tgz. Extracting by manifest.
2978 silly tarball no local data for @typescript-eslint/type-utils@https://registry.npmjs.org/@typescript-eslint/type-utils/-/type-utils-8.57.0.tgz. Extracting by manifest.
2979 silly tarball no local data for @typescript-eslint/visitor-keys@https://registry.npmjs.org/@typescript-eslint/visitor-keys/-/visitor-keys-8.57.0.tgz. Extracting by manifest.
2980 silly tarball no local data for @typescript-eslint/utils@https://registry.npmjs.org/@typescript-eslint/utils/-/utils-8.57.0.tgz. Extracting by manifest.
2981 silly tarball no local data for @typescript-eslint/typescript-estree@https://registry.npmjs.org/@typescript-eslint/typescript-estree/-/typescript-estree-8.57.0.tgz. Extracting by manifest.
2982 silly tarball no local data for @typescript-eslint/scope-manager@https://registry.npmjs.org/@typescript-eslint/scope-manager/-/scope-manager-8.57.0.tgz. Extracting by manifest.
2983 silly tarball no local data for which-builtin-type@https://registry.npmjs.org/which-builtin-type/-/which-builtin-type-1.2.1.tgz. Extracting by manifest.
2984 silly tarball no local data for @typescript-eslint/parser@https://registry.npmjs.org/@typescript-eslint/parser/-/parser-8.57.0.tgz. Extracting by manifest.
2985 silly tarball no local data for @typescript-eslint/eslint-plugin@https://registry.npmjs.org/@typescript-eslint/eslint-plugin/-/eslint-plugin-8.57.0.tgz. Extracting by manifest.
2986 silly tarball no local data for @emnapi/wasi-threads@https://registry.npmjs.org/@emnapi/wasi-threads/-/wasi-threads-1.1.0.tgz. Extracting by manifest.
2987 silly tarball no local data for for-each@https://registry.npmjs.org/for-each/-/for-each-0.3.5.tgz. Extracting by manifest.
2988 silly tarball no local data for reflect.getprototypeof@https://registry.npmjs.org/reflect.getprototypeof/-/reflect.getprototypeof-1.0.10.tgz. Extracting by manifest.
2989 silly tarball no local data for minimist@https://registry.npmjs.org/minimist/-/minimist-1.2.8.tgz. Extracting by manifest.
2990 silly tarball no local data for is-number@https://registry.npmjs.org/is-number/-/is-number-7.0.0.tgz. Extracting by manifest.
2991 silly tarball no local data for client-only@https://registry.npmjs.org/client-only/-/client-only-0.0.1.tgz. Extracting by manifest.
2992 silly tarball no local data for @types/json5@https://registry.npmjs.org/@types/json5/-/json5-0.0.29.tgz. Extracting by manifest.
2993 silly tarball no local data for side-channel-map@https://registry.npmjs.org/side-channel-map/-/side-channel-map-1.0.1.tgz. Extracting by manifest.
2994 silly tarball no local data for has-flag@https://registry.npmjs.org/has-flag/-/has-flag-4.0.0.tgz. Extracting by manifest.
2995 silly tarball no local data for strip-bom@https://registry.npmjs.org/strip-bom/-/strip-bom-3.0.0.tgz. Extracting by manifest.
2996 silly tarball no local data for @emnapi/runtime@https://registry.npmjs.org/@emnapi/runtime/-/runtime-1.8.1.tgz. Extracting by manifest.
2997 silly tarball no local data for side-channel-weakmap@https://registry.npmjs.org/side-channel-weakmap/-/side-channel-weakmap-1.0.2.tgz. Extracting by manifest.
2998 silly tarball no local data for side-channel-list@https://registry.npmjs.org/side-channel-list/-/side-channel-list-1.0.0.tgz. Extracting by manifest.
2999 silly tarball no local data for @img/sharp-darwin-arm64@https://registry.npmjs.org/@img/sharp-darwin-arm64/-/sharp-darwin-arm64-0.34.5.tgz. Extracting by manifest.
3000 silly tarball no local data for @img/colour@https://registry.npmjs.org/@img/colour/-/colour-1.1.0.tgz. Extracting by manifest.
3001 silly tarball no local data for @img/sharp-libvips-darwin-arm64@https://registry.npmjs.org/@img/sharp-libvips-darwin-arm64/-/sharp-libvips-darwin-arm64-1.2.4.tgz. Extracting by manifest.
3002 silly tarball no local data for queue-microtask@https://registry.npmjs.org/queue-microtask/-/queue-microtask-1.2.3.tgz. Extracting by manifest.
3003 silly tarball no local data for supports-preserve-symlinks-flag@https://registry.npmjs.org/supports-preserve-symlinks-flag/-/supports-preserve-symlinks-flag-1.0.0.tgz. Extracting by manifest.
3004 silly tarball no local data for isarray@https://registry.npmjs.org/isarray/-/isarray-2.0.5.tgz. Extracting by manifest.
3005 silly tarball no local data for react-is@https://registry.npmjs.org/react-is/-/react-is-16.13.1.tgz. Extracting by manifest.
3006 silly tarball no local data for path-parse@https://registry.npmjs.org/path-parse/-/path-parse-1.0.7.tgz. Extracting by manifest.
3007 silly tarball no local data for scheduler@https://registry.npmjs.org/scheduler/-/scheduler-0.27.0.tgz. Extracting by manifest.
3008 silly tarball no local data for object-assign@https://registry.npmjs.org/object-assign/-/object-assign-4.1.1.tgz. Extracting by manifest.
3009 silly tarball no local data for loose-envify@https://registry.npmjs.org/loose-envify/-/loose-envify-1.4.0.tgz. Extracting by manifest.
3010 silly tarball no local data for nanoid@https://registry.npmjs.org/nanoid/-/nanoid-3.3.11.tgz. Extracting by manifest.
3011 silly tarball no local data for p-limit@https://registry.npmjs.org/p-limit/-/p-limit-3.1.0.tgz. Extracting by manifest.
3012 silly tarball no local data for callsites@https://registry.npmjs.org/callsites/-/callsites-3.1.0.tgz. Extracting by manifest.
3013 silly tarball no local data for yocto-queue@https://registry.npmjs.org/yocto-queue/-/yocto-queue-0.1.0.tgz. Extracting by manifest.
3014 silly tarball no local data for shebang-regex@https://registry.npmjs.org/shebang-regex/-/shebang-regex-3.0.0.tgz. Extracting by manifest.
3015 silly tarball no local data for word-wrap@https://registry.npmjs.org/word-wrap/-/word-wrap-1.2.5.tgz. Extracting by manifest.
3016 silly tarball no local data for tslib@https://registry.npmjs.org/tslib/-/tslib-2.8.1.tgz. Extracting by manifest.
3017 silly tarball no local data for fast-levenshtein@https://registry.npmjs.org/fast-levenshtein/-/fast-levenshtein-2.0.6.tgz. Extracting by manifest.
3018 silly tarball no local data for styled-jsx@https://registry.npmjs.org/styled-jsx/-/styled-jsx-5.1.6.tgz. Extracting by manifest.
3019 silly tarball no local data for @swc/helpers@https://registry.npmjs.org/@swc/helpers/-/helpers-0.5.15.tgz. Extracting by manifest.
3020 silly tarball no local data for deep-is@https://registry.npmjs.org/deep-is/-/deep-is-0.1.4.tgz. Extracting by manifest.
3021 silly tarball no local data for @next/swc-darwin-arm64@https://registry.npmjs.org/@next/swc-darwin-arm64/-/swc-darwin-arm64-16.1.6.tgz. Extracting by manifest.
3022 silly tarball no local data for concat-map@https://registry.npmjs.org/concat-map/-/concat-map-0.0.1.tgz. Extracting by manifest.
3023 silly tarball no local data for sharp@https://registry.npmjs.org/sharp/-/sharp-0.34.5.tgz. Extracting by manifest.
3024 silly tarball no local data for @next/env@https://registry.npmjs.org/@next/env/-/env-16.1.6.tgz. Extracting by manifest.
3025 silly tarball no local data for balanced-match@https://registry.npmjs.org/balanced-match/-/balanced-match-1.0.2.tgz. Extracting by manifest.
3026 silly tarball no local data for to-regex-range@https://registry.npmjs.org/to-regex-range/-/to-regex-range-5.0.1.tgz. Extracting by manifest.
3027 silly tarball no local data for braces@https://registry.npmjs.org/braces/-/braces-3.0.3.tgz. Extracting by manifest.
3028 silly tarball no local data for picomatch@https://registry.npmjs.org/picomatch/-/picomatch-2.3.1.tgz. Extracting by manifest.
3029 silly tarball no local data for brace-expansion@https://registry.npmjs.org/brace-expansion/-/brace-expansion-1.1.12.tgz. Extracting by manifest.
3030 silly tarball no local data for yallist@https://registry.npmjs.org/yallist/-/yallist-3.1.1.tgz. Extracting by manifest.
3031 silly tarball no local data for p-locate@https://registry.npmjs.org/p-locate/-/p-locate-5.0.0.tgz. Extracting by manifest.
3032 silly tarball no local data for lightningcss-darwin-arm64@https://registry.npmjs.org/lightningcss-darwin-arm64/-/lightningcss-darwin-arm64-1.31.1.tgz. Extracting by manifest.
3033 silly tarball no local data for fill-range@https://registry.npmjs.org/fill-range/-/fill-range-7.1.1.tgz. Extracting by manifest.
3034 silly tarball no local data for detect-libc@https://registry.npmjs.org/detect-libc/-/detect-libc-2.1.2.tgz. Extracting by manifest.
3035 silly tarball no local data for type-check@https://registry.npmjs.org/type-check/-/type-check-0.4.0.tgz. Extracting by manifest.
3036 silly tarball no local data for json-buffer@https://registry.npmjs.org/json-buffer/-/json-buffer-3.0.1.tgz. Extracting by manifest.
3037 silly tarball no local data for argparse@https://registry.npmjs.org/argparse/-/argparse-2.0.1.tgz. Extracting by manifest.
3038 silly tarball no local data for set-function-name@https://registry.npmjs.org/set-function-name/-/set-function-name-2.0.2.tgz. Extracting by manifest.
3039 silly tarball no local data for is-extglob@https://registry.npmjs.org/is-extglob/-/is-extglob-2.1.1.tgz. Extracting by manifest.
3040 silly tarball no local data for side-channel@https://registry.npmjs.org/side-channel/-/side-channel-1.1.0.tgz. Extracting by manifest.
3041 silly tarball no local data for resolve-from@https://registry.npmjs.org/resolve-from/-/resolve-from-4.0.0.tgz. Extracting by manifest.
3042 silly tarball no local data for parent-module@https://registry.npmjs.org/parent-module/-/parent-module-1.0.1.tgz. Extracting by manifest.
3043 silly tarball no local data for hermes-estree@https://registry.npmjs.org/hermes-estree/-/hermes-estree-0.25.1.tgz. Extracting by manifest.
3044 silly tarball no local data for language-subtag-registry@https://registry.npmjs.org/language-subtag-registry/-/language-subtag-registry-0.3.23.tgz. Extracting by manifest.
3045 silly tarball no local data for resolve-pkg-maps@https://registry.npmjs.org/resolve-pkg-maps/-/resolve-pkg-maps-1.0.0.tgz. Extracting by manifest.
3046 silly tarball no local data for functions-have-names@https://registry.npmjs.org/functions-have-names/-/functions-have-names-1.2.3.tgz. Extracting by manifest.
3047 silly tarball no local data for keyv@https://registry.npmjs.org/keyv/-/keyv-4.5.4.tgz. Extracting by manifest.
3048 silly tarball no local data for path-exists@https://registry.npmjs.org/path-exists/-/path-exists-4.0.0.tgz. Extracting by manifest.
3049 silly tarball no local data for reusify@https://registry.npmjs.org/reusify/-/reusify-1.1.0.tgz. Extracting by manifest.
3050 silly tarball no local data for flatted@https://registry.npmjs.org/flatted/-/flatted-3.4.1.tgz. Extracting by manifest.
3051 silly tarball no local data for run-parallel@https://registry.npmjs.org/run-parallel/-/run-parallel-1.2.0.tgz. Extracting by manifest.
3052 silly tarball no local data for dunder-proto@https://registry.npmjs.org/dunder-proto/-/dunder-proto-1.0.1.tgz. Extracting by manifest.
3053 silly tarball no local data for locate-path@https://registry.npmjs.org/locate-path/-/locate-path-6.0.0.tgz. Extracting by manifest.
3054 silly tarball no local data for prelude-ls@https://registry.npmjs.org/prelude-ls/-/prelude-ls-1.2.1.tgz. Extracting by manifest.
3055 silly tarball no local data for fastq@https://registry.npmjs.org/fastq/-/fastq-1.20.1.tgz. Extracting by manifest.
3056 silly tarball no local data for @nodelib/fs.scandir@https://registry.npmjs.org/@nodelib/fs.scandir/-/fs.scandir-2.1.5.tgz. Extracting by manifest.
3057 silly tarball no local data for micromatch@https://registry.npmjs.org/micromatch/-/micromatch-4.0.8.tgz. Extracting by manifest.
3058 silly tarball no local data for flat-cache@https://registry.npmjs.org/flat-cache/-/flat-cache-4.0.1.tgz. Extracting by manifest.
3059 silly tarball no local data for acorn-jsx@https://registry.npmjs.org/acorn-jsx/-/acorn-jsx-5.3.2.tgz. Extracting by manifest.
3060 silly tarball no local data for @nodelib/fs.stat@https://registry.npmjs.org/@nodelib/fs.stat/-/fs.stat-2.0.5.tgz. Extracting by manifest.
3061 silly tarball no local data for acorn@https://registry.npmjs.org/acorn/-/acorn-8.16.0.tgz. Extracting by manifest.
3062 silly tarball no local data for node-releases@https://registry.npmjs.org/node-releases/-/node-releases-2.0.36.tgz. Extracting by manifest.
3063 silly tarball no local data for esrecurse@https://registry.npmjs.org/esrecurse/-/esrecurse-4.3.0.tgz. Extracting by manifest.
3064 silly tarball no local data for update-browserslist-db@https://registry.npmjs.org/update-browserslist-db/-/update-browserslist-db-1.2.3.tgz. Extracting by manifest.
3065 silly tarball no local data for electron-to-chromium@https://registry.npmjs.org/electron-to-chromium/-/electron-to-chromium-1.5.307.tgz. Extracting by manifest.
3066 silly tarball no local data for merge2@https://registry.npmjs.org/merge2/-/merge2-1.4.1.tgz. Extracting by manifest.
3067 silly tarball no local data for lru-cache@https://registry.npmjs.org/lru-cache/-/lru-cache-5.1.1.tgz. Extracting by manifest.
3068 silly tarball no local data for baseline-browser-mapping@https://registry.npmjs.org/baseline-browser-mapping/-/baseline-browser-mapping-2.10.0.tgz. Extracting by manifest.
3069 silly tarball no local data for @babel/helper-string-parser@https://registry.npmjs.org/@babel/helper-string-parser/-/helper-string-parser-7.27.1.tgz. Extracting by manifest.
3070 silly tarball no local data for caniuse-lite@https://registry.npmjs.org/caniuse-lite/-/caniuse-lite-1.0.30001777.tgz. Extracting by manifest.
3071 silly tarball no local data for browserslist@https://registry.npmjs.org/browserslist/-/browserslist-4.28.1.tgz. Extracting by manifest.
3072 silly tarball no local data for @babel/helper-module-imports@https://registry.npmjs.org/@babel/helper-module-imports/-/helper-module-imports-7.28.6.tgz. Extracting by manifest.
3073 silly tarball no local data for @babel/helper-globals@https://registry.npmjs.org/@babel/helper-globals/-/helper-globals-7.28.0.tgz. Extracting by manifest.
3074 silly tarball no local data for @babel/compat-data@https://registry.npmjs.org/@babel/compat-data/-/compat-data-7.29.0.tgz. Extracting by manifest.
3075 silly tarball no local data for picocolors@https://registry.npmjs.org/picocolors/-/picocolors-1.1.1.tgz. Extracting by manifest.
3076 silly tarball no local data for jsesc@https://registry.npmjs.org/jsesc/-/jsesc-3.1.0.tgz. Extracting by manifest.
3077 silly tarball no local data for js-tokens@https://registry.npmjs.org/js-tokens/-/js-tokens-4.0.0.tgz. Extracting by manifest.
3078 silly tarball no local data for @babel/helper-validator-identifier@https://registry.npmjs.org/@babel/helper-validator-identifier/-/helper-validator-identifier-7.28.5.tgz. Extracting by manifest.
3079 silly tarball no local data for gensync@https://registry.npmjs.org/gensync/-/gensync-1.0.0-beta.2.tgz. Extracting by manifest.
3080 http cache globals@https://registry.npmjs.org/globals/-/globals-16.4.0.tgz 0ms (cache hit)
3081 silly tarball no local data for @nodelib/fs.walk@https://registry.npmjs.org/@nodelib/fs.walk/-/fs.walk-1.2.8.tgz. Extracting by manifest.
3082 silly tarball no local data for @babel/types@https://registry.npmjs.org/@babel/types/-/types-7.29.0.tgz. Extracting by manifest.
3083 silly tarball no local data for json5@https://registry.npmjs.org/json5/-/json5-2.2.3.tgz. Extracting by manifest.
3084 silly tarball no local data for convert-source-map@https://registry.npmjs.org/convert-source-map/-/convert-source-map-2.0.0.tgz. Extracting by manifest.
3085 silly tarball no local data for @babel/helpers@https://registry.npmjs.org/@babel/helpers/-/helpers-7.28.6.tgz. Extracting by manifest.
3086 silly tarball no local data for @babel/helper-module-transforms@https://registry.npmjs.org/@babel/helper-module-transforms/-/helper-module-transforms-7.28.6.tgz. Extracting by manifest.
3087 silly tarball no local data for @babel/helper-validator-option@https://registry.npmjs.org/@babel/helper-validator-option/-/helper-validator-option-7.27.1.tgz. Extracting by manifest.
3088 silly tarball no local data for @babel/template@https://registry.npmjs.org/@babel/template/-/template-7.28.6.tgz. Extracting by manifest.
3089 silly tarball no local data for zod@https://registry.npmjs.org/zod/-/zod-4.3.6.tgz. Extracting by manifest.
3090 silly tarball no local data for @babel/traverse@https://registry.npmjs.org/@babel/traverse/-/traverse-7.29.0.tgz. Extracting by manifest.
3091 silly tarball no local data for @babel/helper-compilation-targets@https://registry.npmjs.org/@babel/helper-compilation-targets/-/helper-compilation-targets-7.28.6.tgz. Extracting by manifest.
3092 silly tarball no local data for @babel/generator@https://registry.npmjs.org/@babel/generator/-/generator-7.29.1.tgz. Extracting by manifest.
3093 silly tarball no local data for @babel/parser@https://registry.npmjs.org/@babel/parser/-/parser-7.29.0.tgz. Extracting by manifest.
3094 silly tarball no local data for hermes-parser@https://registry.npmjs.org/hermes-parser/-/hermes-parser-0.25.1.tgz. Extracting by manifest.
3095 silly tarball no local data for @babel/code-frame@https://registry.npmjs.org/@babel/code-frame/-/code-frame-7.29.0.tgz. Extracting by manifest.
3096 silly tarball no local data for @babel/core@https://registry.npmjs.org/@babel/core/-/core-7.29.0.tgz. Extracting by manifest.
3097 silly tarball no local data for string.prototype.matchall@https://registry.npmjs.org/string.prototype.matchall/-/string.prototype.matchall-4.0.12.tgz. Extracting by manifest.
3098 silly tarball no local data for zod-validation-error@https://registry.npmjs.org/zod-validation-error/-/zod-validation-error-4.0.2.tgz. Extracting by manifest.
3099 silly tarball no local data for string.prototype.repeat@https://registry.npmjs.org/string.prototype.repeat/-/string.prototype.repeat-1.0.0.tgz. Extracting by manifest.
3100 silly tarball no local data for iterator.prototype@https://registry.npmjs.org/iterator.prototype/-/iterator.prototype-1.1.5.tgz. Extracting by manifest.
3101 silly tarball no local data for estraverse@https://registry.npmjs.org/estraverse/-/estraverse-5.3.0.tgz. Extracting by manifest.
3102 silly tarball no local data for object.entries@https://registry.npmjs.org/object.entries/-/object.entries-1.1.9.tgz. Extracting by manifest.
3103 silly tarball no local data for es-iterator-helpers@https://registry.npmjs.org/es-iterator-helpers/-/es-iterator-helpers-1.3.0.tgz. Extracting by manifest.
3104 silly tarball no local data for prop-types@https://registry.npmjs.org/prop-types/-/prop-types-15.8.1.tgz. Extracting by manifest.
3105 silly tarball no local data for array.prototype.tosorted@https://registry.npmjs.org/array.prototype.tosorted/-/array.prototype.tosorted-1.1.4.tgz. Extracting by manifest.
3106 silly tarball no local data for string.prototype.includes@https://registry.npmjs.org/string.prototype.includes/-/string.prototype.includes-2.0.1.tgz. Extracting by manifest.
3107 silly tarball no local data for emoji-regex@https://registry.npmjs.org/emoji-regex/-/emoji-regex-9.2.2.tgz. Extracting by manifest.
3108 silly tarball no local data for array.prototype.findlast@https://registry.npmjs.org/array.prototype.findlast/-/array.prototype.findlast-1.2.5.tgz. Extracting by manifest.
3109 silly tarball no local data for damerau-levenshtein@https://registry.npmjs.org/damerau-levenshtein/-/damerau-levenshtein-1.0.8.tgz. Extracting by manifest.
3110 silly tarball no local data for language-tags@https://registry.npmjs.org/language-tags/-/language-tags-1.0.9.tgz. Extracting by manifest.
3111 silly tarball no local data for axobject-query@https://registry.npmjs.org/axobject-query/-/axobject-query-4.1.0.tgz. Extracting by manifest.
3112 silly tarball no local data for axe-core@https://registry.npmjs.org/axe-core/-/axe-core-4.11.1.tgz. Extracting by manifest.
3113 silly tarball no local data for is-symbol@https://registry.npmjs.org/is-symbol/-/is-symbol-1.1.1.tgz. Extracting by manifest.
3114 silly tarball no local data for ast-types-flow@https://registry.npmjs.org/ast-types-flow/-/ast-types-flow-0.0.8.tgz. Extracting by manifest.
3115 silly tarball no local data for is-date-object@https://registry.npmjs.org/is-date-object/-/is-date-object-1.1.0.tgz. Extracting by manifest.
3116 silly tarball no local data for aria-query@https://registry.npmjs.org/aria-query/-/aria-query-5.3.2.tgz. Extracting by manifest.
3117 silly tarball no local data for has-tostringtag@https://registry.npmjs.org/has-tostringtag/-/has-tostringtag-1.0.2.tgz. Extracting by manifest.
3118 silly tarball no local data for which-typed-array@https://registry.npmjs.org/which-typed-array/-/which-typed-array-1.1.20.tgz. Extracting by manifest.
3119 silly tarball no local data for jsx-ast-utils@https://registry.npmjs.org/jsx-ast-utils/-/jsx-ast-utils-3.3.5.tgz. Extracting by manifest.
3120 silly tarball no local data for typed-array-byte-offset@https://registry.npmjs.org/typed-array-byte-offset/-/typed-array-byte-offset-1.0.4.tgz. Extracting by manifest.
3121 silly tarball no local data for string.prototype.trimstart@https://registry.npmjs.org/string.prototype.trimstart/-/string.prototype.trimstart-1.0.8.tgz. Extracting by manifest.
3122 silly tarball no local data for typed-array-buffer@https://registry.npmjs.org/typed-array-buffer/-/typed-array-buffer-1.0.3.tgz. Extracting by manifest.
3123 silly tarball no local data for possible-typed-array-names@https://registry.npmjs.org/possible-typed-array-names/-/possible-typed-array-names-1.1.0.tgz. Extracting by manifest.
3124 silly tarball no local data for typed-array-byte-length@https://registry.npmjs.org/typed-array-byte-length/-/typed-array-byte-length-1.0.3.tgz. Extracting by manifest.
3125 silly tarball no local data for string.prototype.trim@https://registry.npmjs.org/string.prototype.trim/-/string.prototype.trim-1.2.10.tgz. Extracting by manifest.
3126 silly tarball no local data for stop-iteration-iterator@https://registry.npmjs.org/stop-iteration-iterator/-/stop-iteration-iterator-1.1.0.tgz. Extracting by manifest.
3127 silly tarball no local data for set-proto@https://registry.npmjs.org/set-proto/-/set-proto-1.0.0.tgz. Extracting by manifest.
3128 silly tarball no local data for safe-push-apply@https://registry.npmjs.org/safe-push-apply/-/safe-push-apply-1.0.0.tgz. Extracting by manifest.
3129 silly tarball no local data for safe-regex-test@https://registry.npmjs.org/safe-regex-test/-/safe-regex-test-1.1.0.tgz. Extracting by manifest.
3130 silly tarball no local data for typed-array-length@https://registry.npmjs.org/typed-array-length/-/typed-array-length-1.0.7.tgz. Extracting by manifest.
3131 silly tarball no local data for safe-array-concat@https://registry.npmjs.org/safe-array-concat/-/safe-array-concat-1.1.3.tgz. Extracting by manifest.
3132 silly tarball no local data for own-keys@https://registry.npmjs.org/own-keys/-/own-keys-1.0.1.tgz. Extracting by manifest.
3133 silly tarball no local data for is-weakref@https://registry.npmjs.org/is-weakref/-/is-weakref-1.1.1.tgz. Extracting by manifest.
3134 silly tarball no local data for is-typed-array@https://registry.npmjs.org/is-typed-array/-/is-typed-array-1.1.15.tgz. Extracting by manifest.
3135 silly tarball no local data for object-inspect@https://registry.npmjs.org/object-inspect/-/object-inspect-1.13.4.tgz. Extracting by manifest.
3136 silly tarball no local data for regexp.prototype.flags@https://registry.npmjs.org/regexp.prototype.flags/-/regexp.prototype.flags-1.5.4.tgz. Extracting by manifest.
3137 silly tarball no local data for is-shared-array-buffer@https://registry.npmjs.org/is-shared-array-buffer/-/is-shared-array-buffer-1.0.4.tgz. Extracting by manifest.
3138 silly tarball no local data for is-regex@https://registry.npmjs.org/is-regex/-/is-regex-1.2.1.tgz. Extracting by manifest.
3139 silly tarball no local data for is-set@https://registry.npmjs.org/is-set/-/is-set-2.0.3.tgz. Extracting by manifest.
3140 silly tarball no local data for is-negative-zero@https://registry.npmjs.org/is-negative-zero/-/is-negative-zero-2.0.3.tgz. Extracting by manifest.
3141 silly tarball no local data for is-callable@https://registry.npmjs.org/is-callable/-/is-callable-1.2.7.tgz. Extracting by manifest.
3142 silly tarball no local data for is-data-view@https://registry.npmjs.org/is-data-view/-/is-data-view-1.0.2.tgz. Extracting by manifest.
3143 silly tarball no local data for is-array-buffer@https://registry.npmjs.org/is-array-buffer/-/is-array-buffer-3.0.5.tgz. Extracting by manifest.
3144 silly tarball no local data for has-symbols@https://registry.npmjs.org/has-symbols/-/has-symbols-1.1.0.tgz. Extracting by manifest.
3145 silly tarball no local data for internal-slot@https://registry.npmjs.org/internal-slot/-/internal-slot-1.1.0.tgz. Extracting by manifest.
3146 silly tarball no local data for has-proto@https://registry.npmjs.org/has-proto/-/has-proto-1.2.0.tgz. Extracting by manifest.
3147 silly tarball no local data for globalthis@https://registry.npmjs.org/globalthis/-/globalthis-1.0.4.tgz. Extracting by manifest.
3148 silly tarball no local data for get-symbol-description@https://registry.npmjs.org/get-symbol-description/-/get-symbol-description-1.1.0.tgz. Extracting by manifest.
3149 silly tarball no local data for object.assign@https://registry.npmjs.org/object.assign/-/object.assign-4.1.7.tgz. Extracting by manifest.
3150 silly tarball no local data for get-proto@https://registry.npmjs.org/get-proto/-/get-proto-1.0.1.tgz. Extracting by manifest.
3151 silly tarball no local data for function.prototype.name@https://registry.npmjs.org/function.prototype.name/-/function.prototype.name-1.1.8.tgz. Extracting by manifest.
3152 silly tarball no local data for es-to-primitive@https://registry.npmjs.org/es-to-primitive/-/es-to-primitive-1.3.0.tgz. Extracting by manifest.
3153 silly tarball no local data for data-view-byte-length@https://registry.npmjs.org/data-view-byte-length/-/data-view-byte-length-1.0.2.tgz. Extracting by manifest.
3154 silly tarball no local data for data-view-byte-offset@https://registry.npmjs.org/data-view-byte-offset/-/data-view-byte-offset-1.0.1.tgz. Extracting by manifest.
3155 silly tarball no local data for data-view-buffer@https://registry.npmjs.org/data-view-buffer/-/data-view-buffer-1.0.2.tgz. Extracting by manifest.
3156 silly tarball no local data for available-typed-arrays@https://registry.npmjs.org/available-typed-arrays/-/available-typed-arrays-1.0.7.tgz. Extracting by manifest.
3157 silly tarball no local data for array-buffer-byte-length@https://registry.npmjs.org/array-buffer-byte-length/-/array-buffer-byte-length-1.0.2.tgz. Extracting by manifest.
3158 silly tarball no local data for arraybuffer.prototype.slice@https://registry.npmjs.org/arraybuffer.prototype.slice/-/arraybuffer.prototype.slice-1.0.4.tgz. Extracting by manifest.
3159 silly tarball no local data for es-set-tostringtag@https://registry.npmjs.org/es-set-tostringtag/-/es-set-tostringtag-2.1.0.tgz. Extracting by manifest.
3160 silly tarball no local data for gopd@https://registry.npmjs.org/gopd/-/gopd-1.2.0.tgz. Extracting by manifest.
3161 silly tarball no local data for object-keys@https://registry.npmjs.org/object-keys/-/object-keys-1.1.1.tgz. Extracting by manifest.
3162 silly tarball no local data for has-property-descriptors@https://registry.npmjs.org/has-property-descriptors/-/has-property-descriptors-1.0.2.tgz. Extracting by manifest.
3163 silly tarball no local data for function-bind@https://registry.npmjs.org/function-bind/-/function-bind-1.1.2.tgz. Extracting by manifest.
3164 silly tarball no local data for set-function-length@https://registry.npmjs.org/set-function-length/-/set-function-length-1.2.2.tgz. Extracting by manifest.
3165 silly tarball no local data for es-define-property@https://registry.npmjs.org/es-define-property/-/es-define-property-1.0.1.tgz. Extracting by manifest.
3166 silly tarball no local data for es-shim-unscopables@https://registry.npmjs.org/es-shim-unscopables/-/es-shim-unscopables-1.1.0.tgz. Extracting by manifest.
3167 silly tarball no local data for is-string@https://registry.npmjs.org/is-string/-/is-string-1.1.1.tgz. Extracting by manifest.
3168 silly tarball no local data for es-errors@https://registry.npmjs.org/es-errors/-/es-errors-1.3.0.tgz. Extracting by manifest.
3169 silly tarball no local data for math-intrinsics@https://registry.npmjs.org/math-intrinsics/-/math-intrinsics-1.1.0.tgz. Extracting by manifest.
3170 silly tarball no local data for call-bind-apply-helpers@https://registry.npmjs.org/call-bind-apply-helpers/-/call-bind-apply-helpers-1.0.2.tgz. Extracting by manifest.
3171 silly tarball no local data for get-intrinsic@https://registry.npmjs.org/get-intrinsic/-/get-intrinsic-1.3.0.tgz. Extracting by manifest.
3172 silly tarball no local data for es-object-atoms@https://registry.npmjs.org/es-object-atoms/-/es-object-atoms-1.1.1.tgz. Extracting by manifest.
3173 silly tarball no local data for define-properties@https://registry.npmjs.org/define-properties/-/define-properties-1.2.1.tgz. Extracting by manifest.
3174 silly tarball no local data for es-abstract@https://registry.npmjs.org/es-abstract/-/es-abstract-1.24.1.tgz. Extracting by manifest.
3175 silly tarball no local data for call-bound@https://registry.npmjs.org/call-bound/-/call-bound-1.0.4.tgz. Extracting by manifest.
3176 silly tarball no local data for call-bind@https://registry.npmjs.org/call-bind/-/call-bind-1.0.8.tgz. Extracting by manifest.
3177 silly tarball no local data for tsconfig-paths@https://registry.npmjs.org/tsconfig-paths/-/tsconfig-paths-3.15.0.tgz. Extracting by manifest.
3178 silly tarball no local data for string.prototype.trimend@https://registry.npmjs.org/string.prototype.trimend/-/string.prototype.trimend-1.0.9.tgz. Extracting by manifest.
3179 silly tarball no local data for semver@https://registry.npmjs.org/semver/-/semver-6.3.1.tgz. Extracting by manifest.
3180 silly tarball no local data for object.values@https://registry.npmjs.org/object.values/-/object.values-1.2.1.tgz. Extracting by manifest.
3181 silly tarball no local data for hasown@https://registry.npmjs.org/hasown/-/hasown-2.0.2.tgz. Extracting by manifest.
3182 silly tarball no local data for object.groupby@https://registry.npmjs.org/object.groupby/-/object.groupby-1.0.3.tgz. Extracting by manifest.
3183 silly tarball no local data for define-data-property@https://registry.npmjs.org/define-data-property/-/define-data-property-1.1.4.tgz. Extracting by manifest.
3184 silly tarball no local data for object.fromentries@https://registry.npmjs.org/object.fromentries/-/object.fromentries-2.0.8.tgz. Extracting by manifest.
3185 silly tarball no local data for array.prototype.flat@https://registry.npmjs.org/array.prototype.flat/-/array.prototype.flat-1.3.3.tgz. Extracting by manifest.
3186 silly tarball no local data for doctrine@https://registry.npmjs.org/doctrine/-/doctrine-2.1.0.tgz. Extracting by manifest.
3187 silly tarball no local data for array.prototype.flatmap@https://registry.npmjs.org/array.prototype.flatmap/-/array.prototype.flatmap-1.3.3.tgz. Extracting by manifest.
3188 silly tarball no local data for array-includes@https://registry.npmjs.org/array-includes/-/array-includes-3.1.9.tgz. Extracting by manifest.
3189 silly tarball no local data for tinyglobby@https://registry.npmjs.org/tinyglobby/-/tinyglobby-0.2.15.tgz. Extracting by manifest.
3190 silly tarball no local data for array.prototype.findlastindex@https://registry.npmjs.org/array.prototype.findlastindex/-/array.prototype.findlastindex-1.2.6.tgz. Extracting by manifest.
3191 silly tarball no local data for unrs-resolver@https://registry.npmjs.org/unrs-resolver/-/unrs-resolver-1.11.1.tgz. Extracting by manifest.
3192 silly tarball no local data for @rtsao/scc@https://registry.npmjs.org/@rtsao/scc/-/scc-1.1.0.tgz. Extracting by manifest.
3193 silly tarball no local data for stable-hash@https://registry.npmjs.org/stable-hash/-/stable-hash-0.0.5.tgz. Extracting by manifest.
3194 silly tarball no local data for eslint-module-utils@https://registry.npmjs.org/eslint-module-utils/-/eslint-module-utils-2.12.1.tgz. Extracting by manifest.
3195 silly tarball no local data for get-tsconfig@https://registry.npmjs.org/get-tsconfig/-/get-tsconfig-4.13.6.tgz. Extracting by manifest.
3196 silly tarball no local data for @nolyfill/is-core-module@https://registry.npmjs.org/@nolyfill/is-core-module/-/is-core-module-1.0.39.tgz. Extracting by manifest.
3197 silly tarball no local data for resolve@https://registry.npmjs.org/resolve/-/resolve-1.22.11.tgz. Extracting by manifest.
3198 silly tarball no local data for is-core-module@https://registry.npmjs.org/is-core-module/-/is-core-module-2.16.1.tgz. Extracting by manifest.
3199 silly tarball no local data for fast-glob@https://registry.npmjs.org/fast-glob/-/fast-glob-3.3.1.tgz. Extracting by manifest.
3200 silly tarball no local data for eslint-plugin-react-hooks@https://registry.npmjs.org/eslint-plugin-react-hooks/-/eslint-plugin-react-hooks-7.0.1.tgz. Extracting by manifest.
3201 silly tarball no local data for typescript-eslint@https://registry.npmjs.org/typescript-eslint/-/typescript-eslint-8.57.0.tgz. Extracting by manifest.
3202 silly tarball no local data for is-bun-module@https://registry.npmjs.org/is-bun-module/-/is-bun-module-2.0.0.tgz. Extracting by manifest.
3203 silly tarball no local data for eslint-plugin-react@https://registry.npmjs.org/eslint-plugin-react/-/eslint-plugin-react-7.37.5.tgz. Extracting by manifest.
3204 silly tarball no local data for unbox-primitive@https://registry.npmjs.org/unbox-primitive/-/unbox-primitive-1.1.0.tgz. Extracting by manifest.
3205 silly tarball no local data for @next/eslint-plugin-next@https://registry.npmjs.org/@next/eslint-plugin-next/-/eslint-plugin-next-16.1.6.tgz. Extracting by manifest.
3206 silly tarball no local data for eslint-import-resolver-node@https://registry.npmjs.org/eslint-import-resolver-node/-/eslint-import-resolver-node-0.3.9.tgz. Extracting by manifest.
3207 silly tarball no local data for eslint-plugin-jsx-a11y@https://registry.npmjs.org/eslint-plugin-jsx-a11y/-/eslint-plugin-jsx-a11y-6.10.2.tgz. Extracting by manifest.
3208 silly tarball no local data for ms@https://registry.npmjs.org/ms/-/ms-2.1.3.tgz. Extracting by manifest.
3209 silly tarball no local data for which@https://registry.npmjs.org/which/-/which-2.0.2.tgz. Extracting by manifest.
3210 silly tarball no local data for eslint-plugin-import@https://registry.npmjs.org/eslint-plugin-import/-/eslint-plugin-import-2.32.0.tgz. Extracting by manifest.
3211 silly tarball no local data for supports-color@https://registry.npmjs.org/supports-color/-/supports-color-7.2.0.tgz. Extracting by manifest.
3212 silly tarball no local data for color-convert@https://registry.npmjs.org/color-convert/-/color-convert-2.0.1.tgz. Extracting by manifest.
3213 silly tarball no local data for color-name@https://registry.npmjs.org/color-name/-/color-name-1.1.4.tgz. Extracting by manifest.
3214 silly tarball no local data for shebang-command@https://registry.npmjs.org/shebang-command/-/shebang-command-2.0.0.tgz. Extracting by manifest.
3215 silly tarball no local data for ansi-styles@https://registry.npmjs.org/ansi-styles/-/ansi-styles-4.3.0.tgz. Extracting by manifest.
3216 silly tarball no local data for uri-js@https://registry.npmjs.org/uri-js/-/uri-js-4.4.1.tgz. Extracting by manifest.
3217 silly tarball no local data for path-key@https://registry.npmjs.org/path-key/-/path-key-3.1.1.tgz. Extracting by manifest.
3218 silly tarball no local data for json-schema-traverse@https://registry.npmjs.org/json-schema-traverse/-/json-schema-traverse-0.4.1.tgz. Extracting by manifest.
3219 silly tarball no local data for eslint-import-resolver-typescript@https://registry.npmjs.org/eslint-import-resolver-typescript/-/eslint-import-resolver-typescript-3.10.1.tgz. Extracting by manifest.
3220 silly tarball no local data for fast-json-stable-stringify@https://registry.npmjs.org/fast-json-stable-stringify/-/fast-json-stable-stringify-2.1.0.tgz. Extracting by manifest.
3221 silly tarball no local data for @humanfs/core@https://registry.npmjs.org/@humanfs/core/-/core-0.19.1.tgz. Extracting by manifest.
3222 silly tarball no local data for js-yaml@https://registry.npmjs.org/js-yaml/-/js-yaml-4.1.1.tgz. Extracting by manifest.
3223 silly tarball no local data for import-fresh@https://registry.npmjs.org/import-fresh/-/import-fresh-3.3.1.tgz. Extracting by manifest.
3224 silly tarball no local data for globals@https://registry.npmjs.org/globals/-/globals-14.0.0.tgz. Extracting by manifest.
3225 silly tarball no local data for @types/json-schema@https://registry.npmjs.org/@types/json-schema/-/json-schema-7.0.15.tgz. Extracting by manifest.
3226 silly tarball no local data for @eslint/object-schema@https://registry.npmjs.org/@eslint/object-schema/-/object-schema-2.1.7.tgz. Extracting by manifest.
3227 silly tarball no local data for levn@https://registry.npmjs.org/levn/-/levn-0.4.1.tgz. Extracting by manifest.
3228 silly tarball no local data for optionator@https://registry.npmjs.org/optionator/-/optionator-0.9.4.tgz. Extracting by manifest.
3229 silly tarball no local data for natural-compare@https://registry.npmjs.org/natural-compare/-/natural-compare-1.4.0.tgz. Extracting by manifest.
3230 silly tarball no local data for minimatch@https://registry.npmjs.org/minimatch/-/minimatch-3.1.5.tgz. Extracting by manifest.
3231 silly tarball no local data for strip-json-comments@https://registry.npmjs.org/strip-json-comments/-/strip-json-comments-3.1.1.tgz. Extracting by manifest.
3232 silly tarball no local data for json-stable-stringify-without-jsonify@https://registry.npmjs.org/json-stable-stringify-without-jsonify/-/json-stable-stringify-without-jsonify-1.0.1.tgz. Extracting by manifest.
3233 silly tarball no local data for imurmurhash@https://registry.npmjs.org/imurmurhash/-/imurmurhash-0.1.4.tgz. Extracting by manifest.
3234 silly tarball no local data for is-glob@https://registry.npmjs.org/is-glob/-/is-glob-4.0.3.tgz. Extracting by manifest.
3235 silly tarball no local data for glob-parent@https://registry.npmjs.org/glob-parent/-/glob-parent-6.0.2.tgz. Extracting by manifest.
3236 silly tarball no local data for file-entry-cache@https://registry.npmjs.org/file-entry-cache/-/file-entry-cache-8.0.0.tgz. Extracting by manifest.
3237 silly tarball no local data for find-up@https://registry.npmjs.org/find-up/-/find-up-5.0.0.tgz. Extracting by manifest.
3238 silly tarball no local data for ignore@https://registry.npmjs.org/ignore/-/ignore-5.3.2.tgz. Extracting by manifest.
3239 silly tarball no local data for lodash.merge@https://registry.npmjs.org/lodash.merge/-/lodash.merge-4.6.2.tgz. Extracting by manifest.
3240 silly tarball no local data for esquery@https://registry.npmjs.org/esquery/-/esquery-1.7.0.tgz. Extracting by manifest.
3241 silly tarball no local data for esutils@https://registry.npmjs.org/esutils/-/esutils-2.0.3.tgz. Extracting by manifest.
3242 silly tarball no local data for fast-deep-equal@https://registry.npmjs.org/fast-deep-equal/-/fast-deep-equal-3.1.3.tgz. Extracting by manifest.
3243 silly tarball no local data for escape-string-regexp@https://registry.npmjs.org/escape-string-regexp/-/escape-string-regexp-4.0.0.tgz. Extracting by manifest.
3244 silly tarball no local data for debug@https://registry.npmjs.org/debug/-/debug-4.4.3.tgz. Extracting by manifest.
3245 silly tarball no local data for eslint-scope@https://registry.npmjs.org/eslint-scope/-/eslint-scope-8.4.0.tgz. Extracting by manifest.
3246 silly tarball no local data for ajv@https://registry.npmjs.org/ajv/-/ajv-6.14.0.tgz. Extracting by manifest.
3247 silly tarball no local data for espree@https://registry.npmjs.org/espree/-/espree-10.4.0.tgz. Extracting by manifest.
3248 silly tarball no local data for chalk@https://registry.npmjs.org/chalk/-/chalk-4.1.2.tgz. Extracting by manifest.
3249 silly tarball no local data for @humanwhocodes/retry@https://registry.npmjs.org/@humanwhocodes/retry/-/retry-0.4.3.tgz. Extracting by manifest.
3250 silly tarball no local data for eslint-visitor-keys@https://registry.npmjs.org/eslint-visitor-keys/-/eslint-visitor-keys-4.2.1.tgz. Extracting by manifest.
3251 silly tarball no local data for @humanwhocodes/module-importer@https://registry.npmjs.org/@humanwhocodes/module-importer/-/module-importer-1.0.1.tgz. Extracting by manifest.
3252 silly tarball no local data for @eslint/plugin-kit@https://registry.npmjs.org/@eslint/plugin-kit/-/plugin-kit-0.4.1.tgz. Extracting by manifest.
3253 silly tarball no local data for @types/estree@https://registry.npmjs.org/@types/estree/-/estree-1.0.8.tgz. Extracting by manifest.
3254 silly tarball no local data for cross-spawn@https://registry.npmjs.org/cross-spawn/-/cross-spawn-7.0.6.tgz. Extracting by manifest.
3255 silly tarball no local data for @eslint/js@https://registry.npmjs.org/@eslint/js/-/js-9.39.4.tgz. Extracting by manifest.
3256 silly tarball no local data for @eslint/eslintrc@https://registry.npmjs.org/@eslint/eslintrc/-/eslintrc-3.3.5.tgz. Extracting by manifest.
3257 silly tarball no local data for @eslint/config-helpers@https://registry.npmjs.org/@eslint/config-helpers/-/config-helpers-0.4.2.tgz. Extracting by manifest.
3258 silly tarball no local data for @eslint/config-array@https://registry.npmjs.org/@eslint/config-array/-/config-array-0.21.2.tgz. Extracting by manifest.
3259 silly tarball no local data for @eslint-community/regexpp@https://registry.npmjs.org/@eslint-community/regexpp/-/regexpp-4.12.2.tgz. Extracting by manifest.
3260 silly tarball no local data for @eslint/core@https://registry.npmjs.org/@eslint/core/-/core-0.17.0.tgz. Extracting by manifest.
3261 silly tarball no local data for @humanfs/node@https://registry.npmjs.org/@humanfs/node/-/node-0.16.7.tgz. Extracting by manifest.
3262 silly tarball no local data for tapable@https://registry.npmjs.org/tapable/-/tapable-2.3.0.tgz. Extracting by manifest.
3263 silly tarball no local data for @eslint-community/eslint-utils@https://registry.npmjs.org/@eslint-community/eslint-utils/-/eslint-utils-4.9.1.tgz. Extracting by manifest.
3264 silly tarball no local data for @jridgewell/resolve-uri@https://registry.npmjs.org/@jridgewell/resolve-uri/-/resolve-uri-3.1.2.tgz. Extracting by manifest.
3265 silly tarball no local data for undici-types@https://registry.npmjs.org/undici-types/-/undici-types-6.21.0.tgz. Extracting by manifest.
3266 silly tarball no local data for csstype@https://registry.npmjs.org/csstype/-/csstype-3.2.3.tgz. Extracting by manifest.
3267 silly tarball no local data for graceful-fs@https://registry.npmjs.org/graceful-fs/-/graceful-fs-4.2.11.tgz. Extracting by manifest.
3268 silly tarball no local data for @jridgewell/trace-mapping@https://registry.npmjs.org/@jridgewell/trace-mapping/-/trace-mapping-0.3.31.tgz. Extracting by manifest.
3269 silly tarball no local data for @jridgewell/sourcemap-codec@https://registry.npmjs.org/@jridgewell/sourcemap-codec/-/sourcemap-codec-1.5.5.tgz. Extracting by manifest.
3270 silly tarball no local data for @jridgewell/gen-mapping@https://registry.npmjs.org/@jridgewell/gen-mapping/-/gen-mapping-0.3.13.tgz. Extracting by manifest.
3271 silly tarball no local data for @tailwindcss/oxide-darwin-arm64@https://registry.npmjs.org/@tailwindcss/oxide-darwin-arm64/-/oxide-darwin-arm64-4.2.1.tgz. Extracting by manifest.
3272 silly tarball no local data for source-map-js@https://registry.npmjs.org/source-map-js/-/source-map-js-1.2.1.tgz. Extracting by manifest.
3273 silly tarball no local data for magic-string@https://registry.npmjs.org/magic-string/-/magic-string-0.30.21.tgz. Extracting by manifest.
3274 silly tarball no local data for jiti@https://registry.npmjs.org/jiti/-/jiti-2.6.1.tgz. Extracting by manifest.
3275 silly tarball no local data for enhanced-resolve@https://registry.npmjs.org/enhanced-resolve/-/enhanced-resolve-5.20.0.tgz. Extracting by manifest.
3276 silly tarball no local data for lightningcss@https://registry.npmjs.org/lightningcss/-/lightningcss-1.31.1.tgz. Extracting by manifest.
3277 silly tarball no local data for @jridgewell/remapping@https://registry.npmjs.org/@jridgewell/remapping/-/remapping-2.3.5.tgz. Extracting by manifest.
3278 silly tarball no local data for typescript@https://registry.npmjs.org/typescript/-/typescript-5.9.3.tgz. Extracting by manifest.
3279 silly tarball no local data for postcss@https://registry.npmjs.org/postcss/-/postcss-8.5.8.tgz. Extracting by manifest.
3280 silly tarball no local data for tailwindcss@https://registry.npmjs.org/tailwindcss/-/tailwindcss-4.2.1.tgz. Extracting by manifest.
3281 silly tarball no local data for @tailwindcss/oxide@https://registry.npmjs.org/@tailwindcss/oxide/-/oxide-4.2.1.tgz. Extracting by manifest.
3282 silly tarball no local data for @alloc/quick-lru@https://registry.npmjs.org/@alloc/quick-lru/-/quick-lru-5.2.0.tgz. Extracting by manifest.
3283 silly tarball no local data for react@https://registry.npmjs.org/react/-/react-19.2.3.tgz. Extracting by manifest.
3284 silly tarball no local data for eslint-config-next@https://registry.npmjs.org/eslint-config-next/-/eslint-config-next-16.1.6.tgz. Extracting by manifest.
3285 silly tarball no local data for next@https://registry.npmjs.org/next/-/next-16.1.6.tgz. Extracting by manifest.
3286 silly tarball no local data for react-dom@https://registry.npmjs.org/react-dom/-/react-dom-19.2.3.tgz. Extracting by manifest.
3287 silly tarball no local data for @types/react-dom@https://registry.npmjs.org/@types/react-dom/-/react-dom-19.2.3.tgz. Extracting by manifest.
3288 silly tarball no local data for @types/react@https://registry.npmjs.org/@types/react/-/react-19.2.14.tgz. Extracting by manifest.
3289 silly tarball no local data for eslint@https://registry.npmjs.org/eslint/-/eslint-9.39.4.tgz. Extracting by manifest.
3290 silly tarball no local data for @tailwindcss/postcss@https://registry.npmjs.org/@tailwindcss/postcss/-/postcss-4.2.1.tgz. Extracting by manifest.
3291 silly tarball no local data for eslint-visitor-keys@https://registry.npmjs.org/eslint-visitor-keys/-/eslint-visitor-keys-5.0.1.tgz. Extracting by manifest.
3292 silly tarball no local data for brace-expansion@https://registry.npmjs.org/brace-expansion/-/brace-expansion-5.0.4.tgz. Extracting by manifest.
3293 silly tarball no local data for @types/node@https://registry.npmjs.org/@types/node/-/node-20.19.37.tgz. Extracting by manifest.
3294 silly tarball no local data for @tailwindcss/node@https://registry.npmjs.org/@tailwindcss/node/-/node-4.2.1.tgz. Extracting by manifest.
3295 silly tarball no local data for balanced-match@https://registry.npmjs.org/balanced-match/-/balanced-match-4.0.4.tgz. Extracting by manifest.
3296 silly tarball no local data for semver@https://registry.npmjs.org/semver/-/semver-7.7.4.tgz. Extracting by manifest.
3297 silly tarball no local data for minimatch@https://registry.npmjs.org/minimatch/-/minimatch-10.2.4.tgz. Extracting by manifest.
3298 silly tarball no local data for debug@https://registry.npmjs.org/debug/-/debug-3.2.7.tgz. Extracting by manifest.
3299 silly tarball no local data for ignore@https://registry.npmjs.org/ignore/-/ignore-7.0.5.tgz. Extracting by manifest.
3300 silly tarball no local data for json5@https://registry.npmjs.org/json5/-/json5-1.0.2.tgz. Extracting by manifest.
3301 silly tarball no local data for picomatch@https://registry.npmjs.org/picomatch/-/picomatch-4.0.3.tgz. Extracting by manifest.
3302 silly tarball no local data for resolve@https://registry.npmjs.org/resolve/-/resolve-2.0.0-next.6.tgz. Extracting by manifest.
3303 silly tarball no local data for semver@https://registry.npmjs.org/semver/-/semver-7.7.4.tgz. Extracting by manifest.
3304 silly tarball no local data for glob-parent@https://registry.npmjs.org/glob-parent/-/glob-parent-5.1.2.tgz. Extracting by manifest.
3305 silly tarball no local data for debug@https://registry.npmjs.org/debug/-/debug-3.2.7.tgz. Extracting by manifest.
3306 silly tarball no local data for debug@https://registry.npmjs.org/debug/-/debug-3.2.7.tgz. Extracting by manifest.
3307 silly tarball no local data for fdir@https://registry.npmjs.org/fdir/-/fdir-6.5.0.tgz. Extracting by manifest.
3308 silly tarball no local data for eslint-visitor-keys@https://registry.npmjs.org/eslint-visitor-keys/-/eslint-visitor-keys-3.4.3.tgz. Extracting by manifest.
3309 silly tarball no local data for semver@https://registry.npmjs.org/semver/-/semver-7.7.4.tgz. Extracting by manifest.
3310 silly tarball no local data for postcss@https://registry.npmjs.org/postcss/-/postcss-8.4.31.tgz. Extracting by manifest.
3311 silly tarball no local data for globals@https://registry.npmjs.org/globals/-/globals-16.4.0.tgz. Extracting by manifest.
3312 http fetch GET 200 https://registry.npmjs.org/is-map/-/is-map-2.0.3.tgz 107ms (cache miss)
3313 http fetch GET 200 https://registry.npmjs.org/async-function/-/async-function-1.0.0.tgz 108ms (cache miss)
3314 http fetch GET 200 https://registry.npmjs.org/node-exports-info/-/node-exports-info-1.6.0.tgz 109ms (cache miss)
3315 http fetch GET 200 https://registry.npmjs.org/is-weakmap/-/is-weakmap-2.0.2.tgz 109ms (cache miss)
3316 http fetch GET 200 https://registry.npmjs.org/which-collection/-/which-collection-1.0.2.tgz 109ms (cache miss)
3317 http fetch GET 200 https://registry.npmjs.org/is-weakset/-/is-weakset-2.0.4.tgz 114ms (cache miss)
3318 http fetch POST 200 https://registry.npmjs.org/-/npm/v1/security/advisories/bulk 148ms
3319 silly audit report {}
3320 http fetch GET 200 https://registry.npmjs.org/punycode/-/punycode-2.3.1.tgz 146ms (cache miss)
3321 http fetch GET 200 https://registry.npmjs.org/escalade/-/escalade-3.2.0.tgz 161ms (cache miss)
3322 http fetch GET 200 https://registry.npmjs.org/napi-postinstall/-/napi-postinstall-0.3.4.tgz 162ms (cache miss)
3323 http fetch GET 200 https://registry.npmjs.org/@tybys/wasm-util/-/wasm-util-0.10.1.tgz 189ms (cache miss)
3324 http fetch GET 200 https://registry.npmjs.org/@napi-rs/wasm-runtime/-/wasm-runtime-0.2.12.tgz 207ms (cache miss)
3325 http fetch GET 200 https://registry.npmjs.org/@unrs/resolver-binding-darwin-arm64/-/resolver-binding-darwin-arm64-1.11.1.tgz 210ms (cache miss)
3326 http fetch GET 200 https://registry.npmjs.org/@typescript-eslint/tsconfig-utils/-/tsconfig-utils-8.57.0.tgz 217ms (cache miss)
3327 http fetch GET 200 https://registry.npmjs.org/generator-function/-/generator-function-2.0.1.tgz 220ms (cache miss)
3328 http fetch GET 200 https://registry.npmjs.org/isexe/-/isexe-2.0.0.tgz 219ms (cache miss)
3329 http fetch GET 200 https://registry.npmjs.org/is-async-function/-/is-async-function-2.1.1.tgz 221ms (cache miss)
3330 http fetch GET 200 https://registry.npmjs.org/is-number-object/-/is-number-object-1.1.1.tgz 220ms (cache miss)
3331 http fetch GET 200 https://registry.npmjs.org/has-bigints/-/has-bigints-1.1.0.tgz 219ms (cache miss)
3332 http fetch GET 200 https://registry.npmjs.org/is-generator-function/-/is-generator-function-1.1.2.tgz 222ms (cache miss)
3333 http fetch GET 200 https://registry.npmjs.org/@emnapi/core/-/core-1.8.1.tgz 225ms (cache miss)
3334 http fetch GET 200 https://registry.npmjs.org/which-boxed-primitive/-/which-boxed-primitive-1.1.1.tgz 226ms (cache miss)
3335 http fetch GET 200 https://registry.npmjs.org/is-boolean-object/-/is-boolean-object-1.2.2.tgz 236ms (cache miss)
3336 http fetch GET 200 https://registry.npmjs.org/is-bigint/-/is-bigint-1.1.0.tgz 236ms (cache miss)
3337 http fetch GET 200 https://registry.npmjs.org/is-finalizationregistry/-/is-finalizationregistry-1.1.1.tgz 240ms (cache miss)
3338 http fetch GET 200 https://registry.npmjs.org/@typescript-eslint/project-service/-/project-service-8.57.0.tgz 246ms (cache miss)
3339 http fetch GET 200 https://registry.npmjs.org/ts-api-utils/-/ts-api-utils-2.4.0.tgz 268ms (cache miss)
3340 http fetch GET 200 https://registry.npmjs.org/which-builtin-type/-/which-builtin-type-1.2.1.tgz 268ms (cache miss)
3341 http fetch GET 200 https://registry.npmjs.org/@typescript-eslint/types/-/types-8.57.0.tgz 279ms (cache miss)
3342 http fetch GET 200 https://registry.npmjs.org/@typescript-eslint/visitor-keys/-/visitor-keys-8.57.0.tgz 284ms (cache miss)
3343 http fetch GET 200 https://registry.npmjs.org/is-number/-/is-number-7.0.0.tgz 293ms (cache miss)
3344 http fetch GET 200 https://registry.npmjs.org/@typescript-eslint/parser/-/parser-8.57.0.tgz 306ms (cache miss)
3345 http fetch GET 200 https://registry.npmjs.org/reflect.getprototypeof/-/reflect.getprototypeof-1.0.10.tgz 308ms (cache miss)
3346 http fetch GET 200 https://registry.npmjs.org/@emnapi/wasi-threads/-/wasi-threads-1.1.0.tgz 309ms (cache miss)
3347 http fetch GET 200 https://registry.npmjs.org/minimist/-/minimist-1.2.8.tgz 313ms (cache miss)
3348 http fetch GET 200 https://registry.npmjs.org/client-only/-/client-only-0.0.1.tgz 324ms (cache miss)
3349 http fetch GET 200 https://registry.npmjs.org/@types/json5/-/json5-0.0.29.tgz 333ms (cache miss)
3350 http fetch GET 200 https://registry.npmjs.org/for-each/-/for-each-0.3.5.tgz 335ms (cache miss)
3351 http fetch GET 200 https://registry.npmjs.org/has-flag/-/has-flag-4.0.0.tgz 337ms (cache miss)
3352 http fetch GET 200 https://registry.npmjs.org/@typescript-eslint/typescript-estree/-/typescript-estree-8.57.0.tgz 346ms (cache miss)
3353 http fetch GET 200 https://registry.npmjs.org/side-channel-map/-/side-channel-map-1.0.1.tgz 345ms (cache miss)
3354 http fetch GET 200 https://registry.npmjs.org/@typescript-eslint/type-utils/-/type-utils-8.57.0.tgz 347ms (cache miss)
3355 http fetch GET 200 https://registry.npmjs.org/strip-bom/-/strip-bom-3.0.0.tgz 347ms (cache miss)
3356 http fetch GET 200 https://registry.npmjs.org/@typescript-eslint/utils/-/utils-8.57.0.tgz 357ms (cache miss)
3357 http fetch GET 200 https://registry.npmjs.org/side-channel-list/-/side-channel-list-1.0.0.tgz 377ms (cache miss)
3358 http fetch GET 200 https://registry.npmjs.org/side-channel-weakmap/-/side-channel-weakmap-1.0.2.tgz 379ms (cache miss)
3359 http fetch GET 200 https://registry.npmjs.org/@img/sharp-darwin-arm64/-/sharp-darwin-arm64-0.34.5.tgz 383ms (cache miss)
3360 http fetch GET 200 https://registry.npmjs.org/@emnapi/runtime/-/runtime-1.8.1.tgz 388ms (cache miss)
3361 http fetch GET 200 https://registry.npmjs.org/supports-preserve-symlinks-flag/-/supports-preserve-symlinks-flag-1.0.0.tgz 391ms (cache miss)
3362 http fetch GET 200 https://registry.npmjs.org/queue-microtask/-/queue-microtask-1.2.3.tgz 392ms (cache miss)
3363 http fetch GET 200 https://registry.npmjs.org/react-is/-/react-is-16.13.1.tgz 392ms (cache miss)
3364 http fetch GET 200 https://registry.npmjs.org/@typescript-eslint/scope-manager/-/scope-manager-8.57.0.tgz 394ms (cache miss)
3365 http fetch GET 200 https://registry.npmjs.org/isarray/-/isarray-2.0.5.tgz 392ms (cache miss)
3366 http fetch GET 200 https://registry.npmjs.org/scheduler/-/scheduler-0.27.0.tgz 392ms (cache miss)
3367 http fetch GET 200 https://registry.npmjs.org/@typescript-eslint/eslint-plugin/-/eslint-plugin-8.57.0.tgz 395ms (cache miss)
3368 http fetch GET 200 https://registry.npmjs.org/loose-envify/-/loose-envify-1.4.0.tgz 404ms (cache miss)
3369 http fetch GET 200 https://registry.npmjs.org/object-assign/-/object-assign-4.1.1.tgz 406ms (cache miss)
3370 http fetch GET 200 https://registry.npmjs.org/path-parse/-/path-parse-1.0.7.tgz 407ms (cache miss)
3371 http fetch GET 200 https://registry.npmjs.org/nanoid/-/nanoid-3.3.11.tgz 413ms (cache miss)
3372 http fetch GET 200 https://registry.npmjs.org/callsites/-/callsites-3.1.0.tgz 425ms (cache miss)
3373 http fetch GET 200 https://registry.npmjs.org/p-limit/-/p-limit-3.1.0.tgz 430ms (cache miss)
3374 http fetch GET 200 https://registry.npmjs.org/yocto-queue/-/yocto-queue-0.1.0.tgz 438ms (cache miss)
3375 http fetch GET 200 https://registry.npmjs.org/tslib/-/tslib-2.8.1.tgz 436ms (cache miss)
3376 http fetch GET 200 https://registry.npmjs.org/word-wrap/-/word-wrap-1.2.5.tgz 448ms (cache miss)
3377 http fetch GET 200 https://registry.npmjs.org/@img/colour/-/colour-1.1.0.tgz 449ms (cache miss)
3378 http fetch GET 200 https://registry.npmjs.org/shebang-regex/-/shebang-regex-3.0.0.tgz 455ms (cache miss)
3379 http fetch GET 200 https://registry.npmjs.org/fast-levenshtein/-/fast-levenshtein-2.0.6.tgz 464ms (cache miss)
3380 http fetch GET 200 https://registry.npmjs.org/deep-is/-/deep-is-0.1.4.tgz 463ms (cache miss)
3381 http fetch GET 200 https://registry.npmjs.org/concat-map/-/concat-map-0.0.1.tgz 466ms (cache miss)
3382 http fetch GET 200 https://registry.npmjs.org/sharp/-/sharp-0.34.5.tgz 475ms (cache miss)
3383 http fetch GET 200 https://registry.npmjs.org/to-regex-range/-/to-regex-range-5.0.1.tgz 487ms (cache miss)
3384 http fetch GET 200 https://registry.npmjs.org/styled-jsx/-/styled-jsx-5.1.6.tgz 493ms (cache miss)
3385 http fetch GET 200 https://registry.npmjs.org/balanced-match/-/balanced-match-1.0.2.tgz 491ms (cache miss)
3386 http fetch GET 200 https://registry.npmjs.org/braces/-/braces-3.0.3.tgz 498ms (cache miss)
3387 http fetch GET 200 https://registry.npmjs.org/@next/env/-/env-16.1.6.tgz 499ms (cache miss)
3388 http fetch GET 200 https://registry.npmjs.org/brace-expansion/-/brace-expansion-1.1.12.tgz 505ms (cache miss)
3389 http fetch GET 200 https://registry.npmjs.org/yallist/-/yallist-3.1.1.tgz 517ms (cache miss)
3390 http fetch GET 200 https://registry.npmjs.org/fill-range/-/fill-range-7.1.1.tgz 520ms (cache miss)
3391 http fetch GET 200 https://registry.npmjs.org/picomatch/-/picomatch-2.3.1.tgz 522ms (cache miss)
3392 http fetch GET 200 https://registry.npmjs.org/p-locate/-/p-locate-5.0.0.tgz 523ms (cache miss)
3393 http fetch GET 200 https://registry.npmjs.org/detect-libc/-/detect-libc-2.1.2.tgz 528ms (cache miss)
3394 http fetch GET 200 https://registry.npmjs.org/json-buffer/-/json-buffer-3.0.1.tgz 562ms (cache miss)
3395 http fetch GET 200 https://registry.npmjs.org/type-check/-/type-check-0.4.0.tgz 570ms (cache miss)
3396 http fetch GET 200 https://registry.npmjs.org/resolve-from/-/resolve-from-4.0.0.tgz 602ms (cache miss)
3397 http fetch GET 200 https://registry.npmjs.org/hermes-estree/-/hermes-estree-0.25.1.tgz 606ms (cache miss)
3398 http fetch GET 200 https://registry.npmjs.org/@swc/helpers/-/helpers-0.5.15.tgz 610ms (cache miss)
3399 http fetch GET 200 https://registry.npmjs.org/resolve-pkg-maps/-/resolve-pkg-maps-1.0.0.tgz 620ms (cache miss)
3400 http fetch GET 200 https://registry.npmjs.org/side-channel/-/side-channel-1.1.0.tgz 623ms (cache miss)
3401 http fetch GET 200 https://registry.npmjs.org/parent-module/-/parent-module-1.0.1.tgz 625ms (cache miss)
3402 http fetch GET 200 https://registry.npmjs.org/set-function-name/-/set-function-name-2.0.2.tgz 627ms (cache miss)
3403 http fetch GET 200 https://registry.npmjs.org/functions-have-names/-/functions-have-names-1.2.3.tgz 636ms (cache miss)
3404 http fetch GET 200 https://registry.npmjs.org/flatted/-/flatted-3.4.1.tgz 704ms (cache miss)
3405 http fetch GET 200 https://registry.npmjs.org/run-parallel/-/run-parallel-1.2.0.tgz 707ms (cache miss)
3406 http fetch GET 200 https://registry.npmjs.org/reusify/-/reusify-1.1.0.tgz 708ms (cache miss)
3407 http fetch GET 200 https://registry.npmjs.org/locate-path/-/locate-path-6.0.0.tgz 711ms (cache miss)
3408 http fetch GET 200 https://registry.npmjs.org/fastq/-/fastq-1.20.1.tgz 713ms (cache miss)
3409 http fetch GET 200 https://registry.npmjs.org/dunder-proto/-/dunder-proto-1.0.1.tgz 714ms (cache miss)
3410 http fetch GET 200 https://registry.npmjs.org/prelude-ls/-/prelude-ls-1.2.1.tgz 717ms (cache miss)
3411 http fetch GET 200 https://registry.npmjs.org/acorn-jsx/-/acorn-jsx-5.3.2.tgz 786ms (cache miss)
3412 http fetch GET 200 https://registry.npmjs.org/flat-cache/-/flat-cache-4.0.1.tgz 787ms (cache miss)
3413 http fetch GET 200 https://registry.npmjs.org/is-extglob/-/is-extglob-2.1.1.tgz 788ms (cache miss)
3414 http fetch GET 200 https://registry.npmjs.org/language-subtag-registry/-/language-subtag-registry-0.3.23.tgz 792ms (cache miss)
3415 http fetch GET 200 https://registry.npmjs.org/micromatch/-/micromatch-4.0.8.tgz 791ms (cache miss)
3416 http fetch GET 200 https://registry.npmjs.org/@nodelib/fs.scandir/-/fs.scandir-2.1.5.tgz 792ms (cache miss)
3417 http fetch GET 200 https://registry.npmjs.org/path-exists/-/path-exists-4.0.0.tgz 794ms (cache miss)
3418 http fetch GET 200 https://registry.npmjs.org/node-releases/-/node-releases-2.0.36.tgz 799ms (cache miss)
3419 http fetch GET 200 https://registry.npmjs.org/@img/sharp-libvips-darwin-arm64/-/sharp-libvips-darwin-arm64-1.2.4.tgz 819ms (cache miss)
3420 http fetch GET 200 https://registry.npmjs.org/lightningcss-darwin-arm64/-/lightningcss-darwin-arm64-1.31.1.tgz 813ms (cache miss)
3421 http fetch GET 200 https://registry.npmjs.org/@nodelib/fs.stat/-/fs.stat-2.0.5.tgz 819ms (cache miss)
3422 http fetch GET 200 https://registry.npmjs.org/update-browserslist-db/-/update-browserslist-db-1.2.3.tgz 820ms (cache miss)
3423 http fetch GET 200 https://registry.npmjs.org/esrecurse/-/esrecurse-4.3.0.tgz 824ms (cache miss)
3424 http fetch GET 200 https://registry.npmjs.org/lru-cache/-/lru-cache-5.1.1.tgz 831ms (cache miss)
3425 http fetch GET 200 https://registry.npmjs.org/electron-to-chromium/-/electron-to-chromium-1.5.307.tgz 832ms (cache miss)
3426 http fetch GET 200 https://registry.npmjs.org/baseline-browser-mapping/-/baseline-browser-mapping-2.10.0.tgz 834ms (cache miss)
3427 http fetch GET 200 https://registry.npmjs.org/merge2/-/merge2-1.4.1.tgz 847ms (cache miss)
3428 http fetch GET 200 https://registry.npmjs.org/acorn/-/acorn-8.16.0.tgz 853ms (cache miss)
3429 http fetch GET 200 https://registry.npmjs.org/@babel/helper-module-imports/-/helper-module-imports-7.28.6.tgz 891ms (cache miss)
3430 http fetch GET 200 https://registry.npmjs.org/js-tokens/-/js-tokens-4.0.0.tgz 893ms (cache miss)
3431 http fetch GET 200 https://registry.npmjs.org/picocolors/-/picocolors-1.1.1.tgz 894ms (cache miss)
3432 http fetch GET 200 https://registry.npmjs.org/browserslist/-/browserslist-4.28.1.tgz 895ms (cache miss)
3433 http fetch GET 200 https://registry.npmjs.org/@babel/helper-string-parser/-/helper-string-parser-7.27.1.tgz 895ms (cache miss)
3434 http fetch GET 200 https://registry.npmjs.org/keyv/-/keyv-4.5.4.tgz 897ms (cache miss)
3435 http fetch GET 200 https://registry.npmjs.org/jsesc/-/jsesc-3.1.0.tgz 895ms (cache miss)
3436 http fetch GET 200 https://registry.npmjs.org/argparse/-/argparse-2.0.1.tgz 898ms (cache miss)
3437 http fetch GET 200 https://registry.npmjs.org/@babel/helper-globals/-/helper-globals-7.28.0.tgz 904ms (cache miss)
3438 http fetch GET 200 https://registry.npmjs.org/@babel/compat-data/-/compat-data-7.29.0.tgz 903ms (cache miss)
3439 http fetch GET 200 https://registry.npmjs.org/@babel/helper-validator-identifier/-/helper-validator-identifier-7.28.5.tgz 927ms (cache miss)
3440 http fetch GET 200 https://registry.npmjs.org/gensync/-/gensync-1.0.0-beta.2.tgz 945ms (cache miss)
3441 http fetch GET 200 https://registry.npmjs.org/@nodelib/fs.walk/-/fs.walk-1.2.8.tgz 982ms (cache miss)
3442 http fetch GET 200 https://registry.npmjs.org/json5/-/json5-2.2.3.tgz 982ms (cache miss)
3443 http fetch GET 200 https://registry.npmjs.org/convert-source-map/-/convert-source-map-2.0.0.tgz 986ms (cache miss)
3444 http fetch GET 200 https://registry.npmjs.org/@babel/helper-validator-option/-/helper-validator-option-7.27.1.tgz 987ms (cache miss)
3445 http fetch GET 200 https://registry.npmjs.org/@babel/helper-module-transforms/-/helper-module-transforms-7.28.6.tgz 989ms (cache miss)
3446 http fetch GET 200 https://registry.npmjs.org/@babel/template/-/template-7.28.6.tgz 1016ms (cache miss)
3447 http fetch GET 200 https://registry.npmjs.org/@babel/helper-compilation-targets/-/helper-compilation-targets-7.28.6.tgz 1039ms (cache miss)
3448 http fetch GET 200 https://registry.npmjs.org/@babel/traverse/-/traverse-7.29.0.tgz 1048ms (cache miss)
3449 http fetch GET 200 https://registry.npmjs.org/iterator.prototype/-/iterator.prototype-1.1.5.tgz 1047ms (cache miss)
3450 http fetch GET 200 https://registry.npmjs.org/zod-validation-error/-/zod-validation-error-4.0.2.tgz 1053ms (cache miss)
3451 http fetch GET 200 https://registry.npmjs.org/string.prototype.matchall/-/string.prototype.matchall-4.0.12.tgz 1053ms (cache miss)
3452 http fetch GET 200 https://registry.npmjs.org/string.prototype.repeat/-/string.prototype.repeat-1.0.0.tgz 1061ms (cache miss)
3453 http fetch GET 200 https://registry.npmjs.org/@babel/code-frame/-/code-frame-7.29.0.tgz 1067ms (cache miss)
3454 http fetch GET 200 https://registry.npmjs.org/object.entries/-/object.entries-1.1.9.tgz 1077ms (cache miss)
3455 http fetch GET 200 https://registry.npmjs.org/estraverse/-/estraverse-5.3.0.tgz 1077ms (cache miss)
3456 http fetch GET 200 https://registry.npmjs.org/prop-types/-/prop-types-15.8.1.tgz 1088ms (cache miss)
3457 http fetch GET 200 https://registry.npmjs.org/@babel/generator/-/generator-7.29.1.tgz 1090ms (cache miss)
3458 http fetch GET 200 https://registry.npmjs.org/@babel/parser/-/parser-7.29.0.tgz 1112ms (cache miss)
3459 http fetch GET 200 https://registry.npmjs.org/string.prototype.includes/-/string.prototype.includes-2.0.1.tgz 1111ms (cache miss)
3460 http fetch GET 200 https://registry.npmjs.org/array.prototype.tosorted/-/array.prototype.tosorted-1.1.4.tgz 1115ms (cache miss)
3461 http fetch GET 200 https://registry.npmjs.org/damerau-levenshtein/-/damerau-levenshtein-1.0.8.tgz 1120ms (cache miss)
3462 http fetch GET 200 https://registry.npmjs.org/emoji-regex/-/emoji-regex-9.2.2.tgz 1129ms (cache miss)
3463 http fetch GET 200 https://registry.npmjs.org/is-symbol/-/is-symbol-1.1.1.tgz 1130ms (cache miss)
3464 http fetch GET 200 https://registry.npmjs.org/array.prototype.findlast/-/array.prototype.findlast-1.2.5.tgz 1132ms (cache miss)
3465 http fetch GET 200 https://registry.npmjs.org/language-tags/-/language-tags-1.0.9.tgz 1132ms (cache miss)
3466 http fetch GET 200 https://registry.npmjs.org/hermes-parser/-/hermes-parser-0.25.1.tgz 1146ms (cache miss)
3467 http fetch GET 200 https://registry.npmjs.org/ast-types-flow/-/ast-types-flow-0.0.8.tgz 1153ms (cache miss)
3468 http fetch GET 200 https://registry.npmjs.org/@babel/core/-/core-7.29.0.tgz 1161ms (cache miss)
3469 http fetch GET 200 https://registry.npmjs.org/which-typed-array/-/which-typed-array-1.1.20.tgz 1173ms (cache miss)
3470 http fetch GET 200 https://registry.npmjs.org/typed-array-byte-offset/-/typed-array-byte-offset-1.0.4.tgz 1172ms (cache miss)
3471 http fetch GET 200 https://registry.npmjs.org/has-tostringtag/-/has-tostringtag-1.0.2.tgz 1175ms (cache miss)
3472 http fetch GET 200 https://registry.npmjs.org/is-date-object/-/is-date-object-1.1.0.tgz 1175ms (cache miss)
3473 http fetch GET 200 https://registry.npmjs.org/@babel/helpers/-/helpers-7.28.6.tgz 1185ms (cache miss)
3474 http fetch GET 200 https://registry.npmjs.org/@babel/types/-/types-7.29.0.tgz 1189ms (cache miss)
3475 http fetch GET 200 https://registry.npmjs.org/typed-array-buffer/-/typed-array-buffer-1.0.3.tgz 1194ms (cache miss)
3476 http fetch GET 200 https://registry.npmjs.org/string.prototype.trim/-/string.prototype.trim-1.2.10.tgz 1197ms (cache miss)
3477 http fetch GET 200 https://registry.npmjs.org/typed-array-byte-length/-/typed-array-byte-length-1.0.3.tgz 1197ms (cache miss)
3478 http fetch GET 200 https://registry.npmjs.org/axobject-query/-/axobject-query-4.1.0.tgz 1207ms (cache miss)
3479 http fetch GET 200 https://registry.npmjs.org/es-iterator-helpers/-/es-iterator-helpers-1.3.0.tgz 1217ms (cache miss)
3480 http fetch GET 200 https://registry.npmjs.org/jsx-ast-utils/-/jsx-ast-utils-3.3.5.tgz 1226ms (cache miss)
3481 http fetch GET 200 https://registry.npmjs.org/axe-core/-/axe-core-4.11.1.tgz 1231ms (cache miss)
3482 http fetch GET 200 https://registry.npmjs.org/string.prototype.trimstart/-/string.prototype.trimstart-1.0.8.tgz 1232ms (cache miss)
3483 http fetch GET 200 https://registry.npmjs.org/aria-query/-/aria-query-5.3.2.tgz 1233ms (cache miss)
3484 http fetch GET 200 https://registry.npmjs.org/stop-iteration-iterator/-/stop-iteration-iterator-1.1.0.tgz 1247ms (cache miss)
3485 http fetch GET 200 https://registry.npmjs.org/own-keys/-/own-keys-1.0.1.tgz 1248ms (cache miss)
3486 http fetch GET 200 https://registry.npmjs.org/is-weakref/-/is-weakref-1.1.1.tgz 1248ms (cache miss)
3487 http fetch GET 200 https://registry.npmjs.org/safe-array-concat/-/safe-array-concat-1.1.3.tgz 1248ms (cache miss)
3488 http fetch GET 200 https://registry.npmjs.org/possible-typed-array-names/-/possible-typed-array-names-1.1.0.tgz 1249ms (cache miss)
3489 http fetch GET 200 https://registry.npmjs.org/set-proto/-/set-proto-1.0.0.tgz 1249ms (cache miss)
3490 http fetch GET 200 https://registry.npmjs.org/regexp.prototype.flags/-/regexp.prototype.flags-1.5.4.tgz 1283ms (cache miss)
3491 http fetch GET 200 https://registry.npmjs.org/is-typed-array/-/is-typed-array-1.1.15.tgz 1283ms (cache miss)
3492 http fetch GET 200 https://registry.npmjs.org/is-callable/-/is-callable-1.2.7.tgz 1325ms (cache miss)
3493 http fetch GET 200 https://registry.npmjs.org/is-shared-array-buffer/-/is-shared-array-buffer-1.0.4.tgz 1325ms (cache miss)
3494 http fetch GET 200 https://registry.npmjs.org/is-regex/-/is-regex-1.2.1.tgz 1326ms (cache miss)
3495 http fetch GET 200 https://registry.npmjs.org/is-set/-/is-set-2.0.3.tgz 1326ms (cache miss)
3496 http fetch GET 200 https://registry.npmjs.org/is-array-buffer/-/is-array-buffer-3.0.5.tgz 1326ms (cache miss)
3497 http fetch GET 200 https://registry.npmjs.org/is-data-view/-/is-data-view-1.0.2.tgz 1326ms (cache miss)
3498 http fetch GET 200 https://registry.npmjs.org/caniuse-lite/-/caniuse-lite-1.0.30001777.tgz 1334ms (cache miss)
3499 http fetch GET 200 https://registry.npmjs.org/is-negative-zero/-/is-negative-zero-2.0.3.tgz 1327ms (cache miss)
3500 http fetch GET 200 https://registry.npmjs.org/object-inspect/-/object-inspect-1.13.4.tgz 1329ms (cache miss)
3501 http fetch GET 200 https://registry.npmjs.org/internal-slot/-/internal-slot-1.1.0.tgz 1348ms (cache miss)
3502 http fetch GET 200 https://registry.npmjs.org/has-symbols/-/has-symbols-1.1.0.tgz 1348ms (cache miss)
3503 http fetch GET 200 https://registry.npmjs.org/get-symbol-description/-/get-symbol-description-1.1.0.tgz 1376ms (cache miss)
3504 http fetch GET 200 https://registry.npmjs.org/globalthis/-/globalthis-1.0.4.tgz 1377ms (cache miss)
3505 http fetch GET 200 https://registry.npmjs.org/has-proto/-/has-proto-1.2.0.tgz 1378ms (cache miss)
3506 http fetch GET 200 https://registry.npmjs.org/safe-push-apply/-/safe-push-apply-1.0.0.tgz 1381ms (cache miss)
3507 http fetch GET 200 https://registry.npmjs.org/safe-regex-test/-/safe-regex-test-1.1.0.tgz 1381ms (cache miss)
3508 http fetch GET 200 https://registry.npmjs.org/data-view-byte-length/-/data-view-byte-length-1.0.2.tgz 1382ms (cache miss)
3509 http fetch GET 200 https://registry.npmjs.org/function.prototype.name/-/function.prototype.name-1.1.8.tgz 1393ms (cache miss)
3510 http fetch GET 200 https://registry.npmjs.org/object.assign/-/object.assign-4.1.7.tgz 1397ms (cache miss)
3511 http fetch GET 200 https://registry.npmjs.org/get-proto/-/get-proto-1.0.1.tgz 1403ms (cache miss)
3512 http fetch GET 200 https://registry.npmjs.org/data-view-buffer/-/data-view-buffer-1.0.2.tgz 1404ms (cache miss)
3513 http fetch GET 200 https://registry.npmjs.org/data-view-byte-offset/-/data-view-byte-offset-1.0.1.tgz 1405ms (cache miss)
3514 http fetch GET 200 https://registry.npmjs.org/typed-array-length/-/typed-array-length-1.0.7.tgz 1408ms (cache miss)
3515 http fetch GET 200 https://registry.npmjs.org/es-to-primitive/-/es-to-primitive-1.3.0.tgz 1408ms (cache miss)
3516 http fetch GET 200 https://registry.npmjs.org/available-typed-arrays/-/available-typed-arrays-1.0.7.tgz 1416ms (cache miss)
3517 http fetch GET 200 https://registry.npmjs.org/array-buffer-byte-length/-/array-buffer-byte-length-1.0.2.tgz 1425ms (cache miss)
3518 http fetch GET 200 https://registry.npmjs.org/gopd/-/gopd-1.2.0.tgz 1434ms (cache miss)
3519 http fetch GET 200 https://registry.npmjs.org/object-keys/-/object-keys-1.1.1.tgz 1437ms (cache miss)
3520 http fetch GET 200 https://registry.npmjs.org/es-set-tostringtag/-/es-set-tostringtag-2.1.0.tgz 1441ms (cache miss)
3521 http fetch GET 200 https://registry.npmjs.org/arraybuffer.prototype.slice/-/arraybuffer.prototype.slice-1.0.4.tgz 1442ms (cache miss)
3522 http fetch GET 200 https://registry.npmjs.org/has-property-descriptors/-/has-property-descriptors-1.0.2.tgz 1442ms (cache miss)
3523 http fetch GET 200 https://registry.npmjs.org/set-function-length/-/set-function-length-1.2.2.tgz 1450ms (cache miss)
3524 http fetch GET 200 https://registry.npmjs.org/math-intrinsics/-/math-intrinsics-1.1.0.tgz 1457ms (cache miss)
3525 http fetch GET 200 https://registry.npmjs.org/es-shim-unscopables/-/es-shim-unscopables-1.1.0.tgz 1461ms (cache miss)
3526 http fetch GET 200 https://registry.npmjs.org/function-bind/-/function-bind-1.1.2.tgz 1463ms (cache miss)
3527 http fetch GET 200 https://registry.npmjs.org/es-define-property/-/es-define-property-1.0.1.tgz 1464ms (cache miss)
3528 http fetch GET 200 https://registry.npmjs.org/call-bind-apply-helpers/-/call-bind-apply-helpers-1.0.2.tgz 1475ms (cache miss)
3529 http fetch GET 200 https://registry.npmjs.org/get-intrinsic/-/get-intrinsic-1.3.0.tgz 1476ms (cache miss)
3530 http fetch GET 200 https://registry.npmjs.org/zod/-/zod-4.3.6.tgz 1487ms (cache miss)
3531 http fetch GET 200 https://registry.npmjs.org/is-string/-/is-string-1.1.1.tgz 1486ms (cache miss)
3532 http fetch GET 200 https://registry.npmjs.org/es-object-atoms/-/es-object-atoms-1.1.1.tgz 1490ms (cache miss)
3533 http fetch GET 200 https://registry.npmjs.org/define-properties/-/define-properties-1.2.1.tgz 1496ms (cache miss)
3534 http fetch GET 200 https://registry.npmjs.org/call-bind/-/call-bind-1.0.8.tgz 1505ms (cache miss)
3535 http fetch GET 200 https://registry.npmjs.org/call-bound/-/call-bound-1.0.4.tgz 1525ms (cache miss)
3536 http fetch GET 200 https://registry.npmjs.org/hasown/-/hasown-2.0.2.tgz 1524ms (cache miss)
3537 http fetch GET 200 https://registry.npmjs.org/object.values/-/object.values-1.2.1.tgz 1526ms (cache miss)
3538 http fetch GET 200 https://registry.npmjs.org/tsconfig-paths/-/tsconfig-paths-3.15.0.tgz 1526ms (cache miss)
3539 http fetch GET 200 https://registry.npmjs.org/es-errors/-/es-errors-1.3.0.tgz 1533ms (cache miss)
3540 http fetch GET 200 https://registry.npmjs.org/object.groupby/-/object.groupby-1.0.3.tgz 1534ms (cache miss)
3541 http fetch GET 200 https://registry.npmjs.org/string.prototype.trimend/-/string.prototype.trimend-1.0.9.tgz 1534ms (cache miss)
3542 http fetch GET 200 https://registry.npmjs.org/semver/-/semver-6.3.1.tgz 1534ms (cache miss)
3543 http fetch GET 200 https://registry.npmjs.org/object.fromentries/-/object.fromentries-2.0.8.tgz 1535ms (cache miss)
3544 http fetch GET 200 https://registry.npmjs.org/define-data-property/-/define-data-property-1.1.4.tgz 1537ms (cache miss)
3545 http fetch GET 200 https://registry.npmjs.org/doctrine/-/doctrine-2.1.0.tgz 1562ms (cache miss)
3546 http fetch GET 200 https://registry.npmjs.org/array.prototype.flatmap/-/array.prototype.flatmap-1.3.3.tgz 1562ms (cache miss)
3547 http fetch GET 200 https://registry.npmjs.org/array.prototype.flat/-/array.prototype.flat-1.3.3.tgz 1570ms (cache miss)
3548 http fetch GET 200 https://registry.npmjs.org/tinyglobby/-/tinyglobby-0.2.15.tgz 1573ms (cache miss)
3549 http fetch GET 200 https://registry.npmjs.org/array.prototype.findlastindex/-/array.prototype.findlastindex-1.2.6.tgz 1576ms (cache miss)
3550 http fetch GET 200 https://registry.npmjs.org/array-includes/-/array-includes-3.1.9.tgz 1577ms (cache miss)
3551 http fetch GET 200 https://registry.npmjs.org/eslint-module-utils/-/eslint-module-utils-2.12.1.tgz 1581ms (cache miss)
3552 http fetch GET 200 https://registry.npmjs.org/unrs-resolver/-/unrs-resolver-1.11.1.tgz 1582ms (cache miss)
3553 http fetch GET 200 https://registry.npmjs.org/stable-hash/-/stable-hash-0.0.5.tgz 1601ms (cache miss)
3554 http fetch GET 200 https://registry.npmjs.org/get-tsconfig/-/get-tsconfig-4.13.6.tgz 1603ms (cache miss)
3555 http fetch GET 200 https://registry.npmjs.org/typescript-eslint/-/typescript-eslint-8.57.0.tgz 1608ms (cache miss)
3556 http fetch GET 200 https://registry.npmjs.org/is-core-module/-/is-core-module-2.16.1.tgz 1608ms (cache miss)
3557 http fetch GET 200 https://registry.npmjs.org/@nolyfill/is-core-module/-/is-core-module-1.0.39.tgz 1610ms (cache miss)
3558 http fetch GET 200 https://registry.npmjs.org/@rtsao/scc/-/scc-1.1.0.tgz 1620ms (cache miss)
3559 http fetch GET 200 https://registry.npmjs.org/fast-glob/-/fast-glob-3.3.1.tgz 1622ms (cache miss)
3560 http fetch GET 200 https://registry.npmjs.org/unbox-primitive/-/unbox-primitive-1.1.0.tgz 1652ms (cache miss)
3561 http fetch GET 200 https://registry.npmjs.org/eslint-import-resolver-node/-/eslint-import-resolver-node-0.3.9.tgz 1654ms (cache miss)
3562 http fetch GET 200 https://registry.npmjs.org/ms/-/ms-2.1.3.tgz 1654ms (cache miss)
3563 http fetch GET 200 https://registry.npmjs.org/which/-/which-2.0.2.tgz 1655ms (cache miss)
3564 http fetch GET 200 https://registry.npmjs.org/resolve/-/resolve-1.22.11.tgz 1656ms (cache miss)
3565 http fetch GET 200 https://registry.npmjs.org/supports-color/-/supports-color-7.2.0.tgz 1660ms (cache miss)
3566 http fetch GET 200 https://registry.npmjs.org/color-convert/-/color-convert-2.0.1.tgz 1662ms (cache miss)
3567 http fetch GET 200 https://registry.npmjs.org/ansi-styles/-/ansi-styles-4.3.0.tgz 1667ms (cache miss)
3568 http fetch GET 200 https://registry.npmjs.org/color-name/-/color-name-1.1.4.tgz 1669ms (cache miss)
3569 http fetch GET 200 https://registry.npmjs.org/@next/eslint-plugin-next/-/eslint-plugin-next-16.1.6.tgz 1673ms (cache miss)
3570 http fetch GET 200 https://registry.npmjs.org/shebang-command/-/shebang-command-2.0.0.tgz 1679ms (cache miss)
3571 http fetch GET 200 https://registry.npmjs.org/path-key/-/path-key-3.1.1.tgz 1687ms (cache miss)
3572 http fetch GET 200 https://registry.npmjs.org/uri-js/-/uri-js-4.4.1.tgz 1688ms (cache miss)
3573 http fetch GET 200 https://registry.npmjs.org/json-schema-traverse/-/json-schema-traverse-0.4.1.tgz 1692ms (cache miss)
3574 http fetch GET 200 https://registry.npmjs.org/is-bun-module/-/is-bun-module-2.0.0.tgz 1698ms (cache miss)
3575 http fetch GET 200 https://registry.npmjs.org/eslint-plugin-react-hooks/-/eslint-plugin-react-hooks-7.0.1.tgz 1705ms (cache miss)
3576 http fetch GET 200 https://registry.npmjs.org/eslint-import-resolver-typescript/-/eslint-import-resolver-typescript-3.10.1.tgz 1705ms (cache miss)
3577 http fetch GET 200 https://registry.npmjs.org/fast-json-stable-stringify/-/fast-json-stable-stringify-2.1.0.tgz 1710ms (cache miss)
3578 http fetch GET 200 https://registry.npmjs.org/import-fresh/-/import-fresh-3.3.1.tgz 1711ms (cache miss)
3579 http fetch GET 200 https://registry.npmjs.org/@humanfs/core/-/core-0.19.1.tgz 1728ms (cache miss)
3580 http fetch GET 200 https://registry.npmjs.org/@types/json-schema/-/json-schema-7.0.15.tgz 1731ms (cache miss)
3581 http fetch GET 200 https://registry.npmjs.org/eslint-plugin-jsx-a11y/-/eslint-plugin-jsx-a11y-6.10.2.tgz 1735ms (cache miss)
3582 http fetch GET 200 https://registry.npmjs.org/js-yaml/-/js-yaml-4.1.1.tgz 1736ms (cache miss)
3583 http fetch GET 200 https://registry.npmjs.org/globals/-/globals-14.0.0.tgz 1750ms (cache miss)
3584 http fetch GET 200 https://registry.npmjs.org/levn/-/levn-0.4.1.tgz 1752ms (cache miss)
3585 http fetch GET 200 https://registry.npmjs.org/optionator/-/optionator-0.9.4.tgz 1752ms (cache miss)
3586 http fetch GET 200 https://registry.npmjs.org/is-glob/-/is-glob-4.0.3.tgz 1754ms (cache miss)
3587 http fetch GET 200 https://registry.npmjs.org/strip-json-comments/-/strip-json-comments-3.1.1.tgz 1755ms (cache miss)
3588 http fetch GET 200 https://registry.npmjs.org/@eslint/object-schema/-/object-schema-2.1.7.tgz 1758ms (cache miss)
3589 http fetch GET 200 https://registry.npmjs.org/natural-compare/-/natural-compare-1.4.0.tgz 1758ms (cache miss)
3590 http fetch GET 200 https://registry.npmjs.org/minimatch/-/minimatch-3.1.5.tgz 1764ms (cache miss)
3591 http fetch GET 200 https://registry.npmjs.org/imurmurhash/-/imurmurhash-0.1.4.tgz 1768ms (cache miss)
3592 http fetch GET 200 https://registry.npmjs.org/json-stable-stringify-without-jsonify/-/json-stable-stringify-without-jsonify-1.0.1.tgz 1772ms (cache miss)
3593 http fetch GET 200 https://registry.npmjs.org/glob-parent/-/glob-parent-6.0.2.tgz 1772ms (cache miss)
3594 http fetch GET 200 https://registry.npmjs.org/eslint-plugin-react/-/eslint-plugin-react-7.37.5.tgz 1775ms (cache miss)
3595 http fetch GET 200 https://registry.npmjs.org/find-up/-/find-up-5.0.0.tgz 1773ms (cache miss)
3596 http fetch GET 200 https://registry.npmjs.org/eslint-plugin-import/-/eslint-plugin-import-2.32.0.tgz 1787ms (cache miss)
3597 http fetch GET 200 https://registry.npmjs.org/ignore/-/ignore-5.3.2.tgz 1786ms (cache miss)
3598 http fetch GET 200 https://registry.npmjs.org/fast-deep-equal/-/fast-deep-equal-3.1.3.tgz 1803ms (cache miss)
3599 http fetch GET 200 https://registry.npmjs.org/esutils/-/esutils-2.0.3.tgz 1804ms (cache miss)
3600 http fetch GET 200 https://registry.npmjs.org/file-entry-cache/-/file-entry-cache-8.0.0.tgz 1817ms (cache miss)
3601 http fetch GET 200 https://registry.npmjs.org/escape-string-regexp/-/escape-string-regexp-4.0.0.tgz 1837ms (cache miss)
3602 http fetch GET 200 https://registry.npmjs.org/debug/-/debug-4.4.3.tgz 1837ms (cache miss)
3603 http fetch GET 200 https://registry.npmjs.org/lodash.merge/-/lodash.merge-4.6.2.tgz 1840ms (cache miss)
3604 http fetch GET 200 https://registry.npmjs.org/eslint-visitor-keys/-/eslint-visitor-keys-4.2.1.tgz 1841ms (cache miss)
3605 http fetch GET 200 https://registry.npmjs.org/chalk/-/chalk-4.1.2.tgz 1842ms (cache miss)
3606 http fetch GET 200 https://registry.npmjs.org/@humanwhocodes/module-importer/-/module-importer-1.0.1.tgz 1842ms (cache miss)
3607 http fetch GET 200 https://registry.npmjs.org/eslint-scope/-/eslint-scope-8.4.0.tgz 1843ms (cache miss)
3608 http fetch GET 200 https://registry.npmjs.org/espree/-/espree-10.4.0.tgz 1844ms (cache miss)
3609 http fetch GET 200 https://registry.npmjs.org/@humanwhocodes/retry/-/retry-0.4.3.tgz 1846ms (cache miss)
3610 http fetch GET 200 https://registry.npmjs.org/esquery/-/esquery-1.7.0.tgz 1852ms (cache miss)
3611 http fetch GET 200 https://registry.npmjs.org/@eslint/plugin-kit/-/plugin-kit-0.4.1.tgz 1853ms (cache miss)
3612 http fetch GET 200 https://registry.npmjs.org/@types/estree/-/estree-1.0.8.tgz 1864ms (cache miss)
3613 http fetch GET 200 https://registry.npmjs.org/cross-spawn/-/cross-spawn-7.0.6.tgz 1869ms (cache miss)
3614 http fetch GET 200 https://registry.npmjs.org/ajv/-/ajv-6.14.0.tgz 1885ms (cache miss)
3615 http fetch GET 200 https://registry.npmjs.org/@eslint/js/-/js-9.39.4.tgz 1895ms (cache miss)
3616 http fetch GET 200 https://registry.npmjs.org/@eslint/config-helpers/-/config-helpers-0.4.2.tgz 1897ms (cache miss)
3617 http fetch GET 200 https://registry.npmjs.org/@eslint/core/-/core-0.17.0.tgz 1911ms (cache miss)
3618 http fetch GET 200 https://registry.npmjs.org/@eslint-community/regexpp/-/regexpp-4.12.2.tgz 1914ms (cache miss)
3619 http fetch GET 200 https://registry.npmjs.org/@eslint/eslintrc/-/eslintrc-3.3.5.tgz 1914ms (cache miss)
3620 http fetch GET 200 https://registry.npmjs.org/undici-types/-/undici-types-6.21.0.tgz 1913ms (cache miss)
3621 http fetch GET 200 https://registry.npmjs.org/graceful-fs/-/graceful-fs-4.2.11.tgz 1916ms (cache miss)
3622 http fetch GET 200 https://registry.npmjs.org/@eslint/config-array/-/config-array-0.21.2.tgz 1929ms (cache miss)
3623 http fetch GET 200 https://registry.npmjs.org/@jridgewell/resolve-uri/-/resolve-uri-3.1.2.tgz 1932ms (cache miss)
3624 http fetch GET 200 https://registry.npmjs.org/csstype/-/csstype-3.2.3.tgz 1934ms (cache miss)
3625 http fetch GET 200 https://registry.npmjs.org/@humanfs/node/-/node-0.16.7.tgz 1936ms (cache miss)
3626 http fetch GET 200 https://registry.npmjs.org/@eslint-community/eslint-utils/-/eslint-utils-4.9.1.tgz 1939ms (cache miss)
3627 http fetch GET 200 https://registry.npmjs.org/@jridgewell/trace-mapping/-/trace-mapping-0.3.31.tgz 1953ms (cache miss)
3628 http fetch GET 200 https://registry.npmjs.org/source-map-js/-/source-map-js-1.2.1.tgz 1958ms (cache miss)
3629 http fetch GET 200 https://registry.npmjs.org/magic-string/-/magic-string-0.30.21.tgz 1960ms (cache miss)
3630 http fetch GET 200 https://registry.npmjs.org/@jridgewell/gen-mapping/-/gen-mapping-0.3.13.tgz 1966ms (cache miss)
3631 http fetch GET 200 https://registry.npmjs.org/@jridgewell/sourcemap-codec/-/sourcemap-codec-1.5.5.tgz 1980ms (cache miss)
3632 http fetch GET 200 https://registry.npmjs.org/enhanced-resolve/-/enhanced-resolve-5.20.0.tgz 1995ms (cache miss)
3633 http fetch GET 200 https://registry.npmjs.org/lightningcss/-/lightningcss-1.31.1.tgz 1999ms (cache miss)
3634 http fetch GET 200 https://registry.npmjs.org/@alloc/quick-lru/-/quick-lru-5.2.0.tgz 2012ms (cache miss)
3635 http fetch GET 200 https://registry.npmjs.org/tapable/-/tapable-2.3.0.tgz 2015ms (cache miss)
3636 http fetch GET 200 https://registry.npmjs.org/@next/swc-darwin-arm64/-/swc-darwin-arm64-16.1.6.tgz 2036ms (cache miss)
3637 http fetch GET 200 https://registry.npmjs.org/eslint-config-next/-/eslint-config-next-16.1.6.tgz 2020ms (cache miss)
3638 http fetch GET 200 https://registry.npmjs.org/@jridgewell/remapping/-/remapping-2.3.5.tgz 2021ms (cache miss)
3639 http fetch GET 200 https://registry.npmjs.org/@tailwindcss/oxide/-/oxide-4.2.1.tgz 2022ms (cache miss)
3640 http fetch GET 200 https://registry.npmjs.org/postcss/-/postcss-8.5.8.tgz 2030ms (cache miss)
3641 http fetch GET 200 https://registry.npmjs.org/jiti/-/jiti-2.6.1.tgz 2033ms (cache miss)
3642 http fetch GET 200 https://registry.npmjs.org/react/-/react-19.2.3.tgz 2033ms (cache miss)
3643 http fetch GET 200 https://registry.npmjs.org/tailwindcss/-/tailwindcss-4.2.1.tgz 2039ms (cache miss)
3644 http fetch GET 200 https://registry.npmjs.org/@types/react-dom/-/react-dom-19.2.3.tgz 2051ms (cache miss)
3645 http fetch GET 200 https://registry.npmjs.org/@types/react/-/react-19.2.14.tgz 2071ms (cache miss)
3646 http fetch GET 200 https://registry.npmjs.org/es-abstract/-/es-abstract-1.24.1.tgz 2088ms (cache miss)
3647 http fetch GET 200 https://registry.npmjs.org/eslint-visitor-keys/-/eslint-visitor-keys-5.0.1.tgz 2084ms (cache miss)
3648 http fetch GET 200 https://registry.npmjs.org/brace-expansion/-/brace-expansion-5.0.4.tgz 2089ms (cache miss)
3649 http fetch GET 200 https://registry.npmjs.org/@tailwindcss/postcss/-/postcss-4.2.1.tgz 2093ms (cache miss)
3650 http fetch GET 200 https://registry.npmjs.org/semver/-/semver-7.7.4.tgz 2102ms (cache miss)
3651 http fetch GET 200 https://registry.npmjs.org/minimatch/-/minimatch-10.2.4.tgz 2119ms (cache miss)
3652 http fetch GET 200 https://registry.npmjs.org/picomatch/-/picomatch-4.0.3.tgz 2171ms (cache miss)
3653 http fetch GET 200 https://registry.npmjs.org/json5/-/json5-1.0.2.tgz 2175ms (cache miss)
3654 http fetch GET 200 https://registry.npmjs.org/@tailwindcss/oxide-darwin-arm64/-/oxide-darwin-arm64-4.2.1.tgz 2180ms (cache miss)
3655 http fetch GET 200 https://registry.npmjs.org/semver/-/semver-7.7.4.tgz 2186ms (cache miss)
3656 http fetch GET 200 https://registry.npmjs.org/glob-parent/-/glob-parent-5.1.2.tgz 2215ms (cache miss)
3657 http fetch GET 200 https://registry.npmjs.org/ignore/-/ignore-7.0.5.tgz 2239ms (cache miss)
3658 http fetch GET 200 https://registry.npmjs.org/balanced-match/-/balanced-match-4.0.4.tgz 2243ms (cache miss)
3659 http fetch GET 200 https://registry.npmjs.org/fdir/-/fdir-6.5.0.tgz 2248ms (cache miss)
3660 http fetch GET 200 https://registry.npmjs.org/eslint-visitor-keys/-/eslint-visitor-keys-3.4.3.tgz 2253ms (cache miss)
3661 http fetch GET 200 https://registry.npmjs.org/semver/-/semver-7.7.4.tgz 2254ms (cache miss)
3662 http fetch GET 200 https://registry.npmjs.org/resolve/-/resolve-2.0.0-next.6.tgz 2257ms (cache miss)
3663 http fetch GET 200 https://registry.npmjs.org/postcss/-/postcss-8.4.31.tgz 2243ms (cache miss)
3664 http fetch GET 200 https://registry.npmjs.org/@types/node/-/node-20.19.37.tgz 2293ms (cache miss)
3665 http fetch GET 200 https://registry.npmjs.org/globals/-/globals-16.4.0.tgz 2272ms (cache miss)
3666 http fetch GET 200 https://registry.npmjs.org/eslint/-/eslint-9.39.4.tgz 2351ms (cache miss)
3667 http fetch GET 200 https://registry.npmjs.org/debug/-/debug-3.2.7.tgz 2408ms (cache miss)
3668 http fetch GET 200 https://registry.npmjs.org/debug/-/debug-3.2.7.tgz 2408ms (cache miss)
3669 http fetch GET 200 https://registry.npmjs.org/debug/-/debug-3.2.7.tgz 2408ms (cache miss)
3670 http fetch GET 200 https://registry.npmjs.org/typescript/-/typescript-5.9.3.tgz 2435ms (cache miss)
3671 http fetch GET 200 https://registry.npmjs.org/@tailwindcss/node/-/node-4.2.1.tgz 2470ms (cache miss)
3672 http fetch GET 200 https://registry.npmjs.org/react-dom/-/react-dom-19.2.3.tgz 2645ms (cache miss)
3673 http fetch GET 200 https://registry.npmjs.org/next/-/next-16.1.6.tgz 3940ms (cache miss)
3674 info run sharp@0.34.5 install node_modules/sharp node install/check.js || npm run build
3675 info run sharp@0.34.5 install { code: 0, signal: null }
3676 info run unrs-resolver@1.11.1 postinstall node_modules/unrs-resolver napi-postinstall unrs-resolver 1.11.1 check
3677 info run unrs-resolver@1.11.1 postinstall { code: 0, signal: null }
3678 silly ADD node_modules/node-exports-info
3679 silly ADD node_modules/is-weakset
3680 silly ADD node_modules/is-weakmap
3681 silly ADD node_modules/is-map
3682 silly ADD node_modules/generator-function
3683 silly ADD node_modules/async-function
3684 silly ADD node_modules/which-collection
3685 silly ADD node_modules/is-generator-function
3686 silly ADD node_modules/is-finalizationregistry
3687 silly ADD node_modules/is-async-function
3688 silly ADD node_modules/is-number-object
3689 silly ADD node_modules/is-boolean-object
3690 silly ADD node_modules/is-bigint
3691 silly ADD node_modules/isexe
3692 silly ADD node_modules/punycode
3693 silly ADD node_modules/escalade
3694 silly ADD node_modules/@emnapi/wasi-threads
3695 silly ADD node_modules/@tybys/wasm-util
3696 silly ADD node_modules/@emnapi/core
3697 silly ADD node_modules/@napi-rs/wasm-runtime
3698 silly ADD node_modules/napi-postinstall
3699 silly ADD
3700 silly ADD
3701 silly ADD
3702 silly ADD
3703 silly ADD
3704 silly ADD
3705 silly ADD
3706 silly ADD
3707 silly ADD
3708 silly ADD
3709 silly ADD
3710 silly ADD
3711 silly ADD
3712 silly ADD
3713 silly ADD
3714 silly ADD
3715 silly ADD node_modules/@unrs/resolver-binding-darwin-arm64
3716 silly ADD
3717 silly ADD
3718 silly ADD node_modules/which-boxed-primitive
3719 silly ADD node_modules/has-bigints
3720 silly ADD node_modules/@typescript-eslint/tsconfig-utils
3721 silly ADD node_modules/@typescript-eslint/project-service
3722 silly ADD node_modules/@typescript-eslint/types
3723 silly ADD node_modules/ts-api-utils
3724 silly ADD node_modules/@typescript-eslint/visitor-keys
3725 silly ADD node_modules/@typescript-eslint/visitor-keys/node_modules/eslint-visitor-keys
3726 silly ADD node_modules/@typescript-eslint/type-utils
3727 silly ADD node_modules/@typescript-eslint/scope-manager
3728 silly ADD node_modules/@typescript-eslint/utils
3729 silly ADD node_modules/@typescript-eslint/typescript-estree
3730 silly ADD node_modules/@typescript-eslint/typescript-estree/node_modules/balanced-match
3731 silly ADD node_modules/@typescript-eslint/typescript-estree/node_modules/brace-expansion
3732 silly ADD node_modules/@typescript-eslint/typescript-estree/node_modules/semver
3733 silly ADD node_modules/@typescript-eslint/typescript-estree/node_modules/minimatch
3734 silly ADD node_modules/@typescript-eslint/parser
3735 silly ADD node_modules/@typescript-eslint/eslint-plugin
3736 silly ADD node_modules/@typescript-eslint/eslint-plugin/node_modules/ignore
3737 silly ADD node_modules/which-builtin-type
3738 silly ADD node_modules/reflect.getprototypeof
3739 silly ADD node_modules/for-each
3740 silly ADD node_modules/strip-bom
3741 silly ADD node_modules/minimist
3742 silly ADD node_modules/@types/json5
3743 silly ADD node_modules/is-number
3744 silly ADD node_modules/has-flag
3745 silly ADD node_modules/client-only
3746 silly ADD node_modules/side-channel-weakmap
3747 silly ADD node_modules/side-channel-map
3748 silly ADD node_modules/side-channel-list
3749 silly ADD node_modules/shebang-regex
3750 silly ADD node_modules/@emnapi/runtime
3751 silly ADD
3752 silly ADD
3753 silly ADD
3754 silly ADD
3755 silly ADD
3756 silly ADD
3757 silly ADD
3758 silly ADD
3759 silly ADD
3760 silly ADD
3761 silly ADD
3762 silly ADD
3763 silly ADD
3764 silly ADD
3765 silly ADD
3766 silly ADD
3767 silly ADD
3768 silly ADD
3769 silly ADD
3770 silly ADD
3771 silly ADD
3772 silly ADD node_modules/@img/sharp-libvips-darwin-arm64
3773 silly ADD
3774 silly ADD node_modules/@img/sharp-darwin-arm64
3775 silly ADD node_modules/@img/colour
3776 silly ADD node_modules/isarray
3777 silly ADD node_modules/queue-microtask
3778 silly ADD node_modules/supports-preserve-symlinks-flag
3779 silly ADD node_modules/path-parse
3780 silly ADD node_modules/scheduler
3781 silly ADD node_modules/react-is
3782 silly ADD node_modules/object-assign
3783 silly ADD node_modules/loose-envify
3784 silly ADD node_modules/nanoid
3785 silly ADD node_modules/callsites
3786 silly ADD node_modules/yocto-queue
3787 silly ADD node_modules/p-limit
3788 silly ADD node_modules/word-wrap
3789 silly ADD node_modules/fast-levenshtein
3790 silly ADD node_modules/deep-is
3791 silly ADD node_modules/tslib
3792 silly ADD node_modules/styled-jsx
3793 silly ADD node_modules/sharp
3794 silly ADD node_modules/sharp/node_modules/semver
3795 silly ADD node_modules/@swc/helpers
3796 silly ADD
3797 silly ADD
3798 silly ADD
3799 silly ADD
3800 silly ADD
3801 silly ADD
3802 silly ADD
3803 silly ADD node_modules/@next/swc-darwin-arm64
3804 silly ADD node_modules/@next/env
3805 silly ADD node_modules/concat-map
3806 silly ADD node_modules/balanced-match
3807 silly ADD node_modules/brace-expansion
3808 silly ADD node_modules/to-regex-range
3809 silly ADD node_modules/fill-range
3810 silly ADD node_modules/picomatch
3811 silly ADD node_modules/braces
3812 silly ADD node_modules/yallist
3813 silly ADD node_modules/p-locate
3814 silly ADD
3815 silly ADD
3816 silly ADD
3817 silly ADD
3818 silly ADD
3819 silly ADD
3820 silly ADD
3821 silly ADD
3822 silly ADD
3823 silly ADD node_modules/lightningcss-darwin-arm64
3824 silly ADD
3825 silly ADD node_modules/detect-libc
3826 silly ADD node_modules/type-check
3827 silly ADD node_modules/prelude-ls
3828 silly ADD node_modules/language-subtag-registry
3829 silly ADD node_modules/json-buffer
3830 silly ADD node_modules/argparse
3831 silly ADD node_modules/set-function-name
3832 silly ADD node_modules/is-extglob
3833 silly ADD node_modules/side-channel
3834 silly ADD node_modules/resolve-from
3835 silly ADD node_modules/parent-module
3836 silly ADD node_modules/hermes-estree
3837 silly ADD node_modules/resolve-pkg-maps
3838 silly ADD node_modules/dunder-proto
3839 silly ADD node_modules/functions-have-names
3840 silly ADD node_modules/keyv
3841 silly ADD node_modules/flatted
3842 silly ADD node_modules/path-exists
3843 silly ADD node_modules/locate-path
3844 silly ADD node_modules/flat-cache
3845 silly ADD node_modules/reusify
3846 silly ADD node_modules/run-parallel
3847 silly ADD node_modules/fastq
3848 silly ADD node_modules/@nodelib/fs.scandir
3849 silly ADD node_modules/micromatch
3850 silly ADD node_modules/merge2
3851 silly ADD node_modules/@nodelib/fs.walk
3852 silly ADD node_modules/@nodelib/fs.stat
3853 silly ADD node_modules/acorn-jsx
3854 silly ADD node_modules/acorn
3855 silly ADD node_modules/esrecurse
3856 silly ADD node_modules/update-browserslist-db
3857 silly ADD node_modules/node-releases
3858 silly ADD node_modules/electron-to-chromium
3859 silly ADD node_modules/caniuse-lite
3860 silly ADD node_modules/baseline-browser-mapping
3861 silly ADD node_modules/@babel/helper-string-parser
3862 silly ADD node_modules/@babel/helper-globals
3863 silly ADD node_modules/@babel/helper-module-imports
3864 silly ADD node_modules/lru-cache
3865 silly ADD node_modules/browserslist
3866 silly ADD node_modules/@babel/helper-validator-option
3867 silly ADD node_modules/@babel/compat-data
3868 silly ADD node_modules/jsesc
3869 silly ADD node_modules/picocolors
3870 silly ADD node_modules/js-tokens
3871 silly ADD node_modules/@babel/helper-validator-identifier
3872 silly ADD node_modules/json5
3873 silly ADD node_modules/gensync
3874 silly ADD node_modules/convert-source-map
3875 silly ADD node_modules/@babel/types
3876 silly ADD node_modules/@babel/traverse
3877 silly ADD node_modules/@babel/template
3878 silly ADD node_modules/@babel/helpers
3879 silly ADD node_modules/@babel/helper-module-transforms
3880 silly ADD node_modules/@babel/helper-compilation-targets
3881 silly ADD node_modules/@babel/generator
3882 silly ADD node_modules/@babel/code-frame
3883 silly ADD node_modules/zod-validation-error
3884 silly ADD node_modules/zod
3885 silly ADD node_modules/hermes-parser
3886 silly ADD node_modules/@babel/parser
3887 silly ADD node_modules/@babel/core
3888 silly ADD node_modules/iterator.prototype
3889 silly ADD node_modules/string.prototype.repeat
3890 silly ADD node_modules/string.prototype.matchall
3891 silly ADD node_modules/prop-types
3892 silly ADD node_modules/object.entries
3893 silly ADD node_modules/estraverse
3894 silly ADD node_modules/es-iterator-helpers
3895 silly ADD node_modules/array.prototype.tosorted
3896 silly ADD node_modules/array.prototype.findlast
3897 silly ADD node_modules/string.prototype.includes
3898 silly ADD node_modules/language-tags
3899 silly ADD node_modules/jsx-ast-utils
3900 silly ADD node_modules/emoji-regex
3901 silly ADD node_modules/damerau-levenshtein
3902 silly ADD node_modules/axobject-query
3903 silly ADD node_modules/axe-core
3904 silly ADD node_modules/ast-types-flow
3905 silly ADD node_modules/aria-query
3906 silly ADD node_modules/is-symbol
3907 silly ADD node_modules/is-date-object
3908 silly ADD node_modules/has-tostringtag
3909 silly ADD node_modules/possible-typed-array-names
3910 silly ADD node_modules/which-typed-array
3911 silly ADD node_modules/unbox-primitive
3912 silly ADD node_modules/typed-array-length
3913 silly ADD node_modules/typed-array-byte-offset
3914 silly ADD node_modules/typed-array-byte-length
3915 silly ADD node_modules/typed-array-buffer
3916 silly ADD node_modules/string.prototype.trimstart
3917 silly ADD node_modules/string.prototype.trim
3918 silly ADD node_modules/stop-iteration-iterator
3919 silly ADD node_modules/set-proto
3920 silly ADD node_modules/safe-regex-test
3921 silly ADD node_modules/safe-push-apply
3922 silly ADD node_modules/safe-array-concat
3923 silly ADD node_modules/regexp.prototype.flags
3924 silly ADD node_modules/own-keys
3925 silly ADD node_modules/object.assign
3926 silly ADD node_modules/object-inspect
3927 silly ADD node_modules/is-weakref
3928 silly ADD node_modules/is-typed-array
3929 silly ADD node_modules/is-shared-array-buffer
3930 silly ADD node_modules/is-set
3931 silly ADD node_modules/is-regex
3932 silly ADD node_modules/is-negative-zero
3933 silly ADD node_modules/is-data-view
3934 silly ADD node_modules/is-callable
3935 silly ADD node_modules/is-array-buffer
3936 silly ADD node_modules/internal-slot
3937 silly ADD node_modules/has-symbols
3938 silly ADD node_modules/has-proto
3939 silly ADD node_modules/globalthis
3940 silly ADD node_modules/get-symbol-description
3941 silly ADD node_modules/get-proto
3942 silly ADD node_modules/function.prototype.name
3943 silly ADD node_modules/es-to-primitive
3944 silly ADD node_modules/es-set-tostringtag
3945 silly ADD node_modules/data-view-byte-offset
3946 silly ADD node_modules/data-view-byte-length
3947 silly ADD node_modules/data-view-buffer
3948 silly ADD node_modules/available-typed-arrays
3949 silly ADD node_modules/arraybuffer.prototype.slice
3950 silly ADD node_modules/array-buffer-byte-length
3951 silly ADD node_modules/gopd
3952 silly ADD node_modules/object-keys
3953 silly ADD node_modules/has-property-descriptors
3954 silly ADD node_modules/define-data-property
3955 silly ADD node_modules/function-bind
3956 silly ADD node_modules/set-function-length
3957 silly ADD node_modules/es-define-property
3958 silly ADD node_modules/call-bind-apply-helpers
3959 silly ADD node_modules/es-shim-unscopables
3960 silly ADD node_modules/es-errors
3961 silly ADD node_modules/math-intrinsics
3962 silly ADD node_modules/is-string
3963 silly ADD node_modules/get-intrinsic
3964 silly ADD node_modules/es-object-atoms
3965 silly ADD node_modules/es-abstract
3966 silly ADD node_modules/define-properties
3967 silly ADD node_modules/call-bound
3968 silly ADD node_modules/call-bind
3969 silly ADD node_modules/tsconfig-paths
3970 silly ADD node_modules/tsconfig-paths/node_modules/json5
3971 silly ADD node_modules/string.prototype.trimend
3972 silly ADD node_modules/semver
3973 silly ADD node_modules/object.values
3974 silly ADD node_modules/object.groupby
3975 silly ADD node_modules/object.fromentries
3976 silly ADD node_modules/hasown
3977 silly ADD node_modules/eslint-module-utils
3978 silly ADD node_modules/eslint-module-utils/node_modules/debug
3979 silly ADD node_modules/doctrine
3980 silly ADD node_modules/array.prototype.flatmap
3981 silly ADD node_modules/array.prototype.flat
3982 silly ADD node_modules/array.prototype.findlastindex
3983 silly ADD node_modules/array-includes
3984 silly ADD node_modules/@rtsao/scc
3985 silly ADD node_modules/unrs-resolver
3986 silly ADD node_modules/tinyglobby
3987 silly ADD node_modules/tinyglobby/node_modules/picomatch
3988 silly ADD node_modules/tinyglobby/node_modules/fdir
3989 silly ADD node_modules/stable-hash
3990 silly ADD node_modules/is-bun-module
3991 silly ADD node_modules/is-bun-module/node_modules/semver
3992 silly ADD node_modules/get-tsconfig
3993 silly ADD node_modules/@nolyfill/is-core-module
3994 silly ADD node_modules/resolve
3995 silly ADD node_modules/is-core-module
3996 silly ADD node_modules/fast-glob
3997 silly ADD node_modules/fast-glob/node_modules/glob-parent
3998 silly ADD node_modules/typescript-eslint
3999 silly ADD node_modules/eslint-plugin-react-hooks
4000 silly ADD node_modules/eslint-plugin-react
4001 silly ADD node_modules/eslint-plugin-react/node_modules/resolve
4002 silly ADD node_modules/eslint-plugin-jsx-a11y
4003 silly ADD node_modules/eslint-plugin-import
4004 silly ADD node_modules/eslint-plugin-import/node_modules/debug
4005 silly ADD node_modules/eslint-import-resolver-typescript
4006 silly ADD node_modules/eslint-import-resolver-node
4007 silly ADD node_modules/eslint-import-resolver-node/node_modules/debug
4008 silly ADD node_modules/@next/eslint-plugin-next
4009 silly ADD node_modules/ms
4010 silly ADD node_modules/which
4011 silly ADD node_modules/shebang-command
4012 silly ADD node_modules/path-key
4013 silly ADD node_modules/color-name
4014 silly ADD node_modules/color-convert
4015 silly ADD node_modules/supports-color
4016 silly ADD node_modules/ansi-styles
4017 silly ADD node_modules/uri-js
4018 silly ADD node_modules/json-schema-traverse
4019 silly ADD node_modules/fast-json-stable-stringify
4020 silly ADD node_modules/@humanfs/core
4021 silly ADD node_modules/levn
4022 silly ADD node_modules/strip-json-comments
4023 silly ADD node_modules/js-yaml
4024 silly ADD node_modules/import-fresh
4025 silly ADD node_modules/globals
4026 silly ADD node_modules/@types/json-schema
4027 silly ADD node_modules/@eslint/object-schema
4028 silly ADD node_modules/optionator
4029 silly ADD node_modules/natural-compare
4030 silly ADD node_modules/minimatch
4031 silly ADD node_modules/lodash.merge
4032 silly ADD node_modules/json-stable-stringify-without-jsonify
4033 silly ADD node_modules/is-glob
4034 silly ADD node_modules/imurmurhash
4035 silly ADD node_modules/ignore
4036 silly ADD node_modules/glob-parent
4037 silly ADD node_modules/find-up
4038 silly ADD node_modules/file-entry-cache
4039 silly ADD node_modules/fast-deep-equal
4040 silly ADD node_modules/esutils
4041 silly ADD node_modules/esquery
4042 silly ADD node_modules/espree
4043 silly ADD node_modules/eslint-visitor-keys
4044 silly ADD node_modules/eslint-scope
4045 silly ADD node_modules/escape-string-regexp
4046 silly ADD node_modules/debug
4047 silly ADD node_modules/cross-spawn
4048 silly ADD node_modules/chalk
4049 silly ADD node_modules/ajv
4050 silly ADD node_modules/@types/estree
4051 silly ADD node_modules/@humanwhocodes/retry
4052 silly ADD node_modules/@humanwhocodes/module-importer
4053 silly ADD node_modules/@humanfs/node
4054 silly ADD node_modules/@eslint/plugin-kit
4055 silly ADD node_modules/@eslint/js
4056 silly ADD node_modules/@eslint/eslintrc
4057 silly ADD node_modules/@eslint/core
4058 silly ADD node_modules/@eslint/config-helpers
4059 silly ADD node_modules/@eslint/config-array
4060 silly ADD node_modules/@eslint-community/regexpp
4061 silly ADD node_modules/@eslint-community/eslint-utils
4062 silly ADD node_modules/@eslint-community/eslint-utils/node_modules/eslint-visitor-keys
4063 silly ADD node_modules/tapable
4064 silly ADD node_modules/graceful-fs
4065 silly ADD node_modules/csstype
4066 silly ADD node_modules/undici-types
4067 silly ADD
4068 silly ADD
4069 silly ADD
4070 silly ADD
4071 silly ADD
4072 silly ADD
4073 silly ADD
4074 silly ADD
4075 silly ADD
4076 silly ADD
4077 silly ADD node_modules/@tailwindcss/oxide-darwin-arm64
4078 silly ADD
4079 silly ADD node_modules/@jridgewell/resolve-uri
4080 silly ADD node_modules/@jridgewell/sourcemap-codec
4081 silly ADD node_modules/@jridgewell/trace-mapping
4082 silly ADD node_modules/@jridgewell/gen-mapping
4083 silly ADD node_modules/source-map-js
4084 silly ADD node_modules/magic-string
4085 silly ADD node_modules/lightningcss
4086 silly ADD node_modules/jiti
4087 silly ADD node_modules/enhanced-resolve
4088 silly ADD node_modules/@jridgewell/remapping
4089 silly ADD node_modules/postcss
4090 silly ADD node_modules/@tailwindcss/oxide
4091 silly ADD node_modules/@tailwindcss/node
4092 silly ADD node_modules/@alloc/quick-lru
4093 silly ADD node_modules/typescript
4094 silly ADD node_modules/tailwindcss
4095 silly ADD node_modules/react-dom
4096 silly ADD node_modules/react
4097 silly ADD node_modules/next
4098 silly ADD node_modules/next/node_modules/postcss
4099 silly ADD node_modules/eslint-config-next
4100 silly ADD node_modules/eslint-config-next/node_modules/globals
4101 silly ADD node_modules/eslint
4102 silly ADD node_modules/@types/react-dom
4103 silly ADD node_modules/@types/react
4104 silly ADD node_modules/@types/node
4105 silly ADD node_modules/@tailwindcss/postcss
4106 verbose cwd /Users/davecarr/Desktop/Floral pos system/floravision
4107 verbose os Darwin 25.3.0
4108 verbose node v22.16.0
4109 verbose npm  v10.9.2
4110 notice
4110 notice New major version of npm available! 10.9.2 -> 11.11.1
4110 notice Changelog: https://github.com/npm/cli/releases/tag/v11.11.1
4110 notice To update run: npm install -g npm@11.11.1
4110 notice  { force: true, [Symbol(proc-log.meta)]: true }
4111 verbose exit 0
4112 info ok
